claim_id,split,class_label,variation,image_path,filename
CLM-2026-01427,train,Manual Review,v1,claim_cards/train/Manual Review/CLM-2026-01427_v1.png,CLM-2026-01427_v1.png
CLM-2026-01427,train,Manual Review,v2,claim_cards/train/Manual Review/CLM-2026-01427_v2.png,CLM-2026-01427_v2.png
CLM-2026-01075,train,Manual Review,v1,claim_cards/train/Manual Review/CLM-2026-01075_v1.png,CLM-2026-01075_v1.png
CLM-2026-01075,train,Manual Review,v2,claim_cards/train/Manual Review/CLM-2026-01075_v2.png,CLM-2026-01075_v2.png
CLM-2026-01402,train,Manual Review,v1,claim_cards/train/Manual Review/CLM-2026-01402_v1.png,CLM-2026-01402_v1.png
CLM-2026-01402,train,Manual Review,v2,claim_cards/train/Manual Review/CLM-2026-01402_v2.png,CLM-2026-01402_v2.png
CLM-2026-01366,train,Manual Review,v1,claim_cards/train/Manual Review/CLM-2026-01366_v1.png,CLM-2026-01366_v1.png
CLM-2026-01366,train,Manual Review,v2,claim_cards/train/Manual Review/CLM-2026-01366_v2.png,CLM-2026-01366_v2.png
CLM-2026-00596,train,Invalid Claim,v1,claim_cards/train/Invalid Claim/CLM-2026-00596_v1.png,CLM-2026-00596_v1.png
CLM-2026-00596,train,Invalid Claim,v2,claim_cards/train/Invalid Claim/CLM-2026-00596_v2.png,CLM-2026-00596_v2.png
CLM-2026-01302,train,Manual Review,v1,claim_cards/train/Manual Review/CLM-2026-01302_v1.png,CLM-2026-01302_v1.png
CLM-2026-01302,train,Manual Review,v2,claim_cards/train/Manual Review/CLM-2026-01302_v2.png,CLM-2026-01302_v2.png
CLM-2026-00514,train,Invalid Claim,v1,claim_cards/train/Invalid Claim/CLM-2026-00514_v1.png,CLM-2026-00514_v1.png
CLM-2026-00514,train,Invalid Claim,v2,claim_cards/train/Invalid Claim/CLM-2026-00514_v2.png,CLM-2026-00514_v2.png
CLM-2026-01031,train,Manual Review,v1,claim_cards/train/Manual Review/CLM-2026-01031_v1.png,CLM-2026-01031_v1.png
CLM-2026-01031,train,Manual Review,v2,claim_cards/train/Manual Review/CLM-2026-01031_v2.png,CLM-2026-01031_v2.png
CLM-2026-00524,train,Invalid Claim,v1,claim_cards/train/Invalid Claim/CLM-2026-00524_v1.png,CLM-2026-00524_v1.png
CLM-2026-00524,train,Invalid Claim,v2,claim_cards/train/Invalid Claim/CLM-2026-00524_v2.png,CLM-2026-00524_v2.png
CLM-2026-00023,train,Valid Claim,v1,claim_cards/train/Valid Claim/CLM-2026-00023_v1.png,CLM-2026-00023_v1.png
CLM-2026-00023,train,Valid Claim,v2,claim_cards/train/Valid Claim/CLM-2026-00023_v2.png,CLM-2026-00023_v2.png
CLM-2026-01314,train,Manual Review,v1,claim_cards/train/Manual Review/CLM-2026-01314_v1.png,CLM-2026-01314_v1.png
CLM-2026-01314,train,Manual Review,v2,claim_cards/train/Manual Review/CLM-2026-01314_v2.png,CLM-2026-01314_v2.png
CLM-2026-01176,train,Manual Review,v1,claim_cards/train/Manual Review/CLM-2026-01176_v1.png,CLM-2026-01176_v1.png
CLM-2026-01176,train,Manual Review,v2,claim_cards/train/Manual Review/CLM-2026-01176_v2.png,CLM-2026-01176_v2.png
CLM-2026-00547,train,Invalid Claim,v1,claim_cards/train/Invalid Claim/CLM-2026-00547_v1.png,CLM-2026-00547_v1.png
CLM-2026-00547,train,Invalid Claim,v2,claim_cards/train/Invalid Claim/CLM-2026-00547_v2.png,CLM-2026-00547_v2.png
CLM-2026-01321,train,Manual Review,v1,claim_cards/train/Manual Review/CLM-2026-01321_v1.png,CLM-2026-01321_v1.png
CLM-2026-01321,train,Manual Review,v2,claim_cards/train/Manual Review/CLM-2026-01321_v2.png,CLM-2026-01321_v2.png
CLM-2026-01037,train,Manual Review,v1,claim_cards/train/Manual Review/CLM-2026-01037_v1.png,CLM-2026-01037_v1.png
CLM-2026-01037,train,Manual Review,v2,claim_cards/train/Manual Review/CLM-2026-01037_v2.png,CLM-2026-01037_v2.png
CLM-2026-00381,train,Valid Claim,v1,claim_cards/train/Valid Claim/CLM-2026-00381_v1.png,CLM-2026-00381_v1.png
CLM-2026-00381,train,Valid Claim,v2,claim_cards/train/Valid Claim/CLM-2026-00381_v2.png,CLM-2026-00381_v2.png
CLM-2026-01262,train,Manual Review,v1,claim_cards/train/Manual Review/CLM-2026-01262_v1.png,CLM-2026-01262_v1.png
CLM-2026-01262,train,Manual Review,v2,claim_cards/train/Manual Review/CLM-2026-01262_v2.png,CLM-2026-01262_v2.png
CLM-2026-01201,train,Manual Review,v1,claim_cards/train/Manual Review/CLM-2026-01201_v1.png,CLM-2026-01201_v1.png
CLM-2026-01201,train,Manual Review,v2,claim_cards/train/Manual Review/CLM-2026-01201_v2.png,CLM-2026-01201_v2.png
CLM-2026-00398,train,Valid Claim,v1,claim_cards/train/Valid Claim/CLM-2026-00398_v1.png,CLM-2026-00398_v1.png
CLM-2026-00398,train,Valid Claim,v2,claim_cards/train/Valid Claim/CLM-2026-00398_v2.png,CLM-2026-00398_v2.png
CLM-2026-01365,train,Manual Review,v1,claim_cards/train/Manual Review/CLM-2026-01365_v1.png,CLM-2026-01365_v1.png
CLM-2026-01365,train,Manual Review,v2,claim_cards/train/Manual Review/CLM-2026-01365_v2.png,CLM-2026-01365_v2.png
CLM-2026-00774,train,Invalid Claim,v1,claim_cards/train/Invalid Claim/CLM-2026-00774_v1.png,CLM-2026-00774_v1.png
CLM-2026-00774,train,Invalid Claim,v2,claim_cards/train/Invalid Claim/CLM-2026-00774_v2.png,CLM-2026-00774_v2.png
CLM-2026-00214,train,Valid Claim,v1,claim_cards/train/Valid Claim/CLM-2026-00214_v1.png,CLM-2026-00214_v1.png
CLM-2026-00214,train,Valid Claim,v2,claim_cards/train/Valid Claim/CLM-2026-00214_v2.png,CLM-2026-00214_v2.png
CLM-2026-00153,train,Valid Claim,v1,claim_cards/train/Valid Claim/CLM-2026-00153_v1.png,CLM-2026-00153_v1.png
CLM-2026-00153,train,Valid Claim,v2,claim_cards/train/Valid Claim/CLM-2026-00153_v2.png,CLM-2026-00153_v2.png
CLM-2026-00364,train,Valid Claim,v1,claim_cards/train/Valid Claim/CLM-2026-00364_v1.png,CLM-2026-00364_v1.png
CLM-2026-00364,train,Valid Claim,v2,claim_cards/train/Valid Claim/CLM-2026-00364_v2.png,CLM-2026-00364_v2.png
CLM-2026-01070,train,Manual Review,v1,claim_cards/train/Manual Review/CLM-2026-01070_v1.png,CLM-2026-01070_v1.png
CLM-2026-01070,train,Manual Review,v2,claim_cards/train/Manual Review/CLM-2026-01070_v2.png,CLM-2026-01070_v2.png
CLM-2026-00844,train,Invalid Claim,v1,claim_cards/train/Invalid Claim/CLM-2026-00844_v1.png,CLM-2026-00844_v1.png
CLM-2026-00844,train,Invalid Claim,v2,claim_cards/train/Invalid Claim/CLM-2026-00844_v2.png,CLM-2026-00844_v2.png
CLM-2026-00516,train,Invalid Claim,v1,claim_cards/train/Invalid Claim/CLM-2026-00516_v1.png,CLM-2026-00516_v1.png
CLM-2026-00516,train,Invalid Claim,v2,claim_cards/train/Invalid Claim/CLM-2026-00516_v2.png,CLM-2026-00516_v2.png
CLM-2026-00690,train,Invalid Claim,v1,claim_cards/train/Invalid Claim/CLM-2026-00690_v1.png,CLM-2026-00690_v1.png
CLM-2026-00690,train,Invalid Claim,v2,claim_cards/train/Invalid Claim/CLM-2026-00690_v2.png,CLM-2026-00690_v2.png
CLM-2026-00820,train,Invalid Claim,v1,claim_cards/train/Invalid Claim/CLM-2026-00820_v1.png,CLM-2026-00820_v1.png
CLM-2026-00820,train,Invalid Claim,v2,claim_cards/train/Invalid Claim/CLM-2026-00820_v2.png,CLM-2026-00820_v2.png
CLM-2026-00795,train,Invalid Claim,v1,claim_cards/train/Invalid Claim/CLM-2026-00795_v1.png,CLM-2026-00795_v1.png
CLM-2026-00795,train,Invalid Claim,v2,claim_cards/train/Invalid Claim/CLM-2026-00795_v2.png,CLM-2026-00795_v2.png
CLM-2026-00782,train,Invalid Claim,v1,claim_cards/train/Invalid Claim/CLM-2026-00782_v1.png,CLM-2026-00782_v1.png
CLM-2026-00782,train,Invalid Claim,v2,claim_cards/train/Invalid Claim/CLM-2026-00782_v2.png,CLM-2026-00782_v2.png
CLM-2026-01073,train,Manual Review,v1,claim_cards/train/Manual Review/CLM-2026-01073_v1.png,CLM-2026-01073_v1.png
CLM-2026-01073,train,Manual Review,v2,claim_cards/train/Manual Review/CLM-2026-01073_v2.png,CLM-2026-01073_v2.png
CLM-2026-01091,train,Manual Review,v1,claim_cards/train/Manual Review/CLM-2026-01091_v1.png,CLM-2026-01091_v1.png
CLM-2026-01091,train,Manual Review,v2,claim_cards/train/Manual Review/CLM-2026-01091_v2.png,CLM-2026-01091_v2.png
CLM-2026-00161,train,Valid Claim,v1,claim_cards/train/Valid Claim/CLM-2026-00161_v1.png,CLM-2026-00161_v1.png
CLM-2026-00161,train,Valid Claim,v2,claim_cards/train/Valid Claim/CLM-2026-00161_v2.png,CLM-2026-00161_v2.png
CLM-2026-00642,train,Invalid Claim,v1,claim_cards/train/Invalid Claim/CLM-2026-00642_v1.png,CLM-2026-00642_v1.png
CLM-2026-00642,train,Invalid Claim,v2,claim_cards/train/Invalid Claim/CLM-2026-00642_v2.png,CLM-2026-00642_v2.png
CLM-2026-00494,train,Valid Claim,v1,claim_cards/train/Valid Claim/CLM-2026-00494_v1.png,CLM-2026-00494_v1.png
CLM-2026-00494,train,Valid Claim,v2,claim_cards/train/Valid Claim/CLM-2026-00494_v2.png,CLM-2026-00494_v2.png
CLM-2026-01449,train,Manual Review,v1,claim_cards/train/Manual Review/CLM-2026-01449_v1.png,CLM-2026-01449_v1.png
CLM-2026-01449,train,Manual Review,v2,claim_cards/train/Manual Review/CLM-2026-01449_v2.png,CLM-2026-01449_v2.png
CLM-2026-00835,train,Invalid Claim,v1,claim_cards/train/Invalid Claim/CLM-2026-00835_v1.png,CLM-2026-00835_v1.png
CLM-2026-00835,train,Invalid Claim,v2,claim_cards/train/Invalid Claim/CLM-2026-00835_v2.png,CLM-2026-00835_v2.png
CLM-2026-00373,train,Valid Claim,v1,claim_cards/train/Valid Claim/CLM-2026-00373_v1.png,CLM-2026-00373_v1.png
CLM-2026-00373,train,Valid Claim,v2,claim_cards/train/Valid Claim/CLM-2026-00373_v2.png,CLM-2026-00373_v2.png
CLM-2026-00864,train,Invalid Claim,v1,claim_cards/train/Invalid Claim/CLM-2026-00864_v1.png,CLM-2026-00864_v1.png
CLM-2026-00864,train,Invalid Claim,v2,claim_cards/train/Invalid Claim/CLM-2026-00864_v2.png,CLM-2026-00864_v2.png
CLM-2026-00366,train,Valid Claim,v1,claim_cards/train/Valid Claim/CLM-2026-00366_v1.png,CLM-2026-00366_v1.png
CLM-2026-00366,train,Valid Claim,v2,claim_cards/train/Valid Claim/CLM-2026-00366_v2.png,CLM-2026-00366_v2.png
CLM-2026-00202,train,Valid Claim,v1,claim_cards/train/Valid Claim/CLM-2026-00202_v1.png,CLM-2026-00202_v1.png
CLM-2026-00202,train,Valid Claim,v2,claim_cards/train/Valid Claim/CLM-2026-00202_v2.png,CLM-2026-00202_v2.png
CLM-2026-01468,train,Manual Review,v1,claim_cards/train/Manual Review/CLM-2026-01468_v1.png,CLM-2026-01468_v1.png
CLM-2026-01468,train,Manual Review,v2,claim_cards/train/Manual Review/CLM-2026-01468_v2.png,CLM-2026-01468_v2.png
CLM-2026-01044,train,Manual Review,v1,claim_cards/train/Manual Review/CLM-2026-01044_v1.png,CLM-2026-01044_v1.png
CLM-2026-01044,train,Manual Review,v2,claim_cards/train/Manual Review/CLM-2026-01044_v2.png,CLM-2026-01044_v2.png
CLM-2026-00949,train,Invalid Claim,v1,claim_cards/train/Invalid Claim/CLM-2026-00949_v1.png,CLM-2026-00949_v1.png
CLM-2026-00949,train,Invalid Claim,v2,claim_cards/train/Invalid Claim/CLM-2026-00949_v2.png,CLM-2026-00949_v2.png
CLM-2026-00928,train,Invalid Claim,v1,claim_cards/train/Invalid Claim/CLM-2026-00928_v1.png,CLM-2026-00928_v1.png
CLM-2026-00928,train,Invalid Claim,v2,claim_cards/train/Invalid Claim/CLM-2026-00928_v2.png,CLM-2026-00928_v2.png
CLM-2026-00550,train,Invalid Claim,v1,claim_cards/train/Invalid Claim/CLM-2026-00550_v1.png,CLM-2026-00550_v1.png
CLM-2026-00550,train,Invalid Claim,v2,claim_cards/train/Invalid Claim/CLM-2026-00550_v2.png,CLM-2026-00550_v2.png
CLM-2026-01407,train,Manual Review,v1,claim_cards/train/Manual Review/CLM-2026-01407_v1.png,CLM-2026-01407_v1.png
CLM-2026-01407,train,Manual Review,v2,claim_cards/train/Manual Review/CLM-2026-01407_v2.png,CLM-2026-01407_v2.png
CLM-2026-00212,train,Valid Claim,v1,claim_cards/train/Valid Claim/CLM-2026-00212_v1.png,CLM-2026-00212_v1.png
CLM-2026-00212,train,Valid Claim,v2,claim_cards/train/Valid Claim/CLM-2026-00212_v2.png,CLM-2026-00212_v2.png
CLM-2026-00342,train,Valid Claim,v1,claim_cards/train/Valid Claim/CLM-2026-00342_v1.png,CLM-2026-00342_v1.png
CLM-2026-00342,train,Valid Claim,v2,claim_cards/train/Valid Claim/CLM-2026-00342_v2.png,CLM-2026-00342_v2.png
CLM-2026-00439,train,Valid Claim,v1,claim_cards/train/Valid Claim/CLM-2026-00439_v1.png,CLM-2026-00439_v1.png
CLM-2026-00439,train,Valid Claim,v2,claim_cards/train/Valid Claim/CLM-2026-00439_v2.png,CLM-2026-00439_v2.png
CLM-2026-00590,train,Invalid Claim,v1,claim_cards/train/Invalid Claim/CLM-2026-00590_v1.png,CLM-2026-00590_v1.png
CLM-2026-00590,train,Invalid Claim,v2,claim_cards/train/Invalid Claim/CLM-2026-00590_v2.png,CLM-2026-00590_v2.png
CLM-2026-00139,train,Valid Claim,v1,claim_cards/train/Valid Claim/CLM-2026-00139_v1.png,CLM-2026-00139_v1.png
CLM-2026-00139,train,Valid Claim,v2,claim_cards/train/Valid Claim/CLM-2026-00139_v2.png,CLM-2026-00139_v2.png
CLM-2026-00375,train,Valid Claim,v1,claim_cards/train/Valid Claim/CLM-2026-00375_v1.png,CLM-2026-00375_v1.png
CLM-2026-00375,train,Valid Claim,v2,claim_cards/train/Valid Claim/CLM-2026-00375_v2.png,CLM-2026-00375_v2.png
CLM-2026-01485,train,Manual Review,v1,claim_cards/train/Manual Review/CLM-2026-01485_v1.png,CLM-2026-01485_v1.png
CLM-2026-01485,train,Manual Review,v2,claim_cards/train/Manual Review/CLM-2026-01485_v2.png,CLM-2026-01485_v2.png
CLM-2026-01384,train,Manual Review,v1,claim_cards/train/Manual Review/CLM-2026-01384_v1.png,CLM-2026-01384_v1.png
CLM-2026-01384,train,Manual Review,v2,claim_cards/train/Manual Review/CLM-2026-01384_v2.png,CLM-2026-01384_v2.png
CLM-2026-00931,train,Invalid Claim,v1,claim_cards/train/Invalid Claim/CLM-2026-00931_v1.png,CLM-2026-00931_v1.png
CLM-2026-00931,train,Invalid Claim,v2,claim_cards/train/Invalid Claim/CLM-2026-00931_v2.png,CLM-2026-00931_v2.png
CLM-2026-00513,train,Invalid Claim,v1,claim_cards/train/Invalid Claim/CLM-2026-00513_v1.png,CLM-2026-00513_v1.png
CLM-2026-00513,train,Invalid Claim,v2,claim_cards/train/Invalid Claim/CLM-2026-00513_v2.png,CLM-2026-00513_v2.png
CLM-2026-01401,train,Manual Review,v1,claim_cards/train/Manual Review/CLM-2026-01401_v1.png,CLM-2026-01401_v1.png
CLM-2026-01401,train,Manual Review,v2,claim_cards/train/Manual Review/CLM-2026-01401_v2.png,CLM-2026-01401_v2.png
CLM-2026-00084,train,Valid Claim,v1,claim_cards/train/Valid Claim/CLM-2026-00084_v1.png,CLM-2026-00084_v1.png
CLM-2026-00084,train,Valid Claim,v2,claim_cards/train/Valid Claim/CLM-2026-00084_v2.png,CLM-2026-00084_v2.png
CLM-2026-00181,train,Valid Claim,v1,claim_cards/train/Valid Claim/CLM-2026-00181_v1.png,CLM-2026-00181_v1.png
CLM-2026-00181,train,Valid Claim,v2,claim_cards/train/Valid Claim/CLM-2026-00181_v2.png,CLM-2026-00181_v2.png
CLM-2026-01029,train,Manual Review,v1,claim_cards/train/Manual Review/CLM-2026-01029_v1.png,CLM-2026-01029_v1.png
CLM-2026-01029,train,Manual Review,v2,claim_cards/train/Manual Review/CLM-2026-01029_v2.png,CLM-2026-01029_v2.png
CLM-2026-01034,train,Manual Review,v1,claim_cards/train/Manual Review/CLM-2026-01034_v1.png,CLM-2026-01034_v1.png
CLM-2026-01034,train,Manual Review,v2,claim_cards/train/Manual Review/CLM-2026-01034_v2.png,CLM-2026-01034_v2.png
CLM-2026-01303,train,Manual Review,v1,claim_cards/train/Manual Review/CLM-2026-01303_v1.png,CLM-2026-01303_v1.png
CLM-2026-01303,train,Manual Review,v2,claim_cards/train/Manual Review/CLM-2026-01303_v2.png,CLM-2026-01303_v2.png
CLM-2026-00622,train,Invalid Claim,v1,claim_cards/train/Invalid Claim/CLM-2026-00622_v1.png,CLM-2026-00622_v1.png
CLM-2026-00622,train,Invalid Claim,v2,claim_cards/train/Invalid Claim/CLM-2026-00622_v2.png,CLM-2026-00622_v2.png
CLM-2026-00003,train,Valid Claim,v1,claim_cards/train/Valid Claim/CLM-2026-00003_v1.png,CLM-2026-00003_v1.png
CLM-2026-00003,train,Valid Claim,v2,claim_cards/train/Valid Claim/CLM-2026-00003_v2.png,CLM-2026-00003_v2.png
CLM-2026-01142,train,Manual Review,v1,claim_cards/train/Manual Review/CLM-2026-01142_v1.png,CLM-2026-01142_v1.png
CLM-2026-01142,train,Manual Review,v2,claim_cards/train/Manual Review/CLM-2026-01142_v2.png,CLM-2026-01142_v2.png
CLM-2026-00479,train,Valid Claim,v1,claim_cards/train/Valid Claim/CLM-2026-00479_v1.png,CLM-2026-00479_v1.png
CLM-2026-00479,train,Valid Claim,v2,claim_cards/train/Valid Claim/CLM-2026-00479_v2.png,CLM-2026-00479_v2.png
CLM-2026-00358,train,Valid Claim,v1,claim_cards/train/Valid Claim/CLM-2026-00358_v1.png,CLM-2026-00358_v1.png
CLM-2026-00358,train,Valid Claim,v2,claim_cards/train/Valid Claim/CLM-2026-00358_v2.png,CLM-2026-00358_v2.png
CLM-2026-01211,train,Manual Review,v1,claim_cards/train/Manual Review/CLM-2026-01211_v1.png,CLM-2026-01211_v1.png
CLM-2026-01211,train,Manual Review,v2,claim_cards/train/Manual Review/CLM-2026-01211_v2.png,CLM-2026-01211_v2.png
CLM-2026-01202,train,Manual Review,v1,claim_cards/train/Manual Review/CLM-2026-01202_v1.png,CLM-2026-01202_v1.png
CLM-2026-01202,train,Manual Review,v2,claim_cards/train/Manual Review/CLM-2026-01202_v2.png,CLM-2026-01202_v2.png
CLM-2026-00282,train,Valid Claim,v1,claim_cards/train/Valid Claim/CLM-2026-00282_v1.png,CLM-2026-00282_v1.png
CLM-2026-00282,train,Valid Claim,v2,claim_cards/train/Valid Claim/CLM-2026-00282_v2.png,CLM-2026-00282_v2.png
CLM-2026-01397,train,Manual Review,v1,claim_cards/train/Manual Review/CLM-2026-01397_v1.png,CLM-2026-01397_v1.png
CLM-2026-01397,train,Manual Review,v2,claim_cards/train/Manual Review/CLM-2026-01397_v2.png,CLM-2026-01397_v2.png
CLM-2026-00287,train,Valid Claim,v1,claim_cards/train/Valid Claim/CLM-2026-00287_v1.png,CLM-2026-00287_v1.png
CLM-2026-00287,train,Valid Claim,v2,claim_cards/train/Valid Claim/CLM-2026-00287_v2.png,CLM-2026-00287_v2.png
CLM-2026-01332,train,Manual Review,v1,claim_cards/train/Manual Review/CLM-2026-01332_v1.png,CLM-2026-01332_v1.png
CLM-2026-01332,train,Manual Review,v2,claim_cards/train/Manual Review/CLM-2026-01332_v2.png,CLM-2026-01332_v2.png
CLM-2026-00927,train,Invalid Claim,v1,claim_cards/train/Invalid Claim/CLM-2026-00927_v1.png,CLM-2026-00927_v1.png
CLM-2026-00927,train,Invalid Claim,v2,claim_cards/train/Invalid Claim/CLM-2026-00927_v2.png,CLM-2026-00927_v2.png
CLM-2026-00112,train,Valid Claim,v1,claim_cards/train/Valid Claim/CLM-2026-00112_v1.png,CLM-2026-00112_v1.png
CLM-2026-00112,train,Valid Claim,v2,claim_cards/train/Valid Claim/CLM-2026-00112_v2.png,CLM-2026-00112_v2.png
CLM-2026-00943,train,Invalid Claim,v1,claim_cards/train/Invalid Claim/CLM-2026-00943_v1.png,CLM-2026-00943_v1.png
CLM-2026-00943,train,Invalid Claim,v2,claim_cards/train/Invalid Claim/CLM-2026-00943_v2.png,CLM-2026-00943_v2.png
CLM-2026-00170,train,Valid Claim,v1,claim_cards/train/Valid Claim/CLM-2026-00170_v1.png,CLM-2026-00170_v1.png
CLM-2026-00170,train,Valid Claim,v2,claim_cards/train/Valid Claim/CLM-2026-00170_v2.png,CLM-2026-00170_v2.png
CLM-2026-01025,train,Manual Review,v1,claim_cards/train/Manual Review/CLM-2026-01025_v1.png,CLM-2026-01025_v1.png
CLM-2026-01025,train,Manual Review,v2,claim_cards/train/Manual Review/CLM-2026-01025_v2.png,CLM-2026-01025_v2.png
CLM-2026-00946,train,Invalid Claim,v1,claim_cards/train/Invalid Claim/CLM-2026-00946_v1.png,CLM-2026-00946_v1.png
CLM-2026-00946,train,Invalid Claim,v2,claim_cards/train/Invalid Claim/CLM-2026-00946_v2.png,CLM-2026-00946_v2.png
CLM-2026-00258,train,Valid Claim,v1,claim_cards/train/Valid Claim/CLM-2026-00258_v1.png,CLM-2026-00258_v1.png
CLM-2026-00258,train,Valid Claim,v2,claim_cards/train/Valid Claim/CLM-2026-00258_v2.png,CLM-2026-00258_v2.png
CLM-2026-01004,train,Manual Review,v1,claim_cards/train/Manual Review/CLM-2026-01004_v1.png,CLM-2026-01004_v1.png
CLM-2026-01004,train,Manual Review,v2,claim_cards/train/Manual Review/CLM-2026-01004_v2.png,CLM-2026-01004_v2.png
CLM-2026-00852,train,Invalid Claim,v1,claim_cards/train/Invalid Claim/CLM-2026-00852_v1.png,CLM-2026-00852_v1.png
CLM-2026-00852,train,Invalid Claim,v2,claim_cards/train/Invalid Claim/CLM-2026-00852_v2.png,CLM-2026-00852_v2.png
CLM-2026-01461,train,Manual Review,v1,claim_cards/train/Manual Review/CLM-2026-01461_v1.png,CLM-2026-01461_v1.png
CLM-2026-01461,train,Manual Review,v2,claim_cards/train/Manual Review/CLM-2026-01461_v2.png,CLM-2026-01461_v2.png
CLM-2026-00962,train,Invalid Claim,v1,claim_cards/train/Invalid Claim/CLM-2026-00962_v1.png,CLM-2026-00962_v1.png
CLM-2026-00962,train,Invalid Claim,v2,claim_cards/train/Invalid Claim/CLM-2026-00962_v2.png,CLM-2026-00962_v2.png
CLM-2026-00113,train,Valid Claim,v1,claim_cards/train/Valid Claim/CLM-2026-00113_v1.png,CLM-2026-00113_v1.png
CLM-2026-00113,train,Valid Claim,v2,claim_cards/train/Valid Claim/CLM-2026-00113_v2.png,CLM-2026-00113_v2.png
CLM-2026-00499,train,Valid Claim,v1,claim_cards/train/Valid Claim/CLM-2026-00499_v1.png,CLM-2026-00499_v1.png
CLM-2026-00499,train,Valid Claim,v2,claim_cards/train/Valid Claim/CLM-2026-00499_v2.png,CLM-2026-00499_v2.png
CLM-2026-00508,train,Invalid Claim,v1,claim_cards/train/Invalid Claim/CLM-2026-00508_v1.png,CLM-2026-00508_v1.png
CLM-2026-00508,train,Invalid Claim,v2,claim_cards/train/Invalid Claim/CLM-2026-00508_v2.png,CLM-2026-00508_v2.png
CLM-2026-00539,train,Invalid Claim,v1,claim_cards/train/Invalid Claim/CLM-2026-00539_v1.png,CLM-2026-00539_v1.png
CLM-2026-00539,train,Invalid Claim,v2,claim_cards/train/Invalid Claim/CLM-2026-00539_v2.png,CLM-2026-00539_v2.png
CLM-2026-00871,train,Invalid Claim,v1,claim_cards/train/Invalid Claim/CLM-2026-00871_v1.png,CLM-2026-00871_v1.png
CLM-2026-00871,train,Invalid Claim,v2,claim_cards/train/Invalid Claim/CLM-2026-00871_v2.png,CLM-2026-00871_v2.png
CLM-2026-00130,train,Valid Claim,v1,claim_cards/train/Valid Claim/CLM-2026-00130_v1.png,CLM-2026-00130_v1.png
CLM-2026-00130,train,Valid Claim,v2,claim_cards/train/Valid Claim/CLM-2026-00130_v2.png,CLM-2026-00130_v2.png
CLM-2026-00548,train,Invalid Claim,v1,claim_cards/train/Invalid Claim/CLM-2026-00548_v1.png,CLM-2026-00548_v1.png
CLM-2026-00548,train,Invalid Claim,v2,claim_cards/train/Invalid Claim/CLM-2026-00548_v2.png,CLM-2026-00548_v2.png
CLM-2026-00776,train,Invalid Claim,v1,claim_cards/train/Invalid Claim/CLM-2026-00776_v1.png,CLM-2026-00776_v1.png
CLM-2026-00776,train,Invalid Claim,v2,claim_cards/train/Invalid Claim/CLM-2026-00776_v2.png,CLM-2026-00776_v2.png
CLM-2026-01333,train,Manual Review,v1,claim_cards/train/Manual Review/CLM-2026-01333_v1.png,CLM-2026-01333_v1.png
CLM-2026-01333,train,Manual Review,v2,claim_cards/train/Manual Review/CLM-2026-01333_v2.png,CLM-2026-01333_v2.png
CLM-2026-00185,train,Valid Claim,v1,claim_cards/train/Valid Claim/CLM-2026-00185_v1.png,CLM-2026-00185_v1.png
CLM-2026-00185,train,Valid Claim,v2,claim_cards/train/Valid Claim/CLM-2026-00185_v2.png,CLM-2026-00185_v2.png
CLM-2026-00401,train,Valid Claim,v1,claim_cards/train/Valid Claim/CLM-2026-00401_v1.png,CLM-2026-00401_v1.png
CLM-2026-00401,train,Valid Claim,v2,claim_cards/train/Valid Claim/CLM-2026-00401_v2.png,CLM-2026-00401_v2.png
CLM-2026-01300,train,Manual Review,v1,claim_cards/train/Manual Review/CLM-2026-01300_v1.png,CLM-2026-01300_v1.png
CLM-2026-01300,train,Manual Review,v2,claim_cards/train/Manual Review/CLM-2026-01300_v2.png,CLM-2026-01300_v2.png
CLM-2026-00784,train,Invalid Claim,v1,claim_cards/train/Invalid Claim/CLM-2026-00784_v1.png,CLM-2026-00784_v1.png
CLM-2026-00784,train,Invalid Claim,v2,claim_cards/train/Invalid Claim/CLM-2026-00784_v2.png,CLM-2026-00784_v2.png
CLM-2026-01444,train,Manual Review,v1,claim_cards/train/Manual Review/CLM-2026-01444_v1.png,CLM-2026-01444_v1.png
CLM-2026-01444,train,Manual Review,v2,claim_cards/train/Manual Review/CLM-2026-01444_v2.png,CLM-2026-01444_v2.png
CLM-2026-00571,train,Invalid Claim,v1,claim_cards/train/Invalid Claim/CLM-2026-00571_v1.png,CLM-2026-00571_v1.png
CLM-2026-00571,train,Invalid Claim,v2,claim_cards/train/Invalid Claim/CLM-2026-00571_v2.png,CLM-2026-00571_v2.png
CLM-2026-00730,train,Invalid Claim,v1,claim_cards/train/Invalid Claim/CLM-2026-00730_v1.png,CLM-2026-00730_v1.png
CLM-2026-00730,train,Invalid Claim,v2,claim_cards/train/Invalid Claim/CLM-2026-00730_v2.png,CLM-2026-00730_v2.png
CLM-2026-01225,train,Manual Review,v1,claim_cards/train/Manual Review/CLM-2026-01225_v1.png,CLM-2026-01225_v1.png
CLM-2026-01225,train,Manual Review,v2,claim_cards/train/Manual Review/CLM-2026-01225_v2.png,CLM-2026-01225_v2.png
CLM-2026-01257,train,Manual Review,v1,claim_cards/train/Manual Review/CLM-2026-01257_v1.png,CLM-2026-01257_v1.png
CLM-2026-01257,train,Manual Review,v2,claim_cards/train/Manual Review/CLM-2026-01257_v2.png,CLM-2026-01257_v2.png
CLM-2026-00543,train,Invalid Claim,v1,claim_cards/train/Invalid Claim/CLM-2026-00543_v1.png,CLM-2026-00543_v1.png
CLM-2026-00543,train,Invalid Claim,v2,claim_cards/train/Invalid Claim/CLM-2026-00543_v2.png,CLM-2026-00543_v2.png
CLM-2026-00769,train,Invalid Claim,v1,claim_cards/train/Invalid Claim/CLM-2026-00769_v1.png,CLM-2026-00769_v1.png
CLM-2026-00769,train,Invalid Claim,v2,claim_cards/train/Invalid Claim/CLM-2026-00769_v2.png,CLM-2026-00769_v2.png
CLM-2026-00183,train,Valid Claim,v1,claim_cards/train/Valid Claim/CLM-2026-00183_v1.png,CLM-2026-00183_v1.png
CLM-2026-00183,train,Valid Claim,v2,claim_cards/train/Valid Claim/CLM-2026-00183_v2.png,CLM-2026-00183_v2.png
CLM-2026-00602,train,Invalid Claim,v1,claim_cards/train/Invalid Claim/CLM-2026-00602_v1.png,CLM-2026-00602_v1.png
CLM-2026-00602,train,Invalid Claim,v2,claim_cards/train/Invalid Claim/CLM-2026-00602_v2.png,CLM-2026-00602_v2.png
CLM-2026-00951,train,Invalid Claim,v1,claim_cards/train/Invalid Claim/CLM-2026-00951_v1.png,CLM-2026-00951_v1.png
CLM-2026-00951,train,Invalid Claim,v2,claim_cards/train/Invalid Claim/CLM-2026-00951_v2.png,CLM-2026-00951_v2.png
CLM-2026-01273,train,Manual Review,v1,claim_cards/train/Manual Review/CLM-2026-01273_v1.png,CLM-2026-01273_v1.png
CLM-2026-01273,train,Manual Review,v2,claim_cards/train/Manual Review/CLM-2026-01273_v2.png,CLM-2026-01273_v2.png
CLM-2026-00203,train,Valid Claim,v1,claim_cards/train/Valid Claim/CLM-2026-00203_v1.png,CLM-2026-00203_v1.png
CLM-2026-00203,train,Valid Claim,v2,claim_cards/train/Valid Claim/CLM-2026-00203_v2.png,CLM-2026-00203_v2.png
CLM-2026-00420,train,Valid Claim,v1,claim_cards/train/Valid Claim/CLM-2026-00420_v1.png,CLM-2026-00420_v1.png
CLM-2026-00420,train,Valid Claim,v2,claim_cards/train/Valid Claim/CLM-2026-00420_v2.png,CLM-2026-00420_v2.png
CLM-2026-00666,train,Invalid Claim,v1,claim_cards/train/Invalid Claim/CLM-2026-00666_v1.png,CLM-2026-00666_v1.png
CLM-2026-00666,train,Invalid Claim,v2,claim_cards/train/Invalid Claim/CLM-2026-00666_v2.png,CLM-2026-00666_v2.png
CLM-2026-00691,train,Invalid Claim,v1,claim_cards/train/Invalid Claim/CLM-2026-00691_v1.png,CLM-2026-00691_v1.png
CLM-2026-00691,train,Invalid Claim,v2,claim_cards/train/Invalid Claim/CLM-2026-00691_v2.png,CLM-2026-00691_v2.png
CLM-2026-01240,train,Manual Review,v1,claim_cards/train/Manual Review/CLM-2026-01240_v1.png,CLM-2026-01240_v1.png
CLM-2026-01240,train,Manual Review,v2,claim_cards/train/Manual Review/CLM-2026-01240_v2.png,CLM-2026-01240_v2.png
CLM-2026-00422,train,Valid Claim,v1,claim_cards/train/Valid Claim/CLM-2026-00422_v1.png,CLM-2026-00422_v1.png
CLM-2026-00422,train,Valid Claim,v2,claim_cards/train/Valid Claim/CLM-2026-00422_v2.png,CLM-2026-00422_v2.png
CLM-2026-00289,train,Valid Claim,v1,claim_cards/train/Valid Claim/CLM-2026-00289_v1.png,CLM-2026-00289_v1.png
CLM-2026-00289,train,Valid Claim,v2,claim_cards/train/Valid Claim/CLM-2026-00289_v2.png,CLM-2026-00289_v2.png
CLM-2026-00465,train,Valid Claim,v1,claim_cards/train/Valid Claim/CLM-2026-00465_v1.png,CLM-2026-00465_v1.png
CLM-2026-00465,train,Valid Claim,v2,claim_cards/train/Valid Claim/CLM-2026-00465_v2.png,CLM-2026-00465_v2.png
CLM-2026-00219,train,Valid Claim,v1,claim_cards/train/Valid Claim/CLM-2026-00219_v1.png,CLM-2026-00219_v1.png
CLM-2026-00219,train,Valid Claim,v2,claim_cards/train/Valid Claim/CLM-2026-00219_v2.png,CLM-2026-00219_v2.png
CLM-2026-00140,train,Valid Claim,v1,claim_cards/train/Valid Claim/CLM-2026-00140_v1.png,CLM-2026-00140_v1.png
CLM-2026-00140,train,Valid Claim,v2,claim_cards/train/Valid Claim/CLM-2026-00140_v2.png,CLM-2026-00140_v2.png
CLM-2026-01170,train,Manual Review,v1,claim_cards/train/Manual Review/CLM-2026-01170_v1.png,CLM-2026-01170_v1.png
CLM-2026-01170,train,Manual Review,v2,claim_cards/train/Manual Review/CLM-2026-01170_v2.png,CLM-2026-01170_v2.png
CLM-2026-01419,train,Manual Review,v1,claim_cards/train/Manual Review/CLM-2026-01419_v1.png,CLM-2026-01419_v1.png
CLM-2026-01419,train,Manual Review,v2,claim_cards/train/Manual Review/CLM-2026-01419_v2.png,CLM-2026-01419_v2.png
CLM-2026-01011,train,Manual Review,v1,claim_cards/train/Manual Review/CLM-2026-01011_v1.png,CLM-2026-01011_v1.png
CLM-2026-01011,train,Manual Review,v2,claim_cards/train/Manual Review/CLM-2026-01011_v2.png,CLM-2026-01011_v2.png
CLM-2026-00319,train,Valid Claim,v1,claim_cards/train/Valid Claim/CLM-2026-00319_v1.png,CLM-2026-00319_v1.png
CLM-2026-00319,train,Valid Claim,v2,claim_cards/train/Valid Claim/CLM-2026-00319_v2.png,CLM-2026-00319_v2.png
CLM-2026-00975,train,Invalid Claim,v1,claim_cards/train/Invalid Claim/CLM-2026-00975_v1.png,CLM-2026-00975_v1.png
CLM-2026-00975,train,Invalid Claim,v2,claim_cards/train/Invalid Claim/CLM-2026-00975_v2.png,CLM-2026-00975_v2.png
CLM-2026-00046,train,Valid Claim,v1,claim_cards/train/Valid Claim/CLM-2026-00046_v1.png,CLM-2026-00046_v1.png
CLM-2026-00046,train,Valid Claim,v2,claim_cards/train/Valid Claim/CLM-2026-00046_v2.png,CLM-2026-00046_v2.png
CLM-2026-00811,train,Invalid Claim,v1,claim_cards/train/Invalid Claim/CLM-2026-00811_v1.png,CLM-2026-00811_v1.png
CLM-2026-00811,train,Invalid Claim,v2,claim_cards/train/Invalid Claim/CLM-2026-00811_v2.png,CLM-2026-00811_v2.png
CLM-2026-00520,train,Invalid Claim,v1,claim_cards/train/Invalid Claim/CLM-2026-00520_v1.png,CLM-2026-00520_v1.png
CLM-2026-00520,train,Invalid Claim,v2,claim_cards/train/Invalid Claim/CLM-2026-00520_v2.png,CLM-2026-00520_v2.png
CLM-2026-00601,train,Invalid Claim,v1,claim_cards/train/Invalid Claim/CLM-2026-00601_v1.png,CLM-2026-00601_v1.png
CLM-2026-00601,train,Invalid Claim,v2,claim_cards/train/Invalid Claim/CLM-2026-00601_v2.png,CLM-2026-00601_v2.png
CLM-2026-00010,train,Valid Claim,v1,claim_cards/train/Valid Claim/CLM-2026-00010_v1.png,CLM-2026-00010_v1.png
CLM-2026-00010,train,Valid Claim,v2,claim_cards/train/Valid Claim/CLM-2026-00010_v2.png,CLM-2026-00010_v2.png
CLM-2026-00988,train,Invalid Claim,v1,claim_cards/train/Invalid Claim/CLM-2026-00988_v1.png,CLM-2026-00988_v1.png
CLM-2026-00988,train,Invalid Claim,v2,claim_cards/train/Invalid Claim/CLM-2026-00988_v2.png,CLM-2026-00988_v2.png
CLM-2026-00837,train,Invalid Claim,v1,claim_cards/train/Invalid Claim/CLM-2026-00837_v1.png,CLM-2026-00837_v1.png
CLM-2026-00837,train,Invalid Claim,v2,claim_cards/train/Invalid Claim/CLM-2026-00837_v2.png,CLM-2026-00837_v2.png
CLM-2026-00467,train,Valid Claim,v1,claim_cards/train/Valid Claim/CLM-2026-00467_v1.png,CLM-2026-00467_v1.png
CLM-2026-00467,train,Valid Claim,v2,claim_cards/train/Valid Claim/CLM-2026-00467_v2.png,CLM-2026-00467_v2.png
CLM-2026-00565,train,Invalid Claim,v1,claim_cards/train/Invalid Claim/CLM-2026-00565_v1.png,CLM-2026-00565_v1.png
CLM-2026-00565,train,Invalid Claim,v2,claim_cards/train/Invalid Claim/CLM-2026-00565_v2.png,CLM-2026-00565_v2.png
CLM-2026-01007,train,Manual Review,v1,claim_cards/train/Manual Review/CLM-2026-01007_v1.png,CLM-2026-01007_v1.png
CLM-2026-01007,train,Manual Review,v2,claim_cards/train/Manual Review/CLM-2026-01007_v2.png,CLM-2026-01007_v2.png
CLM-2026-00722,train,Invalid Claim,v1,claim_cards/train/Invalid Claim/CLM-2026-00722_v1.png,CLM-2026-00722_v1.png
CLM-2026-00722,train,Invalid Claim,v2,claim_cards/train/Invalid Claim/CLM-2026-00722_v2.png,CLM-2026-00722_v2.png
CLM-2026-00052,train,Valid Claim,v1,claim_cards/train/Valid Claim/CLM-2026-00052_v1.png,CLM-2026-00052_v1.png
CLM-2026-00052,train,Valid Claim,v2,claim_cards/train/Valid Claim/CLM-2026-00052_v2.png,CLM-2026-00052_v2.png
CLM-2026-00099,train,Valid Claim,v1,claim_cards/train/Valid Claim/CLM-2026-00099_v1.png,CLM-2026-00099_v1.png
CLM-2026-00099,train,Valid Claim,v2,claim_cards/train/Valid Claim/CLM-2026-00099_v2.png,CLM-2026-00099_v2.png
CLM-2026-00934,train,Invalid Claim,v1,claim_cards/train/Invalid Claim/CLM-2026-00934_v1.png,CLM-2026-00934_v1.png
CLM-2026-00934,train,Invalid Claim,v2,claim_cards/train/Invalid Claim/CLM-2026-00934_v2.png,CLM-2026-00934_v2.png
CLM-2026-00165,train,Valid Claim,v1,claim_cards/train/Valid Claim/CLM-2026-00165_v1.png,CLM-2026-00165_v1.png
CLM-2026-00165,train,Valid Claim,v2,claim_cards/train/Valid Claim/CLM-2026-00165_v2.png,CLM-2026-00165_v2.png
CLM-2026-00892,train,Invalid Claim,v1,claim_cards/train/Invalid Claim/CLM-2026-00892_v1.png,CLM-2026-00892_v1.png
CLM-2026-00892,train,Invalid Claim,v2,claim_cards/train/Invalid Claim/CLM-2026-00892_v2.png,CLM-2026-00892_v2.png
CLM-2026-00743,train,Invalid Claim,v1,claim_cards/train/Invalid Claim/CLM-2026-00743_v1.png,CLM-2026-00743_v1.png
CLM-2026-00743,train,Invalid Claim,v2,claim_cards/train/Invalid Claim/CLM-2026-00743_v2.png,CLM-2026-00743_v2.png
CLM-2026-00650,train,Invalid Claim,v1,claim_cards/train/Invalid Claim/CLM-2026-00650_v1.png,CLM-2026-00650_v1.png
CLM-2026-00650,train,Invalid Claim,v2,claim_cards/train/Invalid Claim/CLM-2026-00650_v2.png,CLM-2026-00650_v2.png
CLM-2026-00683,train,Invalid Claim,v1,claim_cards/train/Invalid Claim/CLM-2026-00683_v1.png,CLM-2026-00683_v1.png
CLM-2026-00683,train,Invalid Claim,v2,claim_cards/train/Invalid Claim/CLM-2026-00683_v2.png,CLM-2026-00683_v2.png
CLM-2026-00166,train,Valid Claim,v1,claim_cards/train/Valid Claim/CLM-2026-00166_v1.png,CLM-2026-00166_v1.png
CLM-2026-00166,train,Valid Claim,v2,claim_cards/train/Valid Claim/CLM-2026-00166_v2.png,CLM-2026-00166_v2.png
CLM-2026-00659,train,Invalid Claim,v1,claim_cards/train/Invalid Claim/CLM-2026-00659_v1.png,CLM-2026-00659_v1.png
CLM-2026-00659,train,Invalid Claim,v2,claim_cards/train/Invalid Claim/CLM-2026-00659_v2.png,CLM-2026-00659_v2.png
CLM-2026-01059,train,Manual Review,v1,claim_cards/train/Manual Review/CLM-2026-01059_v1.png,CLM-2026-01059_v1.png
CLM-2026-01059,train,Manual Review,v2,claim_cards/train/Manual Review/CLM-2026-01059_v2.png,CLM-2026-01059_v2.png
CLM-2026-00995,train,Invalid Claim,v1,claim_cards/train/Invalid Claim/CLM-2026-00995_v1.png,CLM-2026-00995_v1.png
CLM-2026-00995,train,Invalid Claim,v2,claim_cards/train/Invalid Claim/CLM-2026-00995_v2.png,CLM-2026-00995_v2.png
CLM-2026-00412,train,Valid Claim,v1,claim_cards/train/Valid Claim/CLM-2026-00412_v1.png,CLM-2026-00412_v1.png
CLM-2026-00412,train,Valid Claim,v2,claim_cards/train/Valid Claim/CLM-2026-00412_v2.png,CLM-2026-00412_v2.png
CLM-2026-00290,train,Valid Claim,v1,claim_cards/train/Valid Claim/CLM-2026-00290_v1.png,CLM-2026-00290_v1.png
CLM-2026-00290,train,Valid Claim,v2,claim_cards/train/Valid Claim/CLM-2026-00290_v2.png,CLM-2026-00290_v2.png
CLM-2026-01213,train,Manual Review,v1,claim_cards/train/Manual Review/CLM-2026-01213_v1.png,CLM-2026-01213_v1.png
CLM-2026-01213,train,Manual Review,v2,claim_cards/train/Manual Review/CLM-2026-01213_v2.png,CLM-2026-01213_v2.png
CLM-2026-00907,train,Invalid Claim,v1,claim_cards/train/Invalid Claim/CLM-2026-00907_v1.png,CLM-2026-00907_v1.png
CLM-2026-00907,train,Invalid Claim,v2,claim_cards/train/Invalid Claim/CLM-2026-00907_v2.png,CLM-2026-00907_v2.png
CLM-2026-00926,train,Invalid Claim,v1,claim_cards/train/Invalid Claim/CLM-2026-00926_v1.png,CLM-2026-00926_v1.png
CLM-2026-00926,train,Invalid Claim,v2,claim_cards/train/Invalid Claim/CLM-2026-00926_v2.png,CLM-2026-00926_v2.png
CLM-2026-00032,train,Valid Claim,v1,claim_cards/train/Valid Claim/CLM-2026-00032_v1.png,CLM-2026-00032_v1.png
CLM-2026-00032,train,Valid Claim,v2,claim_cards/train/Valid Claim/CLM-2026-00032_v2.png,CLM-2026-00032_v2.png
CLM-2026-00726,train,Invalid Claim,v1,claim_cards/train/Invalid Claim/CLM-2026-00726_v1.png,CLM-2026-00726_v1.png
CLM-2026-00726,train,Invalid Claim,v2,claim_cards/train/Invalid Claim/CLM-2026-00726_v2.png,CLM-2026-00726_v2.png
CLM-2026-00386,train,Valid Claim,v1,claim_cards/train/Valid Claim/CLM-2026-00386_v1.png,CLM-2026-00386_v1.png
CLM-2026-00386,train,Valid Claim,v2,claim_cards/train/Valid Claim/CLM-2026-00386_v2.png,CLM-2026-00386_v2.png
CLM-2026-01003,train,Manual Review,v1,claim_cards/train/Manual Review/CLM-2026-01003_v1.png,CLM-2026-01003_v1.png
CLM-2026-01003,train,Manual Review,v2,claim_cards/train/Manual Review/CLM-2026-01003_v2.png,CLM-2026-01003_v2.png
CLM-2026-01083,train,Manual Review,v1,claim_cards/train/Manual Review/CLM-2026-01083_v1.png,CLM-2026-01083_v1.png
CLM-2026-01083,train,Manual Review,v2,claim_cards/train/Manual Review/CLM-2026-01083_v2.png,CLM-2026-01083_v2.png
CLM-2026-01155,train,Manual Review,v1,claim_cards/train/Manual Review/CLM-2026-01155_v1.png,CLM-2026-01155_v1.png
CLM-2026-01155,train,Manual Review,v2,claim_cards/train/Manual Review/CLM-2026-01155_v2.png,CLM-2026-01155_v2.png
CLM-2026-01274,train,Manual Review,v1,claim_cards/train/Manual Review/CLM-2026-01274_v1.png,CLM-2026-01274_v1.png
CLM-2026-01274,train,Manual Review,v2,claim_cards/train/Manual Review/CLM-2026-01274_v2.png,CLM-2026-01274_v2.png
CLM-2026-01035,train,Manual Review,v1,claim_cards/train/Manual Review/CLM-2026-01035_v1.png,CLM-2026-01035_v1.png
CLM-2026-01035,train,Manual Review,v2,claim_cards/train/Manual Review/CLM-2026-01035_v2.png,CLM-2026-01035_v2.png
CLM-2026-01103,train,Manual Review,v1,claim_cards/train/Manual Review/CLM-2026-01103_v1.png,CLM-2026-01103_v1.png
CLM-2026-01103,train,Manual Review,v2,claim_cards/train/Manual Review/CLM-2026-01103_v2.png,CLM-2026-01103_v2.png
CLM-2026-00656,train,Invalid Claim,v1,claim_cards/train/Invalid Claim/CLM-2026-00656_v1.png,CLM-2026-00656_v1.png
CLM-2026-00656,train,Invalid Claim,v2,claim_cards/train/Invalid Claim/CLM-2026-00656_v2.png,CLM-2026-00656_v2.png
CLM-2026-01272,train,Manual Review,v1,claim_cards/train/Manual Review/CLM-2026-01272_v1.png,CLM-2026-01272_v1.png
CLM-2026-01272,train,Manual Review,v2,claim_cards/train/Manual Review/CLM-2026-01272_v2.png,CLM-2026-01272_v2.png
CLM-2026-00592,train,Invalid Claim,v1,claim_cards/train/Invalid Claim/CLM-2026-00592_v1.png,CLM-2026-00592_v1.png
CLM-2026-00592,train,Invalid Claim,v2,claim_cards/train/Invalid Claim/CLM-2026-00592_v2.png,CLM-2026-00592_v2.png
CLM-2026-01229,train,Manual Review,v1,claim_cards/train/Manual Review/CLM-2026-01229_v1.png,CLM-2026-01229_v1.png
CLM-2026-01229,train,Manual Review,v2,claim_cards/train/Manual Review/CLM-2026-01229_v2.png,CLM-2026-01229_v2.png
CLM-2026-00262,train,Valid Claim,v1,claim_cards/train/Valid Claim/CLM-2026-00262_v1.png,CLM-2026-00262_v1.png
CLM-2026-00262,train,Valid Claim,v2,claim_cards/train/Valid Claim/CLM-2026-00262_v2.png,CLM-2026-00262_v2.png
CLM-2026-00821,train,Invalid Claim,v1,claim_cards/train/Invalid Claim/CLM-2026-00821_v1.png,CLM-2026-00821_v1.png
CLM-2026-00821,train,Invalid Claim,v2,claim_cards/train/Invalid Claim/CLM-2026-00821_v2.png,CLM-2026-00821_v2.png
CLM-2026-01147,train,Manual Review,v1,claim_cards/train/Manual Review/CLM-2026-01147_v1.png,CLM-2026-01147_v1.png
CLM-2026-01147,train,Manual Review,v2,claim_cards/train/Manual Review/CLM-2026-01147_v2.png,CLM-2026-01147_v2.png
CLM-2026-00302,train,Valid Claim,v1,claim_cards/train/Valid Claim/CLM-2026-00302_v1.png,CLM-2026-00302_v1.png
CLM-2026-00302,train,Valid Claim,v2,claim_cards/train/Valid Claim/CLM-2026-00302_v2.png,CLM-2026-00302_v2.png
CLM-2026-01415,train,Manual Review,v1,claim_cards/train/Manual Review/CLM-2026-01415_v1.png,CLM-2026-01415_v1.png
CLM-2026-01415,train,Manual Review,v2,claim_cards/train/Manual Review/CLM-2026-01415_v2.png,CLM-2026-01415_v2.png
CLM-2026-00872,train,Invalid Claim,v1,claim_cards/train/Invalid Claim/CLM-2026-00872_v1.png,CLM-2026-00872_v1.png
CLM-2026-00872,train,Invalid Claim,v2,claim_cards/train/Invalid Claim/CLM-2026-00872_v2.png,CLM-2026-00872_v2.png
CLM-2026-00333,train,Valid Claim,v1,claim_cards/train/Valid Claim/CLM-2026-00333_v1.png,CLM-2026-00333_v1.png
CLM-2026-00333,train,Valid Claim,v2,claim_cards/train/Valid Claim/CLM-2026-00333_v2.png,CLM-2026-00333_v2.png
CLM-2026-01269,train,Manual Review,v1,claim_cards/train/Manual Review/CLM-2026-01269_v1.png,CLM-2026-01269_v1.png
CLM-2026-01269,train,Manual Review,v2,claim_cards/train/Manual Review/CLM-2026-01269_v2.png,CLM-2026-01269_v2.png
CLM-2026-01191,train,Manual Review,v1,claim_cards/train/Manual Review/CLM-2026-01191_v1.png,CLM-2026-01191_v1.png
CLM-2026-01191,train,Manual Review,v2,claim_cards/train/Manual Review/CLM-2026-01191_v2.png,CLM-2026-01191_v2.png
CLM-2026-01084,train,Manual Review,v1,claim_cards/train/Manual Review/CLM-2026-01084_v1.png,CLM-2026-01084_v1.png
CLM-2026-01084,train,Manual Review,v2,claim_cards/train/Manual Review/CLM-2026-01084_v2.png,CLM-2026-01084_v2.png
CLM-2026-00808,train,Invalid Claim,v1,claim_cards/train/Invalid Claim/CLM-2026-00808_v1.png,CLM-2026-00808_v1.png
CLM-2026-00808,train,Invalid Claim,v2,claim_cards/train/Invalid Claim/CLM-2026-00808_v2.png,CLM-2026-00808_v2.png
CLM-2026-00209,train,Valid Claim,v1,claim_cards/train/Valid Claim/CLM-2026-00209_v1.png,CLM-2026-00209_v1.png
CLM-2026-00209,train,Valid Claim,v2,claim_cards/train/Valid Claim/CLM-2026-00209_v2.png,CLM-2026-00209_v2.png
CLM-2026-00469,train,Valid Claim,v1,claim_cards/train/Valid Claim/CLM-2026-00469_v1.png,CLM-2026-00469_v1.png
CLM-2026-00469,train,Valid Claim,v2,claim_cards/train/Valid Claim/CLM-2026-00469_v2.png,CLM-2026-00469_v2.png
CLM-2026-00678,train,Invalid Claim,v1,claim_cards/train/Invalid Claim/CLM-2026-00678_v1.png,CLM-2026-00678_v1.png
CLM-2026-00678,train,Invalid Claim,v2,claim_cards/train/Invalid Claim/CLM-2026-00678_v2.png,CLM-2026-00678_v2.png
CLM-2026-01107,train,Manual Review,v1,claim_cards/train/Manual Review/CLM-2026-01107_v1.png,CLM-2026-01107_v1.png
CLM-2026-01107,train,Manual Review,v2,claim_cards/train/Manual Review/CLM-2026-01107_v2.png,CLM-2026-01107_v2.png
CLM-2026-01489,train,Manual Review,v1,claim_cards/train/Manual Review/CLM-2026-01489_v1.png,CLM-2026-01489_v1.png
CLM-2026-01489,train,Manual Review,v2,claim_cards/train/Manual Review/CLM-2026-01489_v2.png,CLM-2026-01489_v2.png
CLM-2026-01136,train,Manual Review,v1,claim_cards/train/Manual Review/CLM-2026-01136_v1.png,CLM-2026-01136_v1.png
CLM-2026-01136,train,Manual Review,v2,claim_cards/train/Manual Review/CLM-2026-01136_v2.png,CLM-2026-01136_v2.png
CLM-2026-00211,train,Valid Claim,v1,claim_cards/train/Valid Claim/CLM-2026-00211_v1.png,CLM-2026-00211_v1.png
CLM-2026-00211,train,Valid Claim,v2,claim_cards/train/Valid Claim/CLM-2026-00211_v2.png,CLM-2026-00211_v2.png
CLM-2026-00062,train,Valid Claim,v1,claim_cards/train/Valid Claim/CLM-2026-00062_v1.png,CLM-2026-00062_v1.png
CLM-2026-00062,train,Valid Claim,v2,claim_cards/train/Valid Claim/CLM-2026-00062_v2.png,CLM-2026-00062_v2.png
CLM-2026-00692,train,Invalid Claim,v1,claim_cards/train/Invalid Claim/CLM-2026-00692_v1.png,CLM-2026-00692_v1.png
CLM-2026-00692,train,Invalid Claim,v2,claim_cards/train/Invalid Claim/CLM-2026-00692_v2.png,CLM-2026-00692_v2.png
CLM-2026-00895,train,Invalid Claim,v1,claim_cards/train/Invalid Claim/CLM-2026-00895_v1.png,CLM-2026-00895_v1.png
CLM-2026-00895,train,Invalid Claim,v2,claim_cards/train/Invalid Claim/CLM-2026-00895_v2.png,CLM-2026-00895_v2.png
CLM-2026-00299,train,Valid Claim,v1,claim_cards/train/Valid Claim/CLM-2026-00299_v1.png,CLM-2026-00299_v1.png
CLM-2026-00299,train,Valid Claim,v2,claim_cards/train/Valid Claim/CLM-2026-00299_v2.png,CLM-2026-00299_v2.png
CLM-2026-00969,train,Invalid Claim,v1,claim_cards/train/Invalid Claim/CLM-2026-00969_v1.png,CLM-2026-00969_v1.png
CLM-2026-00969,train,Invalid Claim,v2,claim_cards/train/Invalid Claim/CLM-2026-00969_v2.png,CLM-2026-00969_v2.png
CLM-2026-00830,train,Invalid Claim,v1,claim_cards/train/Invalid Claim/CLM-2026-00830_v1.png,CLM-2026-00830_v1.png
CLM-2026-00830,train,Invalid Claim,v2,claim_cards/train/Invalid Claim/CLM-2026-00830_v2.png,CLM-2026-00830_v2.png
CLM-2026-01124,train,Manual Review,v1,claim_cards/train/Manual Review/CLM-2026-01124_v1.png,CLM-2026-01124_v1.png
CLM-2026-01124,train,Manual Review,v2,claim_cards/train/Manual Review/CLM-2026-01124_v2.png,CLM-2026-01124_v2.png
CLM-2026-00684,train,Invalid Claim,v1,claim_cards/train/Invalid Claim/CLM-2026-00684_v1.png,CLM-2026-00684_v1.png
CLM-2026-00684,train,Invalid Claim,v2,claim_cards/train/Invalid Claim/CLM-2026-00684_v2.png,CLM-2026-00684_v2.png
CLM-2026-00502,train,Invalid Claim,v1,claim_cards/train/Invalid Claim/CLM-2026-00502_v1.png,CLM-2026-00502_v1.png
CLM-2026-00502,train,Invalid Claim,v2,claim_cards/train/Invalid Claim/CLM-2026-00502_v2.png,CLM-2026-00502_v2.png
CLM-2026-00055,train,Valid Claim,v1,claim_cards/train/Valid Claim/CLM-2026-00055_v1.png,CLM-2026-00055_v1.png
CLM-2026-00055,train,Valid Claim,v2,claim_cards/train/Valid Claim/CLM-2026-00055_v2.png,CLM-2026-00055_v2.png
CLM-2026-00819,train,Invalid Claim,v1,claim_cards/train/Invalid Claim/CLM-2026-00819_v1.png,CLM-2026-00819_v1.png
CLM-2026-00819,train,Invalid Claim,v2,claim_cards/train/Invalid Claim/CLM-2026-00819_v2.png,CLM-2026-00819_v2.png
CLM-2026-00876,train,Invalid Claim,v1,claim_cards/train/Invalid Claim/CLM-2026-00876_v1.png,CLM-2026-00876_v1.png
CLM-2026-00876,train,Invalid Claim,v2,claim_cards/train/Invalid Claim/CLM-2026-00876_v2.png,CLM-2026-00876_v2.png
CLM-2026-00994,train,Invalid Claim,v1,claim_cards/train/Invalid Claim/CLM-2026-00994_v1.png,CLM-2026-00994_v1.png
CLM-2026-00994,train,Invalid Claim,v2,claim_cards/train/Invalid Claim/CLM-2026-00994_v2.png,CLM-2026-00994_v2.png
CLM-2026-00586,train,Invalid Claim,v1,claim_cards/train/Invalid Claim/CLM-2026-00586_v1.png,CLM-2026-00586_v1.png
CLM-2026-00586,train,Invalid Claim,v2,claim_cards/train/Invalid Claim/CLM-2026-00586_v2.png,CLM-2026-00586_v2.png
CLM-2026-00686,train,Invalid Claim,v1,claim_cards/train/Invalid Claim/CLM-2026-00686_v1.png,CLM-2026-00686_v1.png
CLM-2026-00686,train,Invalid Claim,v2,claim_cards/train/Invalid Claim/CLM-2026-00686_v2.png,CLM-2026-00686_v2.png
CLM-2026-01232,train,Manual Review,v1,claim_cards/train/Manual Review/CLM-2026-01232_v1.png,CLM-2026-01232_v1.png
CLM-2026-01232,train,Manual Review,v2,claim_cards/train/Manual Review/CLM-2026-01232_v2.png,CLM-2026-01232_v2.png
CLM-2026-01413,train,Manual Review,v1,claim_cards/train/Manual Review/CLM-2026-01413_v1.png,CLM-2026-01413_v1.png
CLM-2026-01413,train,Manual Review,v2,claim_cards/train/Manual Review/CLM-2026-01413_v2.png,CLM-2026-01413_v2.png
CLM-2026-00111,train,Valid Claim,v1,claim_cards/train/Valid Claim/CLM-2026-00111_v1.png,CLM-2026-00111_v1.png
CLM-2026-00111,train,Valid Claim,v2,claim_cards/train/Valid Claim/CLM-2026-00111_v2.png,CLM-2026-00111_v2.png
CLM-2026-00330,train,Valid Claim,v1,claim_cards/train/Valid Claim/CLM-2026-00330_v1.png,CLM-2026-00330_v1.png
CLM-2026-00330,train,Valid Claim,v2,claim_cards/train/Valid Claim/CLM-2026-00330_v2.png,CLM-2026-00330_v2.png
CLM-2026-01071,train,Manual Review,v1,claim_cards/train/Manual Review/CLM-2026-01071_v1.png,CLM-2026-01071_v1.png
CLM-2026-01071,train,Manual Review,v2,claim_cards/train/Manual Review/CLM-2026-01071_v2.png,CLM-2026-01071_v2.png
CLM-2026-01435,train,Manual Review,v1,claim_cards/train/Manual Review/CLM-2026-01435_v1.png,CLM-2026-01435_v1.png
CLM-2026-01435,train,Manual Review,v2,claim_cards/train/Manual Review/CLM-2026-01435_v2.png,CLM-2026-01435_v2.png
CLM-2026-01223,train,Manual Review,v1,claim_cards/train/Manual Review/CLM-2026-01223_v1.png,CLM-2026-01223_v1.png
CLM-2026-01223,train,Manual Review,v2,claim_cards/train/Manual Review/CLM-2026-01223_v2.png,CLM-2026-01223_v2.png
CLM-2026-01463,train,Manual Review,v1,claim_cards/train/Manual Review/CLM-2026-01463_v1.png,CLM-2026-01463_v1.png
CLM-2026-01463,train,Manual Review,v2,claim_cards/train/Manual Review/CLM-2026-01463_v2.png,CLM-2026-01463_v2.png
CLM-2026-01235,train,Manual Review,v1,claim_cards/train/Manual Review/CLM-2026-01235_v1.png,CLM-2026-01235_v1.png
CLM-2026-01235,train,Manual Review,v2,claim_cards/train/Manual Review/CLM-2026-01235_v2.png,CLM-2026-01235_v2.png
CLM-2026-01341,train,Manual Review,v1,claim_cards/train/Manual Review/CLM-2026-01341_v1.png,CLM-2026-01341_v1.png
CLM-2026-01341,train,Manual Review,v2,claim_cards/train/Manual Review/CLM-2026-01341_v2.png,CLM-2026-01341_v2.png
CLM-2026-00522,train,Invalid Claim,v1,claim_cards/train/Invalid Claim/CLM-2026-00522_v1.png,CLM-2026-00522_v1.png
CLM-2026-00522,train,Invalid Claim,v2,claim_cards/train/Invalid Claim/CLM-2026-00522_v2.png,CLM-2026-00522_v2.png
CLM-2026-01055,train,Manual Review,v1,claim_cards/train/Manual Review/CLM-2026-01055_v1.png,CLM-2026-01055_v1.png
CLM-2026-01055,train,Manual Review,v2,claim_cards/train/Manual Review/CLM-2026-01055_v2.png,CLM-2026-01055_v2.png
CLM-2026-00128,train,Valid Claim,v1,claim_cards/train/Valid Claim/CLM-2026-00128_v1.png,CLM-2026-00128_v1.png
CLM-2026-00128,train,Valid Claim,v2,claim_cards/train/Valid Claim/CLM-2026-00128_v2.png,CLM-2026-00128_v2.png
CLM-2026-01030,train,Manual Review,v1,claim_cards/train/Manual Review/CLM-2026-01030_v1.png,CLM-2026-01030_v1.png
CLM-2026-01030,train,Manual Review,v2,claim_cards/train/Manual Review/CLM-2026-01030_v2.png,CLM-2026-01030_v2.png
CLM-2026-01391,train,Manual Review,v1,claim_cards/train/Manual Review/CLM-2026-01391_v1.png,CLM-2026-01391_v1.png
CLM-2026-01391,train,Manual Review,v2,claim_cards/train/Manual Review/CLM-2026-01391_v2.png,CLM-2026-01391_v2.png
CLM-2026-01020,train,Manual Review,v1,claim_cards/train/Manual Review/CLM-2026-01020_v1.png,CLM-2026-01020_v1.png
CLM-2026-01020,train,Manual Review,v2,claim_cards/train/Manual Review/CLM-2026-01020_v2.png,CLM-2026-01020_v2.png
CLM-2026-00748,train,Invalid Claim,v1,claim_cards/train/Invalid Claim/CLM-2026-00748_v1.png,CLM-2026-00748_v1.png
CLM-2026-00748,train,Invalid Claim,v2,claim_cards/train/Invalid Claim/CLM-2026-00748_v2.png,CLM-2026-00748_v2.png
CLM-2026-01033,train,Manual Review,v1,claim_cards/train/Manual Review/CLM-2026-01033_v1.png,CLM-2026-01033_v1.png
CLM-2026-01033,train,Manual Review,v2,claim_cards/train/Manual Review/CLM-2026-01033_v2.png,CLM-2026-01033_v2.png
CLM-2026-00272,train,Valid Claim,v1,claim_cards/train/Valid Claim/CLM-2026-00272_v1.png,CLM-2026-00272_v1.png
CLM-2026-00272,train,Valid Claim,v2,claim_cards/train/Valid Claim/CLM-2026-00272_v2.png,CLM-2026-00272_v2.png
CLM-2026-00790,train,Invalid Claim,v1,claim_cards/train/Invalid Claim/CLM-2026-00790_v1.png,CLM-2026-00790_v1.png
CLM-2026-00790,train,Invalid Claim,v2,claim_cards/train/Invalid Claim/CLM-2026-00790_v2.png,CLM-2026-00790_v2.png
CLM-2026-00343,train,Valid Claim,v1,claim_cards/train/Valid Claim/CLM-2026-00343_v1.png,CLM-2026-00343_v1.png
CLM-2026-00343,train,Valid Claim,v2,claim_cards/train/Valid Claim/CLM-2026-00343_v2.png,CLM-2026-00343_v2.png
CLM-2026-01429,train,Manual Review,v1,claim_cards/train/Manual Review/CLM-2026-01429_v1.png,CLM-2026-01429_v1.png
CLM-2026-01429,train,Manual Review,v2,claim_cards/train/Manual Review/CLM-2026-01429_v2.png,CLM-2026-01429_v2.png
CLM-2026-01061,train,Manual Review,v1,claim_cards/train/Manual Review/CLM-2026-01061_v1.png,CLM-2026-01061_v1.png
CLM-2026-01061,train,Manual Review,v2,claim_cards/train/Manual Review/CLM-2026-01061_v2.png,CLM-2026-01061_v2.png
CLM-2026-00264,train,Valid Claim,v1,claim_cards/train/Valid Claim/CLM-2026-00264_v1.png,CLM-2026-00264_v1.png
CLM-2026-00264,train,Valid Claim,v2,claim_cards/train/Valid Claim/CLM-2026-00264_v2.png,CLM-2026-00264_v2.png
CLM-2026-01480,train,Manual Review,v1,claim_cards/train/Manual Review/CLM-2026-01480_v1.png,CLM-2026-01480_v1.png
CLM-2026-01480,train,Manual Review,v2,claim_cards/train/Manual Review/CLM-2026-01480_v2.png,CLM-2026-01480_v2.png
CLM-2026-00763,train,Invalid Claim,v1,claim_cards/train/Invalid Claim/CLM-2026-00763_v1.png,CLM-2026-00763_v1.png
CLM-2026-00763,train,Invalid Claim,v2,claim_cards/train/Invalid Claim/CLM-2026-00763_v2.png,CLM-2026-00763_v2.png
CLM-2026-00011,train,Valid Claim,v1,claim_cards/train/Valid Claim/CLM-2026-00011_v1.png,CLM-2026-00011_v1.png
CLM-2026-00011,train,Valid Claim,v2,claim_cards/train/Valid Claim/CLM-2026-00011_v2.png,CLM-2026-00011_v2.png
CLM-2026-00115,train,Valid Claim,v1,claim_cards/train/Valid Claim/CLM-2026-00115_v1.png,CLM-2026-00115_v1.png
CLM-2026-00115,train,Valid Claim,v2,claim_cards/train/Valid Claim/CLM-2026-00115_v2.png,CLM-2026-00115_v2.png
CLM-2026-01181,train,Manual Review,v1,claim_cards/train/Manual Review/CLM-2026-01181_v1.png,CLM-2026-01181_v1.png
CLM-2026-01181,train,Manual Review,v2,claim_cards/train/Manual Review/CLM-2026-01181_v2.png,CLM-2026-01181_v2.png
CLM-2026-01417,train,Manual Review,v1,claim_cards/train/Manual Review/CLM-2026-01417_v1.png,CLM-2026-01417_v1.png
CLM-2026-01417,train,Manual Review,v2,claim_cards/train/Manual Review/CLM-2026-01417_v2.png,CLM-2026-01417_v2.png
CLM-2026-01455,train,Manual Review,v1,claim_cards/train/Manual Review/CLM-2026-01455_v1.png,CLM-2026-01455_v1.png
CLM-2026-01455,train,Manual Review,v2,claim_cards/train/Manual Review/CLM-2026-01455_v2.png,CLM-2026-01455_v2.png
CLM-2026-00993,train,Invalid Claim,v1,claim_cards/train/Invalid Claim/CLM-2026-00993_v1.png,CLM-2026-00993_v1.png
CLM-2026-00993,train,Invalid Claim,v2,claim_cards/train/Invalid Claim/CLM-2026-00993_v2.png,CLM-2026-00993_v2.png
CLM-2026-00741,train,Invalid Claim,v1,claim_cards/train/Invalid Claim/CLM-2026-00741_v1.png,CLM-2026-00741_v1.png
CLM-2026-00741,train,Invalid Claim,v2,claim_cards/train/Invalid Claim/CLM-2026-00741_v2.png,CLM-2026-00741_v2.png
CLM-2026-00408,train,Valid Claim,v1,claim_cards/train/Valid Claim/CLM-2026-00408_v1.png,CLM-2026-00408_v1.png
CLM-2026-00408,train,Valid Claim,v2,claim_cards/train/Valid Claim/CLM-2026-00408_v2.png,CLM-2026-00408_v2.png
CLM-2026-01105,train,Manual Review,v1,claim_cards/train/Manual Review/CLM-2026-01105_v1.png,CLM-2026-01105_v1.png
CLM-2026-01105,train,Manual Review,v2,claim_cards/train/Manual Review/CLM-2026-01105_v2.png,CLM-2026-01105_v2.png
CLM-2026-00518,train,Invalid Claim,v1,claim_cards/train/Invalid Claim/CLM-2026-00518_v1.png,CLM-2026-00518_v1.png
CLM-2026-00518,train,Invalid Claim,v2,claim_cards/train/Invalid Claim/CLM-2026-00518_v2.png,CLM-2026-00518_v2.png
CLM-2026-00131,train,Valid Claim,v1,claim_cards/train/Valid Claim/CLM-2026-00131_v1.png,CLM-2026-00131_v1.png
CLM-2026-00131,train,Valid Claim,v2,claim_cards/train/Valid Claim/CLM-2026-00131_v2.png,CLM-2026-00131_v2.png
CLM-2026-00967,train,Invalid Claim,v1,claim_cards/train/Invalid Claim/CLM-2026-00967_v1.png,CLM-2026-00967_v1.png
CLM-2026-00967,train,Invalid Claim,v2,claim_cards/train/Invalid Claim/CLM-2026-00967_v2.png,CLM-2026-00967_v2.png
CLM-2026-01046,train,Manual Review,v1,claim_cards/train/Manual Review/CLM-2026-01046_v1.png,CLM-2026-01046_v1.png
CLM-2026-01046,train,Manual Review,v2,claim_cards/train/Manual Review/CLM-2026-01046_v2.png,CLM-2026-01046_v2.png
CLM-2026-01389,train,Manual Review,v1,claim_cards/train/Manual Review/CLM-2026-01389_v1.png,CLM-2026-01389_v1.png
CLM-2026-01389,train,Manual Review,v2,claim_cards/train/Manual Review/CLM-2026-01389_v2.png,CLM-2026-01389_v2.png
CLM-2026-00472,train,Valid Claim,v1,claim_cards/train/Valid Claim/CLM-2026-00472_v1.png,CLM-2026-00472_v1.png
CLM-2026-00472,train,Valid Claim,v2,claim_cards/train/Valid Claim/CLM-2026-00472_v2.png,CLM-2026-00472_v2.png
CLM-2026-00253,train,Valid Claim,v1,claim_cards/train/Valid Claim/CLM-2026-00253_v1.png,CLM-2026-00253_v1.png
CLM-2026-00253,train,Valid Claim,v2,claim_cards/train/Valid Claim/CLM-2026-00253_v2.png,CLM-2026-00253_v2.png
CLM-2026-00459,train,Valid Claim,v1,claim_cards/train/Valid Claim/CLM-2026-00459_v1.png,CLM-2026-00459_v1.png
CLM-2026-00459,train,Valid Claim,v2,claim_cards/train/Valid Claim/CLM-2026-00459_v2.png,CLM-2026-00459_v2.png
CLM-2026-00042,train,Valid Claim,v1,claim_cards/train/Valid Claim/CLM-2026-00042_v1.png,CLM-2026-00042_v1.png
CLM-2026-00042,train,Valid Claim,v2,claim_cards/train/Valid Claim/CLM-2026-00042_v2.png,CLM-2026-00042_v2.png
CLM-2026-00854,train,Invalid Claim,v1,claim_cards/train/Invalid Claim/CLM-2026-00854_v1.png,CLM-2026-00854_v1.png
CLM-2026-00854,train,Invalid Claim,v2,claim_cards/train/Invalid Claim/CLM-2026-00854_v2.png,CLM-2026-00854_v2.png
CLM-2026-01454,train,Manual Review,v1,claim_cards/train/Manual Review/CLM-2026-01454_v1.png,CLM-2026-01454_v1.png
CLM-2026-01454,train,Manual Review,v2,claim_cards/train/Manual Review/CLM-2026-01454_v2.png,CLM-2026-01454_v2.png
CLM-2026-00323,train,Valid Claim,v1,claim_cards/train/Valid Claim/CLM-2026-00323_v1.png,CLM-2026-00323_v1.png
CLM-2026-00323,train,Valid Claim,v2,claim_cards/train/Valid Claim/CLM-2026-00323_v2.png,CLM-2026-00323_v2.png
CLM-2026-00534,train,Invalid Claim,v1,claim_cards/train/Invalid Claim/CLM-2026-00534_v1.png,CLM-2026-00534_v1.png
CLM-2026-00534,train,Invalid Claim,v2,claim_cards/train/Invalid Claim/CLM-2026-00534_v2.png,CLM-2026-00534_v2.png
CLM-2026-00532,train,Invalid Claim,v1,claim_cards/train/Invalid Claim/CLM-2026-00532_v1.png,CLM-2026-00532_v1.png
CLM-2026-00532,train,Invalid Claim,v2,claim_cards/train/Invalid Claim/CLM-2026-00532_v2.png,CLM-2026-00532_v2.png
CLM-2026-00477,train,Valid Claim,v1,claim_cards/train/Valid Claim/CLM-2026-00477_v1.png,CLM-2026-00477_v1.png
CLM-2026-00477,train,Valid Claim,v2,claim_cards/train/Valid Claim/CLM-2026-00477_v2.png,CLM-2026-00477_v2.png
CLM-2026-00896,train,Invalid Claim,v1,claim_cards/train/Invalid Claim/CLM-2026-00896_v1.png,CLM-2026-00896_v1.png
CLM-2026-00896,train,Invalid Claim,v2,claim_cards/train/Invalid Claim/CLM-2026-00896_v2.png,CLM-2026-00896_v2.png
CLM-2026-01180,train,Manual Review,v1,claim_cards/train/Manual Review/CLM-2026-01180_v1.png,CLM-2026-01180_v1.png
CLM-2026-01180,train,Manual Review,v2,claim_cards/train/Manual Review/CLM-2026-01180_v2.png,CLM-2026-01180_v2.png
CLM-2026-00829,train,Invalid Claim,v1,claim_cards/train/Invalid Claim/CLM-2026-00829_v1.png,CLM-2026-00829_v1.png
CLM-2026-00829,train,Invalid Claim,v2,claim_cards/train/Invalid Claim/CLM-2026-00829_v2.png,CLM-2026-00829_v2.png
CLM-2026-01163,train,Manual Review,v1,claim_cards/train/Manual Review/CLM-2026-01163_v1.png,CLM-2026-01163_v1.png
CLM-2026-01163,train,Manual Review,v2,claim_cards/train/Manual Review/CLM-2026-01163_v2.png,CLM-2026-01163_v2.png
CLM-2026-01263,train,Manual Review,v1,claim_cards/train/Manual Review/CLM-2026-01263_v1.png,CLM-2026-01263_v1.png
CLM-2026-01263,train,Manual Review,v2,claim_cards/train/Manual Review/CLM-2026-01263_v2.png,CLM-2026-01263_v2.png
CLM-2026-00563,train,Invalid Claim,v1,claim_cards/train/Invalid Claim/CLM-2026-00563_v1.png,CLM-2026-00563_v1.png
CLM-2026-00563,train,Invalid Claim,v2,claim_cards/train/Invalid Claim/CLM-2026-00563_v2.png,CLM-2026-00563_v2.png
CLM-2026-00431,train,Valid Claim,v1,claim_cards/train/Valid Claim/CLM-2026-00431_v1.png,CLM-2026-00431_v1.png
CLM-2026-00431,train,Valid Claim,v2,claim_cards/train/Valid Claim/CLM-2026-00431_v2.png,CLM-2026-00431_v2.png
CLM-2026-00818,train,Invalid Claim,v1,claim_cards/train/Invalid Claim/CLM-2026-00818_v1.png,CLM-2026-00818_v1.png
CLM-2026-00818,train,Invalid Claim,v2,claim_cards/train/Invalid Claim/CLM-2026-00818_v2.png,CLM-2026-00818_v2.png
CLM-2026-00582,train,Invalid Claim,v1,claim_cards/train/Invalid Claim/CLM-2026-00582_v1.png,CLM-2026-00582_v1.png
CLM-2026-00582,train,Invalid Claim,v2,claim_cards/train/Invalid Claim/CLM-2026-00582_v2.png,CLM-2026-00582_v2.png
CLM-2026-00195,train,Valid Claim,v1,claim_cards/train/Valid Claim/CLM-2026-00195_v1.png,CLM-2026-00195_v1.png
CLM-2026-00195,train,Valid Claim,v2,claim_cards/train/Valid Claim/CLM-2026-00195_v2.png,CLM-2026-00195_v2.png
CLM-2026-00902,train,Invalid Claim,v1,claim_cards/train/Invalid Claim/CLM-2026-00902_v1.png,CLM-2026-00902_v1.png
CLM-2026-00902,train,Invalid Claim,v2,claim_cards/train/Invalid Claim/CLM-2026-00902_v2.png,CLM-2026-00902_v2.png
CLM-2026-01372,train,Manual Review,v1,claim_cards/train/Manual Review/CLM-2026-01372_v1.png,CLM-2026-01372_v1.png
CLM-2026-01372,train,Manual Review,v2,claim_cards/train/Manual Review/CLM-2026-01372_v2.png,CLM-2026-01372_v2.png
CLM-2026-01342,train,Manual Review,v1,claim_cards/train/Manual Review/CLM-2026-01342_v1.png,CLM-2026-01342_v1.png
CLM-2026-01342,train,Manual Review,v2,claim_cards/train/Manual Review/CLM-2026-01342_v2.png,CLM-2026-01342_v2.png
CLM-2026-00612,train,Invalid Claim,v1,claim_cards/train/Invalid Claim/CLM-2026-00612_v1.png,CLM-2026-00612_v1.png
CLM-2026-00612,train,Invalid Claim,v2,claim_cards/train/Invalid Claim/CLM-2026-00612_v2.png,CLM-2026-00612_v2.png
CLM-2026-00879,train,Invalid Claim,v1,claim_cards/train/Invalid Claim/CLM-2026-00879_v1.png,CLM-2026-00879_v1.png
CLM-2026-00879,train,Invalid Claim,v2,claim_cards/train/Invalid Claim/CLM-2026-00879_v2.png,CLM-2026-00879_v2.png
CLM-2026-00519,train,Invalid Claim,v1,claim_cards/train/Invalid Claim/CLM-2026-00519_v1.png,CLM-2026-00519_v1.png
CLM-2026-00519,train,Invalid Claim,v2,claim_cards/train/Invalid Claim/CLM-2026-00519_v2.png,CLM-2026-00519_v2.png
CLM-2026-00849,train,Invalid Claim,v1,claim_cards/train/Invalid Claim/CLM-2026-00849_v1.png,CLM-2026-00849_v1.png
CLM-2026-00849,train,Invalid Claim,v2,claim_cards/train/Invalid Claim/CLM-2026-00849_v2.png,CLM-2026-00849_v2.png
CLM-2026-01199,train,Manual Review,v1,claim_cards/train/Manual Review/CLM-2026-01199_v1.png,CLM-2026-01199_v1.png
CLM-2026-01199,train,Manual Review,v2,claim_cards/train/Manual Review/CLM-2026-01199_v2.png,CLM-2026-01199_v2.png
CLM-2026-00237,train,Valid Claim,v1,claim_cards/train/Valid Claim/CLM-2026-00237_v1.png,CLM-2026-00237_v1.png
CLM-2026-00237,train,Valid Claim,v2,claim_cards/train/Valid Claim/CLM-2026-00237_v2.png,CLM-2026-00237_v2.png
CLM-2026-00841,train,Invalid Claim,v1,claim_cards/train/Invalid Claim/CLM-2026-00841_v1.png,CLM-2026-00841_v1.png
CLM-2026-00841,train,Invalid Claim,v2,claim_cards/train/Invalid Claim/CLM-2026-00841_v2.png,CLM-2026-00841_v2.png
CLM-2026-01411,train,Manual Review,v1,claim_cards/train/Manual Review/CLM-2026-01411_v1.png,CLM-2026-01411_v1.png
CLM-2026-01411,train,Manual Review,v2,claim_cards/train/Manual Review/CLM-2026-01411_v2.png,CLM-2026-01411_v2.png
CLM-2026-01128,train,Manual Review,v1,claim_cards/train/Manual Review/CLM-2026-01128_v1.png,CLM-2026-01128_v1.png
CLM-2026-01128,train,Manual Review,v2,claim_cards/train/Manual Review/CLM-2026-01128_v2.png,CLM-2026-01128_v2.png
CLM-2026-00695,train,Invalid Claim,v1,claim_cards/train/Invalid Claim/CLM-2026-00695_v1.png,CLM-2026-00695_v1.png
CLM-2026-00695,train,Invalid Claim,v2,claim_cards/train/Invalid Claim/CLM-2026-00695_v2.png,CLM-2026-00695_v2.png
CLM-2026-01400,train,Manual Review,v1,claim_cards/train/Manual Review/CLM-2026-01400_v1.png,CLM-2026-01400_v1.png
CLM-2026-01400,train,Manual Review,v2,claim_cards/train/Manual Review/CLM-2026-01400_v2.png,CLM-2026-01400_v2.png
CLM-2026-00474,train,Valid Claim,v1,claim_cards/train/Valid Claim/CLM-2026-00474_v1.png,CLM-2026-00474_v1.png
CLM-2026-00474,train,Valid Claim,v2,claim_cards/train/Valid Claim/CLM-2026-00474_v2.png,CLM-2026-00474_v2.png
CLM-2026-00908,train,Invalid Claim,v1,claim_cards/train/Invalid Claim/CLM-2026-00908_v1.png,CLM-2026-00908_v1.png
CLM-2026-00908,train,Invalid Claim,v2,claim_cards/train/Invalid Claim/CLM-2026-00908_v2.png,CLM-2026-00908_v2.png
CLM-2026-00327,train,Valid Claim,v1,claim_cards/train/Valid Claim/CLM-2026-00327_v1.png,CLM-2026-00327_v1.png
CLM-2026-00327,train,Valid Claim,v2,claim_cards/train/Valid Claim/CLM-2026-00327_v2.png,CLM-2026-00327_v2.png
CLM-2026-00019,train,Valid Claim,v1,claim_cards/train/Valid Claim/CLM-2026-00019_v1.png,CLM-2026-00019_v1.png
CLM-2026-00019,train,Valid Claim,v2,claim_cards/train/Valid Claim/CLM-2026-00019_v2.png,CLM-2026-00019_v2.png
CLM-2026-00558,train,Invalid Claim,v1,claim_cards/train/Invalid Claim/CLM-2026-00558_v1.png,CLM-2026-00558_v1.png
CLM-2026-00558,train,Invalid Claim,v2,claim_cards/train/Invalid Claim/CLM-2026-00558_v2.png,CLM-2026-00558_v2.png
CLM-2026-00617,train,Invalid Claim,v1,claim_cards/train/Invalid Claim/CLM-2026-00617_v1.png,CLM-2026-00617_v1.png
CLM-2026-00617,train,Invalid Claim,v2,claim_cards/train/Invalid Claim/CLM-2026-00617_v2.png,CLM-2026-00617_v2.png
CLM-2026-01065,train,Manual Review,v1,claim_cards/train/Manual Review/CLM-2026-01065_v1.png,CLM-2026-01065_v1.png
CLM-2026-01065,train,Manual Review,v2,claim_cards/train/Manual Review/CLM-2026-01065_v2.png,CLM-2026-01065_v2.png
CLM-2026-01288,train,Manual Review,v1,claim_cards/train/Manual Review/CLM-2026-01288_v1.png,CLM-2026-01288_v1.png
CLM-2026-01288,train,Manual Review,v2,claim_cards/train/Manual Review/CLM-2026-01288_v2.png,CLM-2026-01288_v2.png
CLM-2026-01238,train,Manual Review,v1,claim_cards/train/Manual Review/CLM-2026-01238_v1.png,CLM-2026-01238_v1.png
CLM-2026-01238,train,Manual Review,v2,claim_cards/train/Manual Review/CLM-2026-01238_v2.png,CLM-2026-01238_v2.png
CLM-2026-01339,train,Manual Review,v1,claim_cards/train/Manual Review/CLM-2026-01339_v1.png,CLM-2026-01339_v1.png
CLM-2026-01339,train,Manual Review,v2,claim_cards/train/Manual Review/CLM-2026-01339_v2.png,CLM-2026-01339_v2.png
CLM-2026-00335,train,Valid Claim,v1,claim_cards/train/Valid Claim/CLM-2026-00335_v1.png,CLM-2026-00335_v1.png
CLM-2026-00335,train,Valid Claim,v2,claim_cards/train/Valid Claim/CLM-2026-00335_v2.png,CLM-2026-00335_v2.png
CLM-2026-00860,train,Invalid Claim,v1,claim_cards/train/Invalid Claim/CLM-2026-00860_v1.png,CLM-2026-00860_v1.png
CLM-2026-00860,train,Invalid Claim,v2,claim_cards/train/Invalid Claim/CLM-2026-00860_v2.png,CLM-2026-00860_v2.png
CLM-2026-01008,train,Manual Review,v1,claim_cards/train/Manual Review/CLM-2026-01008_v1.png,CLM-2026-01008_v1.png
CLM-2026-01008,train,Manual Review,v2,claim_cards/train/Manual Review/CLM-2026-01008_v2.png,CLM-2026-01008_v2.png
CLM-2026-01006,train,Manual Review,v1,claim_cards/train/Manual Review/CLM-2026-01006_v1.png,CLM-2026-01006_v1.png
CLM-2026-01006,train,Manual Review,v2,claim_cards/train/Manual Review/CLM-2026-01006_v2.png,CLM-2026-01006_v2.png
CLM-2026-00920,train,Invalid Claim,v1,claim_cards/train/Invalid Claim/CLM-2026-00920_v1.png,CLM-2026-00920_v1.png
CLM-2026-00920,train,Invalid Claim,v2,claim_cards/train/Invalid Claim/CLM-2026-00920_v2.png,CLM-2026-00920_v2.png
CLM-2026-00836,train,Invalid Claim,v1,claim_cards/train/Invalid Claim/CLM-2026-00836_v1.png,CLM-2026-00836_v1.png
CLM-2026-00836,train,Invalid Claim,v2,claim_cards/train/Invalid Claim/CLM-2026-00836_v2.png,CLM-2026-00836_v2.png
CLM-2026-00600,train,Invalid Claim,v1,claim_cards/train/Invalid Claim/CLM-2026-00600_v1.png,CLM-2026-00600_v1.png
CLM-2026-00600,train,Invalid Claim,v2,claim_cards/train/Invalid Claim/CLM-2026-00600_v2.png,CLM-2026-00600_v2.png
CLM-2026-01488,train,Manual Review,v1,claim_cards/train/Manual Review/CLM-2026-01488_v1.png,CLM-2026-01488_v1.png
CLM-2026-01488,train,Manual Review,v2,claim_cards/train/Manual Review/CLM-2026-01488_v2.png,CLM-2026-01488_v2.png
CLM-2026-00525,train,Invalid Claim,v1,claim_cards/train/Invalid Claim/CLM-2026-00525_v1.png,CLM-2026-00525_v1.png
CLM-2026-00525,train,Invalid Claim,v2,claim_cards/train/Invalid Claim/CLM-2026-00525_v2.png,CLM-2026-00525_v2.png
CLM-2026-00635,train,Invalid Claim,v1,claim_cards/train/Invalid Claim/CLM-2026-00635_v1.png,CLM-2026-00635_v1.png
CLM-2026-00635,train,Invalid Claim,v2,claim_cards/train/Invalid Claim/CLM-2026-00635_v2.png,CLM-2026-00635_v2.png
CLM-2026-00280,train,Valid Claim,v1,claim_cards/train/Valid Claim/CLM-2026-00280_v1.png,CLM-2026-00280_v1.png
CLM-2026-00280,train,Valid Claim,v2,claim_cards/train/Valid Claim/CLM-2026-00280_v2.png,CLM-2026-00280_v2.png
CLM-2026-01308,train,Manual Review,v1,claim_cards/train/Manual Review/CLM-2026-01308_v1.png,CLM-2026-01308_v1.png
CLM-2026-01308,train,Manual Review,v2,claim_cards/train/Manual Review/CLM-2026-01308_v2.png,CLM-2026-01308_v2.png
CLM-2026-01410,train,Manual Review,v1,claim_cards/train/Manual Review/CLM-2026-01410_v1.png,CLM-2026-01410_v1.png
CLM-2026-01410,train,Manual Review,v2,claim_cards/train/Manual Review/CLM-2026-01410_v2.png,CLM-2026-01410_v2.png
CLM-2026-00630,train,Invalid Claim,v1,claim_cards/train/Invalid Claim/CLM-2026-00630_v1.png,CLM-2026-00630_v1.png
CLM-2026-00630,train,Invalid Claim,v2,claim_cards/train/Invalid Claim/CLM-2026-00630_v2.png,CLM-2026-00630_v2.png
CLM-2026-00733,train,Invalid Claim,v1,claim_cards/train/Invalid Claim/CLM-2026-00733_v1.png,CLM-2026-00733_v1.png
CLM-2026-00733,train,Invalid Claim,v2,claim_cards/train/Invalid Claim/CLM-2026-00733_v2.png,CLM-2026-00733_v2.png
CLM-2026-00266,train,Valid Claim,v1,claim_cards/train/Valid Claim/CLM-2026-00266_v1.png,CLM-2026-00266_v1.png
CLM-2026-00266,train,Valid Claim,v2,claim_cards/train/Valid Claim/CLM-2026-00266_v2.png,CLM-2026-00266_v2.png
CLM-2026-00566,train,Invalid Claim,v1,claim_cards/train/Invalid Claim/CLM-2026-00566_v1.png,CLM-2026-00566_v1.png
CLM-2026-00566,train,Invalid Claim,v2,claim_cards/train/Invalid Claim/CLM-2026-00566_v2.png,CLM-2026-00566_v2.png
CLM-2026-01049,train,Manual Review,v1,claim_cards/train/Manual Review/CLM-2026-01049_v1.png,CLM-2026-01049_v1.png
CLM-2026-01049,train,Manual Review,v2,claim_cards/train/Manual Review/CLM-2026-01049_v2.png,CLM-2026-01049_v2.png
CLM-2026-01493,train,Manual Review,v1,claim_cards/train/Manual Review/CLM-2026-01493_v1.png,CLM-2026-01493_v1.png
CLM-2026-01493,train,Manual Review,v2,claim_cards/train/Manual Review/CLM-2026-01493_v2.png,CLM-2026-01493_v2.png
CLM-2026-01168,train,Manual Review,v1,claim_cards/train/Manual Review/CLM-2026-01168_v1.png,CLM-2026-01168_v1.png
CLM-2026-01168,train,Manual Review,v2,claim_cards/train/Manual Review/CLM-2026-01168_v2.png,CLM-2026-01168_v2.png
CLM-2026-01224,train,Manual Review,v1,claim_cards/train/Manual Review/CLM-2026-01224_v1.png,CLM-2026-01224_v1.png
CLM-2026-01224,train,Manual Review,v2,claim_cards/train/Manual Review/CLM-2026-01224_v2.png,CLM-2026-01224_v2.png
CLM-2026-01271,train,Manual Review,v1,claim_cards/train/Manual Review/CLM-2026-01271_v1.png,CLM-2026-01271_v1.png
CLM-2026-01271,train,Manual Review,v2,claim_cards/train/Manual Review/CLM-2026-01271_v2.png,CLM-2026-01271_v2.png
CLM-2026-00129,train,Valid Claim,v1,claim_cards/train/Valid Claim/CLM-2026-00129_v1.png,CLM-2026-00129_v1.png
CLM-2026-00129,train,Valid Claim,v2,claim_cards/train/Valid Claim/CLM-2026-00129_v2.png,CLM-2026-00129_v2.png
CLM-2026-00680,train,Invalid Claim,v1,claim_cards/train/Invalid Claim/CLM-2026-00680_v1.png,CLM-2026-00680_v1.png
CLM-2026-00680,train,Invalid Claim,v2,claim_cards/train/Invalid Claim/CLM-2026-00680_v2.png,CLM-2026-00680_v2.png
CLM-2026-00785,train,Invalid Claim,v1,claim_cards/train/Invalid Claim/CLM-2026-00785_v1.png,CLM-2026-00785_v1.png
CLM-2026-00785,train,Invalid Claim,v2,claim_cards/train/Invalid Claim/CLM-2026-00785_v2.png,CLM-2026-00785_v2.png
CLM-2026-01209,train,Manual Review,v1,claim_cards/train/Manual Review/CLM-2026-01209_v1.png,CLM-2026-01209_v1.png
CLM-2026-01209,train,Manual Review,v2,claim_cards/train/Manual Review/CLM-2026-01209_v2.png,CLM-2026-01209_v2.png
CLM-2026-00718,train,Invalid Claim,v1,claim_cards/train/Invalid Claim/CLM-2026-00718_v1.png,CLM-2026-00718_v1.png
CLM-2026-00718,train,Invalid Claim,v2,claim_cards/train/Invalid Claim/CLM-2026-00718_v2.png,CLM-2026-00718_v2.png
CLM-2026-00963,train,Invalid Claim,v1,claim_cards/train/Invalid Claim/CLM-2026-00963_v1.png,CLM-2026-00963_v1.png
CLM-2026-00963,train,Invalid Claim,v2,claim_cards/train/Invalid Claim/CLM-2026-00963_v2.png,CLM-2026-00963_v2.png
CLM-2026-00217,train,Valid Claim,v1,claim_cards/train/Valid Claim/CLM-2026-00217_v1.png,CLM-2026-00217_v1.png
CLM-2026-00217,train,Valid Claim,v2,claim_cards/train/Valid Claim/CLM-2026-00217_v2.png,CLM-2026-00217_v2.png
CLM-2026-00230,train,Valid Claim,v1,claim_cards/train/Valid Claim/CLM-2026-00230_v1.png,CLM-2026-00230_v1.png
CLM-2026-00230,train,Valid Claim,v2,claim_cards/train/Valid Claim/CLM-2026-00230_v2.png,CLM-2026-00230_v2.png
CLM-2026-01228,train,Manual Review,v1,claim_cards/train/Manual Review/CLM-2026-01228_v1.png,CLM-2026-01228_v1.png
CLM-2026-01228,train,Manual Review,v2,claim_cards/train/Manual Review/CLM-2026-01228_v2.png,CLM-2026-01228_v2.png
CLM-2026-00413,train,Valid Claim,v1,claim_cards/train/Valid Claim/CLM-2026-00413_v1.png,CLM-2026-00413_v1.png
CLM-2026-00413,train,Valid Claim,v2,claim_cards/train/Valid Claim/CLM-2026-00413_v2.png,CLM-2026-00413_v2.png
CLM-2026-00850,train,Invalid Claim,v1,claim_cards/train/Invalid Claim/CLM-2026-00850_v1.png,CLM-2026-00850_v1.png
CLM-2026-00850,train,Invalid Claim,v2,claim_cards/train/Invalid Claim/CLM-2026-00850_v2.png,CLM-2026-00850_v2.png
CLM-2026-00796,train,Invalid Claim,v1,claim_cards/train/Invalid Claim/CLM-2026-00796_v1.png,CLM-2026-00796_v1.png
CLM-2026-00796,train,Invalid Claim,v2,claim_cards/train/Invalid Claim/CLM-2026-00796_v2.png,CLM-2026-00796_v2.png
CLM-2026-01242,train,Manual Review,v1,claim_cards/train/Manual Review/CLM-2026-01242_v1.png,CLM-2026-01242_v1.png
CLM-2026-01242,train,Manual Review,v2,claim_cards/train/Manual Review/CLM-2026-01242_v2.png,CLM-2026-01242_v2.png
CLM-2026-01355,train,Manual Review,v1,claim_cards/train/Manual Review/CLM-2026-01355_v1.png,CLM-2026-01355_v1.png
CLM-2026-01355,train,Manual Review,v2,claim_cards/train/Manual Review/CLM-2026-01355_v2.png,CLM-2026-01355_v2.png
CLM-2026-01021,train,Manual Review,v1,claim_cards/train/Manual Review/CLM-2026-01021_v1.png,CLM-2026-01021_v1.png
CLM-2026-01021,train,Manual Review,v2,claim_cards/train/Manual Review/CLM-2026-01021_v2.png,CLM-2026-01021_v2.png
CLM-2026-01326,train,Manual Review,v1,claim_cards/train/Manual Review/CLM-2026-01326_v1.png,CLM-2026-01326_v1.png
CLM-2026-01326,train,Manual Review,v2,claim_cards/train/Manual Review/CLM-2026-01326_v2.png,CLM-2026-01326_v2.png
CLM-2026-00213,train,Valid Claim,v1,claim_cards/train/Valid Claim/CLM-2026-00213_v1.png,CLM-2026-00213_v1.png
CLM-2026-00213,train,Valid Claim,v2,claim_cards/train/Valid Claim/CLM-2026-00213_v2.png,CLM-2026-00213_v2.png
CLM-2026-00098,train,Valid Claim,v1,claim_cards/train/Valid Claim/CLM-2026-00098_v1.png,CLM-2026-00098_v1.png
CLM-2026-00098,train,Valid Claim,v2,claim_cards/train/Valid Claim/CLM-2026-00098_v2.png,CLM-2026-00098_v2.png
CLM-2026-00817,train,Invalid Claim,v1,claim_cards/train/Invalid Claim/CLM-2026-00817_v1.png,CLM-2026-00817_v1.png
CLM-2026-00817,train,Invalid Claim,v2,claim_cards/train/Invalid Claim/CLM-2026-00817_v2.png,CLM-2026-00817_v2.png
CLM-2026-01220,train,Manual Review,v1,claim_cards/train/Manual Review/CLM-2026-01220_v1.png,CLM-2026-01220_v1.png
CLM-2026-01220,train,Manual Review,v2,claim_cards/train/Manual Review/CLM-2026-01220_v2.png,CLM-2026-01220_v2.png
CLM-2026-00764,train,Invalid Claim,v1,claim_cards/train/Invalid Claim/CLM-2026-00764_v1.png,CLM-2026-00764_v1.png
CLM-2026-00764,train,Invalid Claim,v2,claim_cards/train/Invalid Claim/CLM-2026-00764_v2.png,CLM-2026-00764_v2.png
CLM-2026-01171,train,Manual Review,v1,claim_cards/train/Manual Review/CLM-2026-01171_v1.png,CLM-2026-01171_v1.png
CLM-2026-01171,train,Manual Review,v2,claim_cards/train/Manual Review/CLM-2026-01171_v2.png,CLM-2026-01171_v2.png
CLM-2026-00066,train,Valid Claim,v1,claim_cards/train/Valid Claim/CLM-2026-00066_v1.png,CLM-2026-00066_v1.png
CLM-2026-00066,train,Valid Claim,v2,claim_cards/train/Valid Claim/CLM-2026-00066_v2.png,CLM-2026-00066_v2.png
CLM-2026-00383,train,Valid Claim,v1,claim_cards/train/Valid Claim/CLM-2026-00383_v1.png,CLM-2026-00383_v1.png
CLM-2026-00383,train,Valid Claim,v2,claim_cards/train/Valid Claim/CLM-2026-00383_v2.png,CLM-2026-00383_v2.png
CLM-2026-00564,train,Invalid Claim,v1,claim_cards/train/Invalid Claim/CLM-2026-00564_v1.png,CLM-2026-00564_v1.png
CLM-2026-00564,train,Invalid Claim,v2,claim_cards/train/Invalid Claim/CLM-2026-00564_v2.png,CLM-2026-00564_v2.png
CLM-2026-00044,train,Valid Claim,v1,claim_cards/train/Valid Claim/CLM-2026-00044_v1.png,CLM-2026-00044_v1.png
CLM-2026-00044,train,Valid Claim,v2,claim_cards/train/Valid Claim/CLM-2026-00044_v2.png,CLM-2026-00044_v2.png
CLM-2026-00614,train,Invalid Claim,v1,claim_cards/train/Invalid Claim/CLM-2026-00614_v1.png,CLM-2026-00614_v1.png
CLM-2026-00614,train,Invalid Claim,v2,claim_cards/train/Invalid Claim/CLM-2026-00614_v2.png,CLM-2026-00614_v2.png
CLM-2026-01362,train,Manual Review,v1,claim_cards/train/Manual Review/CLM-2026-01362_v1.png,CLM-2026-01362_v1.png
CLM-2026-01362,train,Manual Review,v2,claim_cards/train/Manual Review/CLM-2026-01362_v2.png,CLM-2026-01362_v2.png
CLM-2026-00781,train,Invalid Claim,v1,claim_cards/train/Invalid Claim/CLM-2026-00781_v1.png,CLM-2026-00781_v1.png
CLM-2026-00781,train,Invalid Claim,v2,claim_cards/train/Invalid Claim/CLM-2026-00781_v2.png,CLM-2026-00781_v2.png
CLM-2026-01386,train,Manual Review,v1,claim_cards/train/Manual Review/CLM-2026-01386_v1.png,CLM-2026-01386_v1.png
CLM-2026-01386,train,Manual Review,v2,claim_cards/train/Manual Review/CLM-2026-01386_v2.png,CLM-2026-01386_v2.png
CLM-2026-01385,train,Manual Review,v1,claim_cards/train/Manual Review/CLM-2026-01385_v1.png,CLM-2026-01385_v1.png
CLM-2026-01385,train,Manual Review,v2,claim_cards/train/Manual Review/CLM-2026-01385_v2.png,CLM-2026-01385_v2.png
CLM-2026-01116,train,Manual Review,v1,claim_cards/train/Manual Review/CLM-2026-01116_v1.png,CLM-2026-01116_v1.png
CLM-2026-01116,train,Manual Review,v2,claim_cards/train/Manual Review/CLM-2026-01116_v2.png,CLM-2026-01116_v2.png
CLM-2026-00953,train,Invalid Claim,v1,claim_cards/train/Invalid Claim/CLM-2026-00953_v1.png,CLM-2026-00953_v1.png
CLM-2026-00953,train,Invalid Claim,v2,claim_cards/train/Invalid Claim/CLM-2026-00953_v2.png,CLM-2026-00953_v2.png
CLM-2026-01486,train,Manual Review,v1,claim_cards/train/Manual Review/CLM-2026-01486_v1.png,CLM-2026-01486_v1.png
CLM-2026-01486,train,Manual Review,v2,claim_cards/train/Manual Review/CLM-2026-01486_v2.png,CLM-2026-01486_v2.png
CLM-2026-00966,train,Invalid Claim,v1,claim_cards/train/Invalid Claim/CLM-2026-00966_v1.png,CLM-2026-00966_v1.png
CLM-2026-00966,train,Invalid Claim,v2,claim_cards/train/Invalid Claim/CLM-2026-00966_v2.png,CLM-2026-00966_v2.png
CLM-2026-00143,train,Valid Claim,v1,claim_cards/train/Valid Claim/CLM-2026-00143_v1.png,CLM-2026-00143_v1.png
CLM-2026-00143,train,Valid Claim,v2,claim_cards/train/Valid Claim/CLM-2026-00143_v2.png,CLM-2026-00143_v2.png
CLM-2026-01360,train,Manual Review,v1,claim_cards/train/Manual Review/CLM-2026-01360_v1.png,CLM-2026-01360_v1.png
CLM-2026-01360,train,Manual Review,v2,claim_cards/train/Manual Review/CLM-2026-01360_v2.png,CLM-2026-01360_v2.png
CLM-2026-01266,train,Manual Review,v1,claim_cards/train/Manual Review/CLM-2026-01266_v1.png,CLM-2026-01266_v1.png
CLM-2026-01266,train,Manual Review,v2,claim_cards/train/Manual Review/CLM-2026-01266_v2.png,CLM-2026-01266_v2.png
CLM-2026-00973,train,Invalid Claim,v1,claim_cards/train/Invalid Claim/CLM-2026-00973_v1.png,CLM-2026-00973_v1.png
CLM-2026-00973,train,Invalid Claim,v2,claim_cards/train/Invalid Claim/CLM-2026-00973_v2.png,CLM-2026-00973_v2.png
CLM-2026-00395,train,Valid Claim,v1,claim_cards/train/Valid Claim/CLM-2026-00395_v1.png,CLM-2026-00395_v1.png
CLM-2026-00395,train,Valid Claim,v2,claim_cards/train/Valid Claim/CLM-2026-00395_v2.png,CLM-2026-00395_v2.png
CLM-2026-01019,train,Manual Review,v1,claim_cards/train/Manual Review/CLM-2026-01019_v1.png,CLM-2026-01019_v1.png
CLM-2026-01019,train,Manual Review,v2,claim_cards/train/Manual Review/CLM-2026-01019_v2.png,CLM-2026-01019_v2.png
CLM-2026-00411,train,Valid Claim,v1,claim_cards/train/Valid Claim/CLM-2026-00411_v1.png,CLM-2026-00411_v1.png
CLM-2026-00411,train,Valid Claim,v2,claim_cards/train/Valid Claim/CLM-2026-00411_v2.png,CLM-2026-00411_v2.png
CLM-2026-00616,train,Invalid Claim,v1,claim_cards/train/Invalid Claim/CLM-2026-00616_v1.png,CLM-2026-00616_v1.png
CLM-2026-00616,train,Invalid Claim,v2,claim_cards/train/Invalid Claim/CLM-2026-00616_v2.png,CLM-2026-00616_v2.png
CLM-2026-00072,train,Valid Claim,v1,claim_cards/train/Valid Claim/CLM-2026-00072_v1.png,CLM-2026-00072_v1.png
CLM-2026-00072,train,Valid Claim,v2,claim_cards/train/Valid Claim/CLM-2026-00072_v2.png,CLM-2026-00072_v2.png
CLM-2026-01149,train,Manual Review,v1,claim_cards/train/Manual Review/CLM-2026-01149_v1.png,CLM-2026-01149_v1.png
CLM-2026-01149,train,Manual Review,v2,claim_cards/train/Manual Review/CLM-2026-01149_v2.png,CLM-2026-01149_v2.png
CLM-2026-01014,train,Manual Review,v1,claim_cards/train/Manual Review/CLM-2026-01014_v1.png,CLM-2026-01014_v1.png
CLM-2026-01014,train,Manual Review,v2,claim_cards/train/Manual Review/CLM-2026-01014_v2.png,CLM-2026-01014_v2.png
CLM-2026-01329,train,Manual Review,v1,claim_cards/train/Manual Review/CLM-2026-01329_v1.png,CLM-2026-01329_v1.png
CLM-2026-01329,train,Manual Review,v2,claim_cards/train/Manual Review/CLM-2026-01329_v2.png,CLM-2026-01329_v2.png
CLM-2026-01234,train,Manual Review,v1,claim_cards/train/Manual Review/CLM-2026-01234_v1.png,CLM-2026-01234_v1.png
CLM-2026-01234,train,Manual Review,v2,claim_cards/train/Manual Review/CLM-2026-01234_v2.png,CLM-2026-01234_v2.png
CLM-2026-01197,train,Manual Review,v1,claim_cards/train/Manual Review/CLM-2026-01197_v1.png,CLM-2026-01197_v1.png
CLM-2026-01197,train,Manual Review,v2,claim_cards/train/Manual Review/CLM-2026-01197_v2.png,CLM-2026-01197_v2.png
CLM-2026-01351,train,Manual Review,v1,claim_cards/train/Manual Review/CLM-2026-01351_v1.png,CLM-2026-01351_v1.png
CLM-2026-01351,train,Manual Review,v2,claim_cards/train/Manual Review/CLM-2026-01351_v2.png,CLM-2026-01351_v2.png
CLM-2026-00882,train,Invalid Claim,v1,claim_cards/train/Invalid Claim/CLM-2026-00882_v1.png,CLM-2026-00882_v1.png
CLM-2026-00882,train,Invalid Claim,v2,claim_cards/train/Invalid Claim/CLM-2026-00882_v2.png,CLM-2026-00882_v2.png
CLM-2026-00762,train,Invalid Claim,v1,claim_cards/train/Invalid Claim/CLM-2026-00762_v1.png,CLM-2026-00762_v1.png
CLM-2026-00762,train,Invalid Claim,v2,claim_cards/train/Invalid Claim/CLM-2026-00762_v2.png,CLM-2026-00762_v2.png
CLM-2026-01177,train,Manual Review,v1,claim_cards/train/Manual Review/CLM-2026-01177_v1.png,CLM-2026-01177_v1.png
CLM-2026-01177,train,Manual Review,v2,claim_cards/train/Manual Review/CLM-2026-01177_v2.png,CLM-2026-01177_v2.png
CLM-2026-01500,train,Manual Review,v1,claim_cards/train/Manual Review/CLM-2026-01500_v1.png,CLM-2026-01500_v1.png
CLM-2026-01500,train,Manual Review,v2,claim_cards/train/Manual Review/CLM-2026-01500_v2.png,CLM-2026-01500_v2.png
CLM-2026-00847,train,Invalid Claim,v1,claim_cards/train/Invalid Claim/CLM-2026-00847_v1.png,CLM-2026-00847_v1.png
CLM-2026-00847,train,Invalid Claim,v2,claim_cards/train/Invalid Claim/CLM-2026-00847_v2.png,CLM-2026-00847_v2.png
CLM-2026-00727,train,Invalid Claim,v1,claim_cards/train/Invalid Claim/CLM-2026-00727_v1.png,CLM-2026-00727_v1.png
CLM-2026-00727,train,Invalid Claim,v2,claim_cards/train/Invalid Claim/CLM-2026-00727_v2.png,CLM-2026-00727_v2.png
CLM-2026-01350,train,Manual Review,v1,claim_cards/train/Manual Review/CLM-2026-01350_v1.png,CLM-2026-01350_v1.png
CLM-2026-01350,train,Manual Review,v2,claim_cards/train/Manual Review/CLM-2026-01350_v2.png,CLM-2026-01350_v2.png
CLM-2026-00339,train,Valid Claim,v1,claim_cards/train/Valid Claim/CLM-2026-00339_v1.png,CLM-2026-00339_v1.png
CLM-2026-00339,train,Valid Claim,v2,claim_cards/train/Valid Claim/CLM-2026-00339_v2.png,CLM-2026-00339_v2.png
CLM-2026-00393,train,Valid Claim,v1,claim_cards/train/Valid Claim/CLM-2026-00393_v1.png,CLM-2026-00393_v1.png
CLM-2026-00393,train,Valid Claim,v2,claim_cards/train/Valid Claim/CLM-2026-00393_v2.png,CLM-2026-00393_v2.png
CLM-2026-01079,train,Manual Review,v1,claim_cards/train/Manual Review/CLM-2026-01079_v1.png,CLM-2026-01079_v1.png
CLM-2026-01079,train,Manual Review,v2,claim_cards/train/Manual Review/CLM-2026-01079_v2.png,CLM-2026-01079_v2.png
CLM-2026-00106,train,Valid Claim,v1,claim_cards/train/Valid Claim/CLM-2026-00106_v1.png,CLM-2026-00106_v1.png
CLM-2026-00106,train,Valid Claim,v2,claim_cards/train/Valid Claim/CLM-2026-00106_v2.png,CLM-2026-00106_v2.png
CLM-2026-00423,train,Valid Claim,v1,claim_cards/train/Valid Claim/CLM-2026-00423_v1.png,CLM-2026-00423_v1.png
CLM-2026-00423,train,Valid Claim,v2,claim_cards/train/Valid Claim/CLM-2026-00423_v2.png,CLM-2026-00423_v2.png
CLM-2026-00137,train,Valid Claim,v1,claim_cards/train/Valid Claim/CLM-2026-00137_v1.png,CLM-2026-00137_v1.png
CLM-2026-00137,train,Valid Claim,v2,claim_cards/train/Valid Claim/CLM-2026-00137_v2.png,CLM-2026-00137_v2.png
CLM-2026-00371,train,Valid Claim,v1,claim_cards/train/Valid Claim/CLM-2026-00371_v1.png,CLM-2026-00371_v1.png
CLM-2026-00371,train,Valid Claim,v2,claim_cards/train/Valid Claim/CLM-2026-00371_v2.png,CLM-2026-00371_v2.png
CLM-2026-01094,train,Manual Review,v1,claim_cards/train/Manual Review/CLM-2026-01094_v1.png,CLM-2026-01094_v1.png
CLM-2026-01094,train,Manual Review,v2,claim_cards/train/Manual Review/CLM-2026-01094_v2.png,CLM-2026-01094_v2.png
CLM-2026-01162,train,Manual Review,v1,claim_cards/train/Manual Review/CLM-2026-01162_v1.png,CLM-2026-01162_v1.png
CLM-2026-01162,train,Manual Review,v2,claim_cards/train/Manual Review/CLM-2026-01162_v2.png,CLM-2026-01162_v2.png
CLM-2026-01104,train,Manual Review,v1,claim_cards/train/Manual Review/CLM-2026-01104_v1.png,CLM-2026-01104_v1.png
CLM-2026-01104,train,Manual Review,v2,claim_cards/train/Manual Review/CLM-2026-01104_v2.png,CLM-2026-01104_v2.png
CLM-2026-00029,train,Valid Claim,v1,claim_cards/train/Valid Claim/CLM-2026-00029_v1.png,CLM-2026-00029_v1.png
CLM-2026-00029,train,Valid Claim,v2,claim_cards/train/Valid Claim/CLM-2026-00029_v2.png,CLM-2026-00029_v2.png
CLM-2026-00141,train,Valid Claim,v1,claim_cards/train/Valid Claim/CLM-2026-00141_v1.png,CLM-2026-00141_v1.png
CLM-2026-00141,train,Valid Claim,v2,claim_cards/train/Valid Claim/CLM-2026-00141_v2.png,CLM-2026-00141_v2.png
CLM-2026-00986,train,Invalid Claim,v1,claim_cards/train/Invalid Claim/CLM-2026-00986_v1.png,CLM-2026-00986_v1.png
CLM-2026-00986,train,Invalid Claim,v2,claim_cards/train/Invalid Claim/CLM-2026-00986_v2.png,CLM-2026-00986_v2.png
CLM-2026-00668,train,Invalid Claim,v1,claim_cards/train/Invalid Claim/CLM-2026-00668_v1.png,CLM-2026-00668_v1.png
CLM-2026-00668,train,Invalid Claim,v2,claim_cards/train/Invalid Claim/CLM-2026-00668_v2.png,CLM-2026-00668_v2.png
CLM-2026-01457,train,Manual Review,v1,claim_cards/train/Manual Review/CLM-2026-01457_v1.png,CLM-2026-01457_v1.png
CLM-2026-01457,train,Manual Review,v2,claim_cards/train/Manual Review/CLM-2026-01457_v2.png,CLM-2026-01457_v2.png
CLM-2026-00329,train,Valid Claim,v1,claim_cards/train/Valid Claim/CLM-2026-00329_v1.png,CLM-2026-00329_v1.png
CLM-2026-00329,train,Valid Claim,v2,claim_cards/train/Valid Claim/CLM-2026-00329_v2.png,CLM-2026-00329_v2.png
CLM-2026-00833,train,Invalid Claim,v1,claim_cards/train/Invalid Claim/CLM-2026-00833_v1.png,CLM-2026-00833_v1.png
CLM-2026-00833,train,Invalid Claim,v2,claim_cards/train/Invalid Claim/CLM-2026-00833_v2.png,CLM-2026-00833_v2.png
CLM-2026-00061,train,Valid Claim,v1,claim_cards/train/Valid Claim/CLM-2026-00061_v1.png,CLM-2026-00061_v1.png
CLM-2026-00061,train,Valid Claim,v2,claim_cards/train/Valid Claim/CLM-2026-00061_v2.png,CLM-2026-00061_v2.png
CLM-2026-00780,train,Invalid Claim,v1,claim_cards/train/Invalid Claim/CLM-2026-00780_v1.png,CLM-2026-00780_v1.png
CLM-2026-00780,train,Invalid Claim,v2,claim_cards/train/Invalid Claim/CLM-2026-00780_v2.png,CLM-2026-00780_v2.png
CLM-2026-00985,train,Invalid Claim,v1,claim_cards/train/Invalid Claim/CLM-2026-00985_v1.png,CLM-2026-00985_v1.png
CLM-2026-00985,train,Invalid Claim,v2,claim_cards/train/Invalid Claim/CLM-2026-00985_v2.png,CLM-2026-00985_v2.png
CLM-2026-00517,train,Invalid Claim,v1,claim_cards/train/Invalid Claim/CLM-2026-00517_v1.png,CLM-2026-00517_v1.png
CLM-2026-00517,train,Invalid Claim,v2,claim_cards/train/Invalid Claim/CLM-2026-00517_v2.png,CLM-2026-00517_v2.png
CLM-2026-01307,train,Manual Review,v1,claim_cards/train/Manual Review/CLM-2026-01307_v1.png,CLM-2026-01307_v1.png
CLM-2026-01307,train,Manual Review,v2,claim_cards/train/Manual Review/CLM-2026-01307_v2.png,CLM-2026-01307_v2.png
CLM-2026-01095,train,Manual Review,v1,claim_cards/train/Manual Review/CLM-2026-01095_v1.png,CLM-2026-01095_v1.png
CLM-2026-01095,train,Manual Review,v2,claim_cards/train/Manual Review/CLM-2026-01095_v2.png,CLM-2026-01095_v2.png
CLM-2026-01126,train,Manual Review,v1,claim_cards/train/Manual Review/CLM-2026-01126_v1.png,CLM-2026-01126_v1.png
CLM-2026-01126,train,Manual Review,v2,claim_cards/train/Manual Review/CLM-2026-01126_v2.png,CLM-2026-01126_v2.png
CLM-2026-00274,train,Valid Claim,v1,claim_cards/train/Valid Claim/CLM-2026-00274_v1.png,CLM-2026-00274_v1.png
CLM-2026-00274,train,Valid Claim,v2,claim_cards/train/Valid Claim/CLM-2026-00274_v2.png,CLM-2026-00274_v2.png
CLM-2026-00964,train,Invalid Claim,v1,claim_cards/train/Invalid Claim/CLM-2026-00964_v1.png,CLM-2026-00964_v1.png
CLM-2026-00964,train,Invalid Claim,v2,claim_cards/train/Invalid Claim/CLM-2026-00964_v2.png,CLM-2026-00964_v2.png
CLM-2026-01164,train,Manual Review,v1,claim_cards/train/Manual Review/CLM-2026-01164_v1.png,CLM-2026-01164_v1.png
CLM-2026-01164,train,Manual Review,v2,claim_cards/train/Manual Review/CLM-2026-01164_v2.png,CLM-2026-01164_v2.png
CLM-2026-00883,train,Invalid Claim,v1,claim_cards/train/Invalid Claim/CLM-2026-00883_v1.png,CLM-2026-00883_v1.png
CLM-2026-00883,train,Invalid Claim,v2,claim_cards/train/Invalid Claim/CLM-2026-00883_v2.png,CLM-2026-00883_v2.png
CLM-2026-01256,train,Manual Review,v1,claim_cards/train/Manual Review/CLM-2026-01256_v1.png,CLM-2026-01256_v1.png
CLM-2026-01256,train,Manual Review,v2,claim_cards/train/Manual Review/CLM-2026-01256_v2.png,CLM-2026-01256_v2.png
CLM-2026-00573,train,Invalid Claim,v1,claim_cards/train/Invalid Claim/CLM-2026-00573_v1.png,CLM-2026-00573_v1.png
CLM-2026-00573,train,Invalid Claim,v2,claim_cards/train/Invalid Claim/CLM-2026-00573_v2.png,CLM-2026-00573_v2.png
CLM-2026-01160,train,Manual Review,v1,claim_cards/train/Manual Review/CLM-2026-01160_v1.png,CLM-2026-01160_v1.png
CLM-2026-01160,train,Manual Review,v2,claim_cards/train/Manual Review/CLM-2026-01160_v2.png,CLM-2026-01160_v2.png
CLM-2026-01390,train,Manual Review,v1,claim_cards/train/Manual Review/CLM-2026-01390_v1.png,CLM-2026-01390_v1.png
CLM-2026-01390,train,Manual Review,v2,claim_cards/train/Manual Review/CLM-2026-01390_v2.png,CLM-2026-01390_v2.png
CLM-2026-01097,train,Manual Review,v1,claim_cards/train/Manual Review/CLM-2026-01097_v1.png,CLM-2026-01097_v1.png
CLM-2026-01097,train,Manual Review,v2,claim_cards/train/Manual Review/CLM-2026-01097_v2.png,CLM-2026-01097_v2.png
CLM-2026-00254,train,Valid Claim,v1,claim_cards/train/Valid Claim/CLM-2026-00254_v1.png,CLM-2026-00254_v1.png
CLM-2026-00254,train,Valid Claim,v2,claim_cards/train/Valid Claim/CLM-2026-00254_v2.png,CLM-2026-00254_v2.png
CLM-2026-00208,train,Valid Claim,v1,claim_cards/train/Valid Claim/CLM-2026-00208_v1.png,CLM-2026-00208_v1.png
CLM-2026-00208,train,Valid Claim,v2,claim_cards/train/Valid Claim/CLM-2026-00208_v2.png,CLM-2026-00208_v2.png
CLM-2026-00997,train,Invalid Claim,v1,claim_cards/train/Invalid Claim/CLM-2026-00997_v1.png,CLM-2026-00997_v1.png
CLM-2026-00997,train,Invalid Claim,v2,claim_cards/train/Invalid Claim/CLM-2026-00997_v2.png,CLM-2026-00997_v2.png
CLM-2026-00402,train,Valid Claim,v1,claim_cards/train/Valid Claim/CLM-2026-00402_v1.png,CLM-2026-00402_v1.png
CLM-2026-00402,train,Valid Claim,v2,claim_cards/train/Valid Claim/CLM-2026-00402_v2.png,CLM-2026-00402_v2.png
CLM-2026-01462,train,Manual Review,v1,claim_cards/train/Manual Review/CLM-2026-01462_v1.png,CLM-2026-01462_v1.png
CLM-2026-01462,train,Manual Review,v2,claim_cards/train/Manual Review/CLM-2026-01462_v2.png,CLM-2026-01462_v2.png
CLM-2026-00640,train,Invalid Claim,v1,claim_cards/train/Invalid Claim/CLM-2026-00640_v1.png,CLM-2026-00640_v1.png
CLM-2026-00640,train,Invalid Claim,v2,claim_cards/train/Invalid Claim/CLM-2026-00640_v2.png,CLM-2026-00640_v2.png
CLM-2026-00446,train,Valid Claim,v1,claim_cards/train/Valid Claim/CLM-2026-00446_v1.png,CLM-2026-00446_v1.png
CLM-2026-00446,train,Valid Claim,v2,claim_cards/train/Valid Claim/CLM-2026-00446_v2.png,CLM-2026-00446_v2.png
CLM-2026-01367,train,Manual Review,v1,claim_cards/train/Manual Review/CLM-2026-01367_v1.png,CLM-2026-01367_v1.png
CLM-2026-01367,train,Manual Review,v2,claim_cards/train/Manual Review/CLM-2026-01367_v2.png,CLM-2026-01367_v2.png
CLM-2026-01270,train,Manual Review,v1,claim_cards/train/Manual Review/CLM-2026-01270_v1.png,CLM-2026-01270_v1.png
CLM-2026-01270,train,Manual Review,v2,claim_cards/train/Manual Review/CLM-2026-01270_v2.png,CLM-2026-01270_v2.png
CLM-2026-00261,train,Valid Claim,v1,claim_cards/train/Valid Claim/CLM-2026-00261_v1.png,CLM-2026-00261_v1.png
CLM-2026-00261,train,Valid Claim,v2,claim_cards/train/Valid Claim/CLM-2026-00261_v2.png,CLM-2026-00261_v2.png
CLM-2026-00101,train,Valid Claim,v1,claim_cards/train/Valid Claim/CLM-2026-00101_v1.png,CLM-2026-00101_v1.png
CLM-2026-00101,train,Valid Claim,v2,claim_cards/train/Valid Claim/CLM-2026-00101_v2.png,CLM-2026-00101_v2.png
CLM-2026-00033,train,Valid Claim,v1,claim_cards/train/Valid Claim/CLM-2026-00033_v1.png,CLM-2026-00033_v1.png
CLM-2026-00033,train,Valid Claim,v2,claim_cards/train/Valid Claim/CLM-2026-00033_v2.png,CLM-2026-00033_v2.png
CLM-2026-00958,train,Invalid Claim,v1,claim_cards/train/Invalid Claim/CLM-2026-00958_v1.png,CLM-2026-00958_v1.png
CLM-2026-00958,train,Invalid Claim,v2,claim_cards/train/Invalid Claim/CLM-2026-00958_v2.png,CLM-2026-00958_v2.png
CLM-2026-00856,train,Invalid Claim,v1,claim_cards/train/Invalid Claim/CLM-2026-00856_v1.png,CLM-2026-00856_v1.png
CLM-2026-00856,train,Invalid Claim,v2,claim_cards/train/Invalid Claim/CLM-2026-00856_v2.png,CLM-2026-00856_v2.png
CLM-2026-01460,train,Manual Review,v1,claim_cards/train/Manual Review/CLM-2026-01460_v1.png,CLM-2026-01460_v1.png
CLM-2026-01460,train,Manual Review,v2,claim_cards/train/Manual Review/CLM-2026-01460_v2.png,CLM-2026-01460_v2.png
CLM-2026-01154,train,Manual Review,v1,claim_cards/train/Manual Review/CLM-2026-01154_v1.png,CLM-2026-01154_v1.png
CLM-2026-01154,train,Manual Review,v2,claim_cards/train/Manual Review/CLM-2026-01154_v2.png,CLM-2026-01154_v2.png
CLM-2026-01237,train,Manual Review,v1,claim_cards/train/Manual Review/CLM-2026-01237_v1.png,CLM-2026-01237_v1.png
CLM-2026-01237,train,Manual Review,v2,claim_cards/train/Manual Review/CLM-2026-01237_v2.png,CLM-2026-01237_v2.png
CLM-2026-00425,train,Valid Claim,v1,claim_cards/train/Valid Claim/CLM-2026-00425_v1.png,CLM-2026-00425_v1.png
CLM-2026-00425,train,Valid Claim,v2,claim_cards/train/Valid Claim/CLM-2026-00425_v2.png,CLM-2026-00425_v2.png
CLM-2026-00838,train,Invalid Claim,v1,claim_cards/train/Invalid Claim/CLM-2026-00838_v1.png,CLM-2026-00838_v1.png
CLM-2026-00838,train,Invalid Claim,v2,claim_cards/train/Invalid Claim/CLM-2026-00838_v2.png,CLM-2026-00838_v2.png
CLM-2026-00445,train,Valid Claim,v1,claim_cards/train/Valid Claim/CLM-2026-00445_v1.png,CLM-2026-00445_v1.png
CLM-2026-00445,train,Valid Claim,v2,claim_cards/train/Valid Claim/CLM-2026-00445_v2.png,CLM-2026-00445_v2.png
CLM-2026-00773,train,Invalid Claim,v1,claim_cards/train/Invalid Claim/CLM-2026-00773_v1.png,CLM-2026-00773_v1.png
CLM-2026-00773,train,Invalid Claim,v2,claim_cards/train/Invalid Claim/CLM-2026-00773_v2.png,CLM-2026-00773_v2.png
CLM-2026-01068,train,Manual Review,v1,claim_cards/train/Manual Review/CLM-2026-01068_v1.png,CLM-2026-01068_v1.png
CLM-2026-01068,train,Manual Review,v2,claim_cards/train/Manual Review/CLM-2026-01068_v2.png,CLM-2026-01068_v2.png
CLM-2026-00824,train,Invalid Claim,v1,claim_cards/train/Invalid Claim/CLM-2026-00824_v1.png,CLM-2026-00824_v1.png
CLM-2026-00824,train,Invalid Claim,v2,claim_cards/train/Invalid Claim/CLM-2026-00824_v2.png,CLM-2026-00824_v2.png
CLM-2026-00399,train,Valid Claim,v1,claim_cards/train/Valid Claim/CLM-2026-00399_v1.png,CLM-2026-00399_v1.png
CLM-2026-00399,train,Valid Claim,v2,claim_cards/train/Valid Claim/CLM-2026-00399_v2.png,CLM-2026-00399_v2.png
CLM-2026-00160,train,Valid Claim,v1,claim_cards/train/Valid Claim/CLM-2026-00160_v1.png,CLM-2026-00160_v1.png
CLM-2026-00160,train,Valid Claim,v2,claim_cards/train/Valid Claim/CLM-2026-00160_v2.png,CLM-2026-00160_v2.png
CLM-2026-00921,train,Invalid Claim,v1,claim_cards/train/Invalid Claim/CLM-2026-00921_v1.png,CLM-2026-00921_v1.png
CLM-2026-00921,train,Invalid Claim,v2,claim_cards/train/Invalid Claim/CLM-2026-00921_v2.png,CLM-2026-00921_v2.png
CLM-2026-00959,train,Invalid Claim,v1,claim_cards/train/Invalid Claim/CLM-2026-00959_v1.png,CLM-2026-00959_v1.png
CLM-2026-00959,train,Invalid Claim,v2,claim_cards/train/Invalid Claim/CLM-2026-00959_v2.png,CLM-2026-00959_v2.png
CLM-2026-00702,train,Invalid Claim,v1,claim_cards/train/Invalid Claim/CLM-2026-00702_v1.png,CLM-2026-00702_v1.png
CLM-2026-00702,train,Invalid Claim,v2,claim_cards/train/Invalid Claim/CLM-2026-00702_v2.png,CLM-2026-00702_v2.png
CLM-2026-00641,train,Invalid Claim,v1,claim_cards/train/Invalid Claim/CLM-2026-00641_v1.png,CLM-2026-00641_v1.png
CLM-2026-00641,train,Invalid Claim,v2,claim_cards/train/Invalid Claim/CLM-2026-00641_v2.png,CLM-2026-00641_v2.png
CLM-2026-00497,train,Valid Claim,v1,claim_cards/train/Valid Claim/CLM-2026-00497_v1.png,CLM-2026-00497_v1.png
CLM-2026-00497,train,Valid Claim,v2,claim_cards/train/Valid Claim/CLM-2026-00497_v2.png,CLM-2026-00497_v2.png
CLM-2026-00825,train,Invalid Claim,v1,claim_cards/train/Invalid Claim/CLM-2026-00825_v1.png,CLM-2026-00825_v1.png
CLM-2026-00825,train,Invalid Claim,v2,claim_cards/train/Invalid Claim/CLM-2026-00825_v2.png,CLM-2026-00825_v2.png
CLM-2026-00848,train,Invalid Claim,v1,claim_cards/train/Invalid Claim/CLM-2026-00848_v1.png,CLM-2026-00848_v1.png
CLM-2026-00848,train,Invalid Claim,v2,claim_cards/train/Invalid Claim/CLM-2026-00848_v2.png,CLM-2026-00848_v2.png
CLM-2026-00404,train,Valid Claim,v1,claim_cards/train/Valid Claim/CLM-2026-00404_v1.png,CLM-2026-00404_v1.png
CLM-2026-00404,train,Valid Claim,v2,claim_cards/train/Valid Claim/CLM-2026-00404_v2.png,CLM-2026-00404_v2.png
CLM-2026-00354,train,Valid Claim,v1,claim_cards/train/Valid Claim/CLM-2026-00354_v1.png,CLM-2026-00354_v1.png
CLM-2026-00354,train,Valid Claim,v2,claim_cards/train/Valid Claim/CLM-2026-00354_v2.png,CLM-2026-00354_v2.png
CLM-2026-00012,train,Valid Claim,v1,claim_cards/train/Valid Claim/CLM-2026-00012_v1.png,CLM-2026-00012_v1.png
CLM-2026-00012,train,Valid Claim,v2,claim_cards/train/Valid Claim/CLM-2026-00012_v2.png,CLM-2026-00012_v2.png
CLM-2026-00940,train,Invalid Claim,v1,claim_cards/train/Invalid Claim/CLM-2026-00940_v1.png,CLM-2026-00940_v1.png
CLM-2026-00940,train,Invalid Claim,v2,claim_cards/train/Invalid Claim/CLM-2026-00940_v2.png,CLM-2026-00940_v2.png
CLM-2026-00451,train,Valid Claim,v1,claim_cards/train/Valid Claim/CLM-2026-00451_v1.png,CLM-2026-00451_v1.png
CLM-2026-00451,train,Valid Claim,v2,claim_cards/train/Valid Claim/CLM-2026-00451_v2.png,CLM-2026-00451_v2.png
CLM-2026-00256,train,Valid Claim,v1,claim_cards/train/Valid Claim/CLM-2026-00256_v1.png,CLM-2026-00256_v1.png
CLM-2026-00256,train,Valid Claim,v2,claim_cards/train/Valid Claim/CLM-2026-00256_v2.png,CLM-2026-00256_v2.png
CLM-2026-00649,train,Invalid Claim,v1,claim_cards/train/Invalid Claim/CLM-2026-00649_v1.png,CLM-2026-00649_v1.png
CLM-2026-00649,train,Invalid Claim,v2,claim_cards/train/Invalid Claim/CLM-2026-00649_v2.png,CLM-2026-00649_v2.png
CLM-2026-00536,train,Invalid Claim,v1,claim_cards/train/Invalid Claim/CLM-2026-00536_v1.png,CLM-2026-00536_v1.png
CLM-2026-00536,train,Invalid Claim,v2,claim_cards/train/Invalid Claim/CLM-2026-00536_v2.png,CLM-2026-00536_v2.png
CLM-2026-01196,train,Manual Review,v1,claim_cards/train/Manual Review/CLM-2026-01196_v1.png,CLM-2026-01196_v1.png
CLM-2026-01196,train,Manual Review,v2,claim_cards/train/Manual Review/CLM-2026-01196_v2.png,CLM-2026-01196_v2.png
CLM-2026-00709,train,Invalid Claim,v1,claim_cards/train/Invalid Claim/CLM-2026-00709_v1.png,CLM-2026-00709_v1.png
CLM-2026-00709,train,Invalid Claim,v2,claim_cards/train/Invalid Claim/CLM-2026-00709_v2.png,CLM-2026-00709_v2.png
CLM-2026-00447,train,Valid Claim,v1,claim_cards/train/Valid Claim/CLM-2026-00447_v1.png,CLM-2026-00447_v1.png
CLM-2026-00447,train,Valid Claim,v2,claim_cards/train/Valid Claim/CLM-2026-00447_v2.png,CLM-2026-00447_v2.png
CLM-2026-00307,train,Valid Claim,v1,claim_cards/train/Valid Claim/CLM-2026-00307_v1.png,CLM-2026-00307_v1.png
CLM-2026-00307,train,Valid Claim,v2,claim_cards/train/Valid Claim/CLM-2026-00307_v2.png,CLM-2026-00307_v2.png
CLM-2026-01393,train,Manual Review,v1,claim_cards/train/Manual Review/CLM-2026-01393_v1.png,CLM-2026-01393_v1.png
CLM-2026-01393,train,Manual Review,v2,claim_cards/train/Manual Review/CLM-2026-01393_v2.png,CLM-2026-01393_v2.png
CLM-2026-00385,train,Valid Claim,v1,claim_cards/train/Valid Claim/CLM-2026-00385_v1.png,CLM-2026-00385_v1.png
CLM-2026-00385,train,Valid Claim,v2,claim_cards/train/Valid Claim/CLM-2026-00385_v2.png,CLM-2026-00385_v2.png
CLM-2026-00933,train,Invalid Claim,v1,claim_cards/train/Invalid Claim/CLM-2026-00933_v1.png,CLM-2026-00933_v1.png
CLM-2026-00933,train,Invalid Claim,v2,claim_cards/train/Invalid Claim/CLM-2026-00933_v2.png,CLM-2026-00933_v2.png
CLM-2026-01470,train,Manual Review,v1,claim_cards/train/Manual Review/CLM-2026-01470_v1.png,CLM-2026-01470_v1.png
CLM-2026-01470,train,Manual Review,v2,claim_cards/train/Manual Review/CLM-2026-01470_v2.png,CLM-2026-01470_v2.png
CLM-2026-00839,train,Invalid Claim,v1,claim_cards/train/Invalid Claim/CLM-2026-00839_v1.png,CLM-2026-00839_v1.png
CLM-2026-00839,train,Invalid Claim,v2,claim_cards/train/Invalid Claim/CLM-2026-00839_v2.png,CLM-2026-00839_v2.png
CLM-2026-00615,train,Invalid Claim,v1,claim_cards/train/Invalid Claim/CLM-2026-00615_v1.png,CLM-2026-00615_v1.png
CLM-2026-00615,train,Invalid Claim,v2,claim_cards/train/Invalid Claim/CLM-2026-00615_v2.png,CLM-2026-00615_v2.png
CLM-2026-00867,train,Invalid Claim,v1,claim_cards/train/Invalid Claim/CLM-2026-00867_v1.png,CLM-2026-00867_v1.png
CLM-2026-00867,train,Invalid Claim,v2,claim_cards/train/Invalid Claim/CLM-2026-00867_v2.png,CLM-2026-00867_v2.png
CLM-2026-00350,train,Valid Claim,v1,claim_cards/train/Valid Claim/CLM-2026-00350_v1.png,CLM-2026-00350_v1.png
CLM-2026-00350,train,Valid Claim,v2,claim_cards/train/Valid Claim/CLM-2026-00350_v2.png,CLM-2026-00350_v2.png
CLM-2026-01178,train,Manual Review,v1,claim_cards/train/Manual Review/CLM-2026-01178_v1.png,CLM-2026-01178_v1.png
CLM-2026-01178,train,Manual Review,v2,claim_cards/train/Manual Review/CLM-2026-01178_v2.png,CLM-2026-01178_v2.png
CLM-2026-00049,train,Valid Claim,v1,claim_cards/train/Valid Claim/CLM-2026-00049_v1.png,CLM-2026-00049_v1.png
CLM-2026-00049,train,Valid Claim,v2,claim_cards/train/Valid Claim/CLM-2026-00049_v2.png,CLM-2026-00049_v2.png
CLM-2026-00037,train,Valid Claim,v1,claim_cards/train/Valid Claim/CLM-2026-00037_v1.png,CLM-2026-00037_v1.png
CLM-2026-00037,train,Valid Claim,v2,claim_cards/train/Valid Claim/CLM-2026-00037_v2.png,CLM-2026-00037_v2.png
CLM-2026-00526,train,Invalid Claim,v1,claim_cards/train/Invalid Claim/CLM-2026-00526_v1.png,CLM-2026-00526_v1.png
CLM-2026-00526,train,Invalid Claim,v2,claim_cards/train/Invalid Claim/CLM-2026-00526_v2.png,CLM-2026-00526_v2.png
CLM-2026-00276,train,Valid Claim,v1,claim_cards/train/Valid Claim/CLM-2026-00276_v1.png,CLM-2026-00276_v1.png
CLM-2026-00276,train,Valid Claim,v2,claim_cards/train/Valid Claim/CLM-2026-00276_v2.png,CLM-2026-00276_v2.png
CLM-2026-01119,train,Manual Review,v1,claim_cards/train/Manual Review/CLM-2026-01119_v1.png,CLM-2026-01119_v1.png
CLM-2026-01119,train,Manual Review,v2,claim_cards/train/Manual Review/CLM-2026-01119_v2.png,CLM-2026-01119_v2.png
CLM-2026-00562,train,Invalid Claim,v1,claim_cards/train/Invalid Claim/CLM-2026-00562_v1.png,CLM-2026-00562_v1.png
CLM-2026-00562,train,Invalid Claim,v2,claim_cards/train/Invalid Claim/CLM-2026-00562_v2.png,CLM-2026-00562_v2.png
CLM-2026-00610,train,Invalid Claim,v1,claim_cards/train/Invalid Claim/CLM-2026-00610_v1.png,CLM-2026-00610_v1.png
CLM-2026-00610,train,Invalid Claim,v2,claim_cards/train/Invalid Claim/CLM-2026-00610_v2.png,CLM-2026-00610_v2.png
CLM-2026-00169,train,Valid Claim,v1,claim_cards/train/Valid Claim/CLM-2026-00169_v1.png,CLM-2026-00169_v1.png
CLM-2026-00169,train,Valid Claim,v2,claim_cards/train/Valid Claim/CLM-2026-00169_v2.png,CLM-2026-00169_v2.png
CLM-2026-00697,train,Invalid Claim,v1,claim_cards/train/Invalid Claim/CLM-2026-00697_v1.png,CLM-2026-00697_v1.png
CLM-2026-00697,train,Invalid Claim,v2,claim_cards/train/Invalid Claim/CLM-2026-00697_v2.png,CLM-2026-00697_v2.png
CLM-2026-00575,train,Invalid Claim,v1,claim_cards/train/Invalid Claim/CLM-2026-00575_v1.png,CLM-2026-00575_v1.png
CLM-2026-00575,train,Invalid Claim,v2,claim_cards/train/Invalid Claim/CLM-2026-00575_v2.png,CLM-2026-00575_v2.png
CLM-2026-00717,train,Invalid Claim,v1,claim_cards/train/Invalid Claim/CLM-2026-00717_v1.png,CLM-2026-00717_v1.png
CLM-2026-00717,train,Invalid Claim,v2,claim_cards/train/Invalid Claim/CLM-2026-00717_v2.png,CLM-2026-00717_v2.png
CLM-2026-00006,train,Valid Claim,v1,claim_cards/train/Valid Claim/CLM-2026-00006_v1.png,CLM-2026-00006_v1.png
CLM-2026-00006,train,Valid Claim,v2,claim_cards/train/Valid Claim/CLM-2026-00006_v2.png,CLM-2026-00006_v2.png
CLM-2026-00792,train,Invalid Claim,v1,claim_cards/train/Invalid Claim/CLM-2026-00792_v1.png,CLM-2026-00792_v1.png
CLM-2026-00792,train,Invalid Claim,v2,claim_cards/train/Invalid Claim/CLM-2026-00792_v2.png,CLM-2026-00792_v2.png
CLM-2026-00152,train,Valid Claim,v1,claim_cards/train/Valid Claim/CLM-2026-00152_v1.png,CLM-2026-00152_v1.png
CLM-2026-00152,train,Valid Claim,v2,claim_cards/train/Valid Claim/CLM-2026-00152_v2.png,CLM-2026-00152_v2.png
CLM-2026-00093,train,Valid Claim,v1,claim_cards/train/Valid Claim/CLM-2026-00093_v1.png,CLM-2026-00093_v1.png
CLM-2026-00093,train,Valid Claim,v2,claim_cards/train/Valid Claim/CLM-2026-00093_v2.png,CLM-2026-00093_v2.png
CLM-2026-00156,train,Valid Claim,v1,claim_cards/train/Valid Claim/CLM-2026-00156_v1.png,CLM-2026-00156_v1.png
CLM-2026-00156,train,Valid Claim,v2,claim_cards/train/Valid Claim/CLM-2026-00156_v2.png,CLM-2026-00156_v2.png
CLM-2026-01050,train,Manual Review,v1,claim_cards/train/Manual Review/CLM-2026-01050_v1.png,CLM-2026-01050_v1.png
CLM-2026-01050,train,Manual Review,v2,claim_cards/train/Manual Review/CLM-2026-01050_v2.png,CLM-2026-01050_v2.png
CLM-2026-00528,train,Invalid Claim,v1,claim_cards/train/Invalid Claim/CLM-2026-00528_v1.png,CLM-2026-00528_v1.png
CLM-2026-00528,train,Invalid Claim,v2,claim_cards/train/Invalid Claim/CLM-2026-00528_v2.png,CLM-2026-00528_v2.png
CLM-2026-00669,train,Invalid Claim,v1,claim_cards/train/Invalid Claim/CLM-2026-00669_v1.png,CLM-2026-00669_v1.png
CLM-2026-00669,train,Invalid Claim,v2,claim_cards/train/Invalid Claim/CLM-2026-00669_v2.png,CLM-2026-00669_v2.png
CLM-2026-00116,train,Valid Claim,v1,claim_cards/train/Valid Claim/CLM-2026-00116_v1.png,CLM-2026-00116_v1.png
CLM-2026-00116,train,Valid Claim,v2,claim_cards/train/Valid Claim/CLM-2026-00116_v2.png,CLM-2026-00116_v2.png
CLM-2026-00735,train,Invalid Claim,v1,claim_cards/train/Invalid Claim/CLM-2026-00735_v1.png,CLM-2026-00735_v1.png
CLM-2026-00735,train,Invalid Claim,v2,claim_cards/train/Invalid Claim/CLM-2026-00735_v2.png,CLM-2026-00735_v2.png
CLM-2026-01148,train,Manual Review,v1,claim_cards/train/Manual Review/CLM-2026-01148_v1.png,CLM-2026-01148_v1.png
CLM-2026-01148,train,Manual Review,v2,claim_cards/train/Manual Review/CLM-2026-01148_v2.png,CLM-2026-01148_v2.png
CLM-2026-00553,train,Invalid Claim,v1,claim_cards/train/Invalid Claim/CLM-2026-00553_v1.png,CLM-2026-00553_v1.png
CLM-2026-00553,train,Invalid Claim,v2,claim_cards/train/Invalid Claim/CLM-2026-00553_v2.png,CLM-2026-00553_v2.png
CLM-2026-01130,train,Manual Review,v1,claim_cards/train/Manual Review/CLM-2026-01130_v1.png,CLM-2026-01130_v1.png
CLM-2026-01130,train,Manual Review,v2,claim_cards/train/Manual Review/CLM-2026-01130_v2.png,CLM-2026-01130_v2.png
CLM-2026-00284,train,Valid Claim,v1,claim_cards/train/Valid Claim/CLM-2026-00284_v1.png,CLM-2026-00284_v1.png
CLM-2026-00284,train,Valid Claim,v2,claim_cards/train/Valid Claim/CLM-2026-00284_v2.png,CLM-2026-00284_v2.png
CLM-2026-00194,train,Valid Claim,v1,claim_cards/train/Valid Claim/CLM-2026-00194_v1.png,CLM-2026-00194_v1.png
CLM-2026-00194,train,Valid Claim,v2,claim_cards/train/Valid Claim/CLM-2026-00194_v2.png,CLM-2026-00194_v2.png
CLM-2026-01186,train,Manual Review,v1,claim_cards/train/Manual Review/CLM-2026-01186_v1.png,CLM-2026-01186_v1.png
CLM-2026-01186,train,Manual Review,v2,claim_cards/train/Manual Review/CLM-2026-01186_v2.png,CLM-2026-01186_v2.png
CLM-2026-00308,train,Valid Claim,v1,claim_cards/train/Valid Claim/CLM-2026-00308_v1.png,CLM-2026-00308_v1.png
CLM-2026-00308,train,Valid Claim,v2,claim_cards/train/Valid Claim/CLM-2026-00308_v2.png,CLM-2026-00308_v2.png
CLM-2026-01043,train,Manual Review,v1,claim_cards/train/Manual Review/CLM-2026-01043_v1.png,CLM-2026-01043_v1.png
CLM-2026-01043,train,Manual Review,v2,claim_cards/train/Manual Review/CLM-2026-01043_v2.png,CLM-2026-01043_v2.png
CLM-2026-00591,train,Invalid Claim,v1,claim_cards/train/Invalid Claim/CLM-2026-00591_v1.png,CLM-2026-00591_v1.png
CLM-2026-00591,train,Invalid Claim,v2,claim_cards/train/Invalid Claim/CLM-2026-00591_v2.png,CLM-2026-00591_v2.png
CLM-2026-01340,train,Manual Review,v1,claim_cards/train/Manual Review/CLM-2026-01340_v1.png,CLM-2026-01340_v1.png
CLM-2026-01340,train,Manual Review,v2,claim_cards/train/Manual Review/CLM-2026-01340_v2.png,CLM-2026-01340_v2.png
CLM-2026-01377,train,Manual Review,v1,claim_cards/train/Manual Review/CLM-2026-01377_v1.png,CLM-2026-01377_v1.png
CLM-2026-01377,train,Manual Review,v2,claim_cards/train/Manual Review/CLM-2026-01377_v2.png,CLM-2026-01377_v2.png
CLM-2026-00461,train,Valid Claim,v1,claim_cards/train/Valid Claim/CLM-2026-00461_v1.png,CLM-2026-00461_v1.png
CLM-2026-00461,train,Valid Claim,v2,claim_cards/train/Valid Claim/CLM-2026-00461_v2.png,CLM-2026-00461_v2.png
CLM-2026-01277,train,Manual Review,v1,claim_cards/train/Manual Review/CLM-2026-01277_v1.png,CLM-2026-01277_v1.png
CLM-2026-01277,train,Manual Review,v2,claim_cards/train/Manual Review/CLM-2026-01277_v2.png,CLM-2026-01277_v2.png
CLM-2026-00207,train,Valid Claim,v1,claim_cards/train/Valid Claim/CLM-2026-00207_v1.png,CLM-2026-00207_v1.png
CLM-2026-00207,train,Valid Claim,v2,claim_cards/train/Valid Claim/CLM-2026-00207_v2.png,CLM-2026-00207_v2.png
CLM-2026-00147,train,Valid Claim,v1,claim_cards/train/Valid Claim/CLM-2026-00147_v1.png,CLM-2026-00147_v1.png
CLM-2026-00147,train,Valid Claim,v2,claim_cards/train/Valid Claim/CLM-2026-00147_v2.png,CLM-2026-00147_v2.png
CLM-2026-00827,train,Invalid Claim,v1,claim_cards/train/Invalid Claim/CLM-2026-00827_v1.png,CLM-2026-00827_v1.png
CLM-2026-00827,train,Invalid Claim,v2,claim_cards/train/Invalid Claim/CLM-2026-00827_v2.png,CLM-2026-00827_v2.png
CLM-2026-00846,train,Invalid Claim,v1,claim_cards/train/Invalid Claim/CLM-2026-00846_v1.png,CLM-2026-00846_v1.png
CLM-2026-00846,train,Invalid Claim,v2,claim_cards/train/Invalid Claim/CLM-2026-00846_v2.png,CLM-2026-00846_v2.png
CLM-2026-01301,train,Manual Review,v1,claim_cards/train/Manual Review/CLM-2026-01301_v1.png,CLM-2026-01301_v1.png
CLM-2026-01301,train,Manual Review,v2,claim_cards/train/Manual Review/CLM-2026-01301_v2.png,CLM-2026-01301_v2.png
CLM-2026-00365,train,Valid Claim,v1,claim_cards/train/Valid Claim/CLM-2026-00365_v1.png,CLM-2026-00365_v1.png
CLM-2026-00365,train,Valid Claim,v2,claim_cards/train/Valid Claim/CLM-2026-00365_v2.png,CLM-2026-00365_v2.png
CLM-2026-00441,train,Valid Claim,v1,claim_cards/train/Valid Claim/CLM-2026-00441_v1.png,CLM-2026-00441_v1.png
CLM-2026-00441,train,Valid Claim,v2,claim_cards/train/Valid Claim/CLM-2026-00441_v2.png,CLM-2026-00441_v2.png
CLM-2026-01085,train,Manual Review,v1,claim_cards/train/Manual Review/CLM-2026-01085_v1.png,CLM-2026-01085_v1.png
CLM-2026-01085,train,Manual Review,v2,claim_cards/train/Manual Review/CLM-2026-01085_v2.png,CLM-2026-01085_v2.png
CLM-2026-00334,train,Valid Claim,v1,claim_cards/train/Valid Claim/CLM-2026-00334_v1.png,CLM-2026-00334_v1.png
CLM-2026-00334,train,Valid Claim,v2,claim_cards/train/Valid Claim/CLM-2026-00334_v2.png,CLM-2026-00334_v2.png
CLM-2026-00845,train,Invalid Claim,v1,claim_cards/train/Invalid Claim/CLM-2026-00845_v1.png,CLM-2026-00845_v1.png
CLM-2026-00845,train,Invalid Claim,v2,claim_cards/train/Invalid Claim/CLM-2026-00845_v2.png,CLM-2026-00845_v2.png
CLM-2026-00240,train,Valid Claim,v1,claim_cards/train/Valid Claim/CLM-2026-00240_v1.png,CLM-2026-00240_v1.png
CLM-2026-00240,train,Valid Claim,v2,claim_cards/train/Valid Claim/CLM-2026-00240_v2.png,CLM-2026-00240_v2.png
CLM-2026-00060,train,Valid Claim,v1,claim_cards/train/Valid Claim/CLM-2026-00060_v1.png,CLM-2026-00060_v1.png
CLM-2026-00060,train,Valid Claim,v2,claim_cards/train/Valid Claim/CLM-2026-00060_v2.png,CLM-2026-00060_v2.png
CLM-2026-00017,train,Valid Claim,v1,claim_cards/train/Valid Claim/CLM-2026-00017_v1.png,CLM-2026-00017_v1.png
CLM-2026-00017,train,Valid Claim,v2,claim_cards/train/Valid Claim/CLM-2026-00017_v2.png,CLM-2026-00017_v2.png
CLM-2026-01354,train,Manual Review,v1,claim_cards/train/Manual Review/CLM-2026-01354_v1.png,CLM-2026-01354_v1.png
CLM-2026-01354,train,Manual Review,v2,claim_cards/train/Manual Review/CLM-2026-01354_v2.png,CLM-2026-01354_v2.png
CLM-2026-01145,train,Manual Review,v1,claim_cards/train/Manual Review/CLM-2026-01145_v1.png,CLM-2026-01145_v1.png
CLM-2026-01145,train,Manual Review,v2,claim_cards/train/Manual Review/CLM-2026-01145_v2.png,CLM-2026-01145_v2.png
CLM-2026-01364,train,Manual Review,v1,claim_cards/train/Manual Review/CLM-2026-01364_v1.png,CLM-2026-01364_v1.png
CLM-2026-01364,train,Manual Review,v2,claim_cards/train/Manual Review/CLM-2026-01364_v2.png,CLM-2026-01364_v2.png
CLM-2026-00636,train,Invalid Claim,v1,claim_cards/train/Invalid Claim/CLM-2026-00636_v1.png,CLM-2026-00636_v1.png
CLM-2026-00636,train,Invalid Claim,v2,claim_cards/train/Invalid Claim/CLM-2026-00636_v2.png,CLM-2026-00636_v2.png
CLM-2026-00954,train,Invalid Claim,v1,claim_cards/train/Invalid Claim/CLM-2026-00954_v1.png,CLM-2026-00954_v1.png
CLM-2026-00954,train,Invalid Claim,v2,claim_cards/train/Invalid Claim/CLM-2026-00954_v2.png,CLM-2026-00954_v2.png
CLM-2026-00180,train,Valid Claim,v1,claim_cards/train/Valid Claim/CLM-2026-00180_v1.png,CLM-2026-00180_v1.png
CLM-2026-00180,train,Valid Claim,v2,claim_cards/train/Valid Claim/CLM-2026-00180_v2.png,CLM-2026-00180_v2.png
CLM-2026-01475,train,Manual Review,v1,claim_cards/train/Manual Review/CLM-2026-01475_v1.png,CLM-2026-01475_v1.png
CLM-2026-01475,train,Manual Review,v2,claim_cards/train/Manual Review/CLM-2026-01475_v2.png,CLM-2026-01475_v2.png
CLM-2026-01448,train,Manual Review,v1,claim_cards/train/Manual Review/CLM-2026-01448_v1.png,CLM-2026-01448_v1.png
CLM-2026-01448,train,Manual Review,v2,claim_cards/train/Manual Review/CLM-2026-01448_v2.png,CLM-2026-01448_v2.png
CLM-2026-01379,train,Manual Review,v1,claim_cards/train/Manual Review/CLM-2026-01379_v1.png,CLM-2026-01379_v1.png
CLM-2026-01379,train,Manual Review,v2,claim_cards/train/Manual Review/CLM-2026-01379_v2.png,CLM-2026-01379_v2.png
CLM-2026-01102,train,Manual Review,v1,claim_cards/train/Manual Review/CLM-2026-01102_v1.png,CLM-2026-01102_v1.png
CLM-2026-01102,train,Manual Review,v2,claim_cards/train/Manual Review/CLM-2026-01102_v2.png,CLM-2026-01102_v2.png
CLM-2026-00568,train,Invalid Claim,v1,claim_cards/train/Invalid Claim/CLM-2026-00568_v1.png,CLM-2026-00568_v1.png
CLM-2026-00568,train,Invalid Claim,v2,claim_cards/train/Invalid Claim/CLM-2026-00568_v2.png,CLM-2026-00568_v2.png
CLM-2026-00771,train,Invalid Claim,v1,claim_cards/train/Invalid Claim/CLM-2026-00771_v1.png,CLM-2026-00771_v1.png
CLM-2026-00771,train,Invalid Claim,v2,claim_cards/train/Invalid Claim/CLM-2026-00771_v2.png,CLM-2026-00771_v2.png
CLM-2026-01283,train,Manual Review,v1,claim_cards/train/Manual Review/CLM-2026-01283_v1.png,CLM-2026-01283_v1.png
CLM-2026-01283,train,Manual Review,v2,claim_cards/train/Manual Review/CLM-2026-01283_v2.png,CLM-2026-01283_v2.png
CLM-2026-00747,train,Invalid Claim,v1,claim_cards/train/Invalid Claim/CLM-2026-00747_v1.png,CLM-2026-00747_v1.png
CLM-2026-00747,train,Invalid Claim,v2,claim_cards/train/Invalid Claim/CLM-2026-00747_v2.png,CLM-2026-00747_v2.png
CLM-2026-00881,train,Invalid Claim,v1,claim_cards/train/Invalid Claim/CLM-2026-00881_v1.png,CLM-2026-00881_v1.png
CLM-2026-00881,train,Invalid Claim,v2,claim_cards/train/Invalid Claim/CLM-2026-00881_v2.png,CLM-2026-00881_v2.png
CLM-2026-01129,train,Manual Review,v1,claim_cards/train/Manual Review/CLM-2026-01129_v1.png,CLM-2026-01129_v1.png
CLM-2026-01129,train,Manual Review,v2,claim_cards/train/Manual Review/CLM-2026-01129_v2.png,CLM-2026-01129_v2.png
CLM-2026-01260,train,Manual Review,v1,claim_cards/train/Manual Review/CLM-2026-01260_v1.png,CLM-2026-01260_v1.png
CLM-2026-01260,train,Manual Review,v2,claim_cards/train/Manual Review/CLM-2026-01260_v2.png,CLM-2026-01260_v2.png
CLM-2026-00149,train,Valid Claim,v1,claim_cards/train/Valid Claim/CLM-2026-00149_v1.png,CLM-2026-00149_v1.png
CLM-2026-00149,train,Valid Claim,v2,claim_cards/train/Valid Claim/CLM-2026-00149_v2.png,CLM-2026-00149_v2.png
CLM-2026-00899,train,Invalid Claim,v1,claim_cards/train/Invalid Claim/CLM-2026-00899_v1.png,CLM-2026-00899_v1.png
CLM-2026-00899,train,Invalid Claim,v2,claim_cards/train/Invalid Claim/CLM-2026-00899_v2.png,CLM-2026-00899_v2.png
CLM-2026-01312,train,Manual Review,v1,claim_cards/train/Manual Review/CLM-2026-01312_v1.png,CLM-2026-01312_v1.png
CLM-2026-01312,train,Manual Review,v2,claim_cards/train/Manual Review/CLM-2026-01312_v2.png,CLM-2026-01312_v2.png
CLM-2026-01047,train,Manual Review,v1,claim_cards/train/Manual Review/CLM-2026-01047_v1.png,CLM-2026-01047_v1.png
CLM-2026-01047,train,Manual Review,v2,claim_cards/train/Manual Review/CLM-2026-01047_v2.png,CLM-2026-01047_v2.png
CLM-2026-01418,train,Manual Review,v1,claim_cards/train/Manual Review/CLM-2026-01418_v1.png,CLM-2026-01418_v1.png
CLM-2026-01418,train,Manual Review,v2,claim_cards/train/Manual Review/CLM-2026-01418_v2.png,CLM-2026-01418_v2.png
CLM-2026-01215,train,Manual Review,v1,claim_cards/train/Manual Review/CLM-2026-01215_v1.png,CLM-2026-01215_v1.png
CLM-2026-01215,train,Manual Review,v2,claim_cards/train/Manual Review/CLM-2026-01215_v2.png,CLM-2026-01215_v2.png
CLM-2026-01108,train,Manual Review,v1,claim_cards/train/Manual Review/CLM-2026-01108_v1.png,CLM-2026-01108_v1.png
CLM-2026-01108,train,Manual Review,v2,claim_cards/train/Manual Review/CLM-2026-01108_v2.png,CLM-2026-01108_v2.png
CLM-2026-00336,train,Valid Claim,v1,claim_cards/train/Valid Claim/CLM-2026-00336_v1.png,CLM-2026-00336_v1.png
CLM-2026-00336,train,Valid Claim,v2,claim_cards/train/Valid Claim/CLM-2026-00336_v2.png,CLM-2026-00336_v2.png
CLM-2026-01371,train,Manual Review,v1,claim_cards/train/Manual Review/CLM-2026-01371_v1.png,CLM-2026-01371_v1.png
CLM-2026-01371,train,Manual Review,v2,claim_cards/train/Manual Review/CLM-2026-01371_v2.png,CLM-2026-01371_v2.png
CLM-2026-01048,train,Manual Review,v1,claim_cards/train/Manual Review/CLM-2026-01048_v1.png,CLM-2026-01048_v1.png
CLM-2026-01048,train,Manual Review,v2,claim_cards/train/Manual Review/CLM-2026-01048_v2.png,CLM-2026-01048_v2.png
CLM-2026-01293,train,Manual Review,v1,claim_cards/train/Manual Review/CLM-2026-01293_v1.png,CLM-2026-01293_v1.png
CLM-2026-01293,train,Manual Review,v2,claim_cards/train/Manual Review/CLM-2026-01293_v2.png,CLM-2026-01293_v2.png
CLM-2026-00279,train,Valid Claim,v1,claim_cards/train/Valid Claim/CLM-2026-00279_v1.png,CLM-2026-00279_v1.png
CLM-2026-00279,train,Valid Claim,v2,claim_cards/train/Valid Claim/CLM-2026-00279_v2.png,CLM-2026-00279_v2.png
CLM-2026-01087,train,Manual Review,v1,claim_cards/train/Manual Review/CLM-2026-01087_v1.png,CLM-2026-01087_v1.png
CLM-2026-01087,train,Manual Review,v2,claim_cards/train/Manual Review/CLM-2026-01087_v2.png,CLM-2026-01087_v2.png
CLM-2026-01316,train,Manual Review,v1,claim_cards/train/Manual Review/CLM-2026-01316_v1.png,CLM-2026-01316_v1.png
CLM-2026-01316,train,Manual Review,v2,claim_cards/train/Manual Review/CLM-2026-01316_v2.png,CLM-2026-01316_v2.png
CLM-2026-00588,train,Invalid Claim,v1,claim_cards/train/Invalid Claim/CLM-2026-00588_v1.png,CLM-2026-00588_v1.png
CLM-2026-00588,train,Invalid Claim,v2,claim_cards/train/Invalid Claim/CLM-2026-00588_v2.png,CLM-2026-00588_v2.png
CLM-2026-00045,train,Valid Claim,v1,claim_cards/train/Valid Claim/CLM-2026-00045_v1.png,CLM-2026-00045_v1.png
CLM-2026-00045,train,Valid Claim,v2,claim_cards/train/Valid Claim/CLM-2026-00045_v2.png,CLM-2026-00045_v2.png
CLM-2026-01383,train,Manual Review,v1,claim_cards/train/Manual Review/CLM-2026-01383_v1.png,CLM-2026-01383_v1.png
CLM-2026-01383,train,Manual Review,v2,claim_cards/train/Manual Review/CLM-2026-01383_v2.png,CLM-2026-01383_v2.png
CLM-2026-01416,train,Manual Review,v1,claim_cards/train/Manual Review/CLM-2026-01416_v1.png,CLM-2026-01416_v1.png
CLM-2026-01416,train,Manual Review,v2,claim_cards/train/Manual Review/CLM-2026-01416_v2.png,CLM-2026-01416_v2.png
CLM-2026-00930,train,Invalid Claim,v1,claim_cards/train/Invalid Claim/CLM-2026-00930_v1.png,CLM-2026-00930_v1.png
CLM-2026-00930,train,Invalid Claim,v2,claim_cards/train/Invalid Claim/CLM-2026-00930_v2.png,CLM-2026-00930_v2.png
CLM-2026-01491,train,Manual Review,v1,claim_cards/train/Manual Review/CLM-2026-01491_v1.png,CLM-2026-01491_v1.png
CLM-2026-01491,train,Manual Review,v2,claim_cards/train/Manual Review/CLM-2026-01491_v2.png,CLM-2026-01491_v2.png
CLM-2026-00740,train,Invalid Claim,v1,claim_cards/train/Invalid Claim/CLM-2026-00740_v1.png,CLM-2026-00740_v1.png
CLM-2026-00740,train,Invalid Claim,v2,claim_cards/train/Invalid Claim/CLM-2026-00740_v2.png,CLM-2026-00740_v2.png
CLM-2026-00273,train,Valid Claim,v1,claim_cards/train/Valid Claim/CLM-2026-00273_v1.png,CLM-2026-00273_v1.png
CLM-2026-00273,train,Valid Claim,v2,claim_cards/train/Valid Claim/CLM-2026-00273_v2.png,CLM-2026-00273_v2.png
CLM-2026-00144,train,Valid Claim,v1,claim_cards/train/Valid Claim/CLM-2026-00144_v1.png,CLM-2026-00144_v1.png
CLM-2026-00144,train,Valid Claim,v2,claim_cards/train/Valid Claim/CLM-2026-00144_v2.png,CLM-2026-00144_v2.png
CLM-2026-00222,train,Valid Claim,v1,claim_cards/train/Valid Claim/CLM-2026-00222_v1.png,CLM-2026-00222_v1.png
CLM-2026-00222,train,Valid Claim,v2,claim_cards/train/Valid Claim/CLM-2026-00222_v2.png,CLM-2026-00222_v2.png
CLM-2026-01012,train,Manual Review,v1,claim_cards/train/Manual Review/CLM-2026-01012_v1.png,CLM-2026-01012_v1.png
CLM-2026-01012,train,Manual Review,v2,claim_cards/train/Manual Review/CLM-2026-01012_v2.png,CLM-2026-01012_v2.png
CLM-2026-00603,train,Invalid Claim,v1,claim_cards/train/Invalid Claim/CLM-2026-00603_v1.png,CLM-2026-00603_v1.png
CLM-2026-00603,train,Invalid Claim,v2,claim_cards/train/Invalid Claim/CLM-2026-00603_v2.png,CLM-2026-00603_v2.png
CLM-2026-01117,train,Manual Review,v1,claim_cards/train/Manual Review/CLM-2026-01117_v1.png,CLM-2026-01117_v1.png
CLM-2026-01117,train,Manual Review,v2,claim_cards/train/Manual Review/CLM-2026-01117_v2.png,CLM-2026-01117_v2.png
CLM-2026-01443,train,Manual Review,v1,claim_cards/train/Manual Review/CLM-2026-01443_v1.png,CLM-2026-01443_v1.png
CLM-2026-01443,train,Manual Review,v2,claim_cards/train/Manual Review/CLM-2026-01443_v2.png,CLM-2026-01443_v2.png
CLM-2026-00647,train,Invalid Claim,v1,claim_cards/train/Invalid Claim/CLM-2026-00647_v1.png,CLM-2026-00647_v1.png
CLM-2026-00647,train,Invalid Claim,v2,claim_cards/train/Invalid Claim/CLM-2026-00647_v2.png,CLM-2026-00647_v2.png
CLM-2026-00737,train,Invalid Claim,v1,claim_cards/train/Invalid Claim/CLM-2026-00737_v1.png,CLM-2026-00737_v1.png
CLM-2026-00737,train,Invalid Claim,v2,claim_cards/train/Invalid Claim/CLM-2026-00737_v2.png,CLM-2026-00737_v2.png
CLM-2026-01265,train,Manual Review,v1,claim_cards/train/Manual Review/CLM-2026-01265_v1.png,CLM-2026-01265_v1.png
CLM-2026-01265,train,Manual Review,v2,claim_cards/train/Manual Review/CLM-2026-01265_v2.png,CLM-2026-01265_v2.png
CLM-2026-00059,train,Valid Claim,v1,claim_cards/train/Valid Claim/CLM-2026-00059_v1.png,CLM-2026-00059_v1.png
CLM-2026-00059,train,Valid Claim,v2,claim_cards/train/Valid Claim/CLM-2026-00059_v2.png,CLM-2026-00059_v2.png
CLM-2026-01445,train,Manual Review,v1,claim_cards/train/Manual Review/CLM-2026-01445_v1.png,CLM-2026-01445_v1.png
CLM-2026-01445,train,Manual Review,v2,claim_cards/train/Manual Review/CLM-2026-01445_v2.png,CLM-2026-01445_v2.png
CLM-2026-01151,train,Manual Review,v1,claim_cards/train/Manual Review/CLM-2026-01151_v1.png,CLM-2026-01151_v1.png
CLM-2026-01151,train,Manual Review,v2,claim_cards/train/Manual Review/CLM-2026-01151_v2.png,CLM-2026-01151_v2.png
CLM-2026-00132,train,Valid Claim,v1,claim_cards/train/Valid Claim/CLM-2026-00132_v1.png,CLM-2026-00132_v1.png
CLM-2026-00132,train,Valid Claim,v2,claim_cards/train/Valid Claim/CLM-2026-00132_v2.png,CLM-2026-00132_v2.png
CLM-2026-00136,train,Valid Claim,v1,claim_cards/train/Valid Claim/CLM-2026-00136_v1.png,CLM-2026-00136_v1.png
CLM-2026-00136,train,Valid Claim,v2,claim_cards/train/Valid Claim/CLM-2026-00136_v2.png,CLM-2026-00136_v2.png
CLM-2026-00196,train,Valid Claim,v1,claim_cards/train/Valid Claim/CLM-2026-00196_v1.png,CLM-2026-00196_v1.png
CLM-2026-00196,train,Valid Claim,v2,claim_cards/train/Valid Claim/CLM-2026-00196_v2.png,CLM-2026-00196_v2.png
CLM-2026-01093,train,Manual Review,v1,claim_cards/train/Manual Review/CLM-2026-01093_v1.png,CLM-2026-01093_v1.png
CLM-2026-01093,train,Manual Review,v2,claim_cards/train/Manual Review/CLM-2026-01093_v2.png,CLM-2026-01093_v2.png
CLM-2026-00538,train,Invalid Claim,v1,claim_cards/train/Invalid Claim/CLM-2026-00538_v1.png,CLM-2026-00538_v1.png
CLM-2026-00538,train,Invalid Claim,v2,claim_cards/train/Invalid Claim/CLM-2026-00538_v2.png,CLM-2026-00538_v2.png
CLM-2026-00890,train,Invalid Claim,v1,claim_cards/train/Invalid Claim/CLM-2026-00890_v1.png,CLM-2026-00890_v1.png
CLM-2026-00890,train,Invalid Claim,v2,claim_cards/train/Invalid Claim/CLM-2026-00890_v2.png,CLM-2026-00890_v2.png
CLM-2026-00685,train,Invalid Claim,v1,claim_cards/train/Invalid Claim/CLM-2026-00685_v1.png,CLM-2026-00685_v1.png
CLM-2026-00685,train,Invalid Claim,v2,claim_cards/train/Invalid Claim/CLM-2026-00685_v2.png,CLM-2026-00685_v2.png
CLM-2026-01143,train,Manual Review,v1,claim_cards/train/Manual Review/CLM-2026-01143_v1.png,CLM-2026-01143_v1.png
CLM-2026-01143,train,Manual Review,v2,claim_cards/train/Manual Review/CLM-2026-01143_v2.png,CLM-2026-01143_v2.png
CLM-2026-00621,train,Invalid Claim,v1,claim_cards/train/Invalid Claim/CLM-2026-00621_v1.png,CLM-2026-00621_v1.png
CLM-2026-00621,train,Invalid Claim,v2,claim_cards/train/Invalid Claim/CLM-2026-00621_v2.png,CLM-2026-00621_v2.png
CLM-2026-00184,train,Valid Claim,v1,claim_cards/train/Valid Claim/CLM-2026-00184_v1.png,CLM-2026-00184_v1.png
CLM-2026-00184,train,Valid Claim,v2,claim_cards/train/Valid Claim/CLM-2026-00184_v2.png,CLM-2026-00184_v2.png
CLM-2026-00572,train,Invalid Claim,v1,claim_cards/train/Invalid Claim/CLM-2026-00572_v1.png,CLM-2026-00572_v1.png
CLM-2026-00572,train,Invalid Claim,v2,claim_cards/train/Invalid Claim/CLM-2026-00572_v2.png,CLM-2026-00572_v2.png
CLM-2026-00791,train,Invalid Claim,v1,claim_cards/train/Invalid Claim/CLM-2026-00791_v1.png,CLM-2026-00791_v1.png
CLM-2026-00791,train,Invalid Claim,v2,claim_cards/train/Invalid Claim/CLM-2026-00791_v2.png,CLM-2026-00791_v2.png
CLM-2026-00561,train,Invalid Claim,v1,claim_cards/train/Invalid Claim/CLM-2026-00561_v1.png,CLM-2026-00561_v1.png
CLM-2026-00561,train,Invalid Claim,v2,claim_cards/train/Invalid Claim/CLM-2026-00561_v2.png,CLM-2026-00561_v2.png
CLM-2026-01398,train,Manual Review,v1,claim_cards/train/Manual Review/CLM-2026-01398_v1.png,CLM-2026-01398_v1.png
CLM-2026-01398,train,Manual Review,v2,claim_cards/train/Manual Review/CLM-2026-01398_v2.png,CLM-2026-01398_v2.png
CLM-2026-00540,train,Invalid Claim,v1,claim_cards/train/Invalid Claim/CLM-2026-00540_v1.png,CLM-2026-00540_v1.png
CLM-2026-00540,train,Invalid Claim,v2,claim_cards/train/Invalid Claim/CLM-2026-00540_v2.png,CLM-2026-00540_v2.png
CLM-2026-01464,train,Manual Review,v1,claim_cards/train/Manual Review/CLM-2026-01464_v1.png,CLM-2026-01464_v1.png
CLM-2026-01464,train,Manual Review,v2,claim_cards/train/Manual Review/CLM-2026-01464_v2.png,CLM-2026-01464_v2.png
CLM-2026-00022,train,Valid Claim,v1,claim_cards/train/Valid Claim/CLM-2026-00022_v1.png,CLM-2026-00022_v1.png
CLM-2026-00022,train,Valid Claim,v2,claim_cards/train/Valid Claim/CLM-2026-00022_v2.png,CLM-2026-00022_v2.png
CLM-2026-00294,train,Valid Claim,v1,claim_cards/train/Valid Claim/CLM-2026-00294_v1.png,CLM-2026-00294_v1.png
CLM-2026-00294,train,Valid Claim,v2,claim_cards/train/Valid Claim/CLM-2026-00294_v2.png,CLM-2026-00294_v2.png
CLM-2026-00491,train,Valid Claim,v1,claim_cards/train/Valid Claim/CLM-2026-00491_v1.png,CLM-2026-00491_v1.png
CLM-2026-00491,train,Valid Claim,v2,claim_cards/train/Valid Claim/CLM-2026-00491_v2.png,CLM-2026-00491_v2.png
CLM-2026-00888,train,Invalid Claim,v1,claim_cards/train/Invalid Claim/CLM-2026-00888_v1.png,CLM-2026-00888_v1.png
CLM-2026-00888,train,Invalid Claim,v2,claim_cards/train/Invalid Claim/CLM-2026-00888_v2.png,CLM-2026-00888_v2.png
CLM-2026-01236,train,Manual Review,v1,claim_cards/train/Manual Review/CLM-2026-01236_v1.png,CLM-2026-01236_v1.png
CLM-2026-01236,train,Manual Review,v2,claim_cards/train/Manual Review/CLM-2026-01236_v2.png,CLM-2026-01236_v2.png
CLM-2026-01233,train,Manual Review,v1,claim_cards/train/Manual Review/CLM-2026-01233_v1.png,CLM-2026-01233_v1.png
CLM-2026-01233,train,Manual Review,v2,claim_cards/train/Manual Review/CLM-2026-01233_v2.png,CLM-2026-01233_v2.png
CLM-2026-00283,train,Valid Claim,v1,claim_cards/train/Valid Claim/CLM-2026-00283_v1.png,CLM-2026-00283_v1.png
CLM-2026-00283,train,Valid Claim,v2,claim_cards/train/Valid Claim/CLM-2026-00283_v2.png,CLM-2026-00283_v2.png
CLM-2026-00788,train,Invalid Claim,v1,claim_cards/train/Invalid Claim/CLM-2026-00788_v1.png,CLM-2026-00788_v1.png
CLM-2026-00788,train,Invalid Claim,v2,claim_cards/train/Invalid Claim/CLM-2026-00788_v2.png,CLM-2026-00788_v2.png
CLM-2026-00344,train,Valid Claim,v1,claim_cards/train/Valid Claim/CLM-2026-00344_v1.png,CLM-2026-00344_v1.png
CLM-2026-00344,train,Valid Claim,v2,claim_cards/train/Valid Claim/CLM-2026-00344_v2.png,CLM-2026-00344_v2.png
CLM-2026-00569,train,Invalid Claim,v1,claim_cards/train/Invalid Claim/CLM-2026-00569_v1.png,CLM-2026-00569_v1.png
CLM-2026-00569,train,Invalid Claim,v2,claim_cards/train/Invalid Claim/CLM-2026-00569_v2.png,CLM-2026-00569_v2.png
CLM-2026-01412,train,Manual Review,v1,claim_cards/train/Manual Review/CLM-2026-01412_v1.png,CLM-2026-01412_v1.png
CLM-2026-01412,train,Manual Review,v2,claim_cards/train/Manual Review/CLM-2026-01412_v2.png,CLM-2026-01412_v2.png
CLM-2026-00696,train,Invalid Claim,v1,claim_cards/train/Invalid Claim/CLM-2026-00696_v1.png,CLM-2026-00696_v1.png
CLM-2026-00696,train,Invalid Claim,v2,claim_cards/train/Invalid Claim/CLM-2026-00696_v2.png,CLM-2026-00696_v2.png
CLM-2026-00377,train,Valid Claim,v1,claim_cards/train/Valid Claim/CLM-2026-00377_v1.png,CLM-2026-00377_v1.png
CLM-2026-00377,train,Valid Claim,v2,claim_cards/train/Valid Claim/CLM-2026-00377_v2.png,CLM-2026-00377_v2.png
CLM-2026-00679,train,Invalid Claim,v1,claim_cards/train/Invalid Claim/CLM-2026-00679_v1.png,CLM-2026-00679_v1.png
CLM-2026-00679,train,Invalid Claim,v2,claim_cards/train/Invalid Claim/CLM-2026-00679_v2.png,CLM-2026-00679_v2.png
CLM-2026-00338,train,Valid Claim,v1,claim_cards/train/Valid Claim/CLM-2026-00338_v1.png,CLM-2026-00338_v1.png
CLM-2026-00338,train,Valid Claim,v2,claim_cards/train/Valid Claim/CLM-2026-00338_v2.png,CLM-2026-00338_v2.png
CLM-2026-01193,train,Manual Review,v1,claim_cards/train/Manual Review/CLM-2026-01193_v1.png,CLM-2026-01193_v1.png
CLM-2026-01193,train,Manual Review,v2,claim_cards/train/Manual Review/CLM-2026-01193_v2.png,CLM-2026-01193_v2.png
CLM-2026-00812,train,Invalid Claim,v1,claim_cards/train/Invalid Claim/CLM-2026-00812_v1.png,CLM-2026-00812_v1.png
CLM-2026-00812,train,Invalid Claim,v2,claim_cards/train/Invalid Claim/CLM-2026-00812_v2.png,CLM-2026-00812_v2.png
CLM-2026-00531,train,Invalid Claim,v1,claim_cards/train/Invalid Claim/CLM-2026-00531_v1.png,CLM-2026-00531_v1.png
CLM-2026-00531,train,Invalid Claim,v2,claim_cards/train/Invalid Claim/CLM-2026-00531_v2.png,CLM-2026-00531_v2.png
CLM-2026-00252,train,Valid Claim,v1,claim_cards/train/Valid Claim/CLM-2026-00252_v1.png,CLM-2026-00252_v1.png
CLM-2026-00252,train,Valid Claim,v2,claim_cards/train/Valid Claim/CLM-2026-00252_v2.png,CLM-2026-00252_v2.png
CLM-2026-01113,train,Manual Review,v1,claim_cards/train/Manual Review/CLM-2026-01113_v1.png,CLM-2026-01113_v1.png
CLM-2026-01113,train,Manual Review,v2,claim_cards/train/Manual Review/CLM-2026-01113_v2.png,CLM-2026-01113_v2.png
CLM-2026-01173,train,Manual Review,v1,claim_cards/train/Manual Review/CLM-2026-01173_v1.png,CLM-2026-01173_v1.png
CLM-2026-01173,train,Manual Review,v2,claim_cards/train/Manual Review/CLM-2026-01173_v2.png,CLM-2026-01173_v2.png
CLM-2026-00775,train,Invalid Claim,v1,claim_cards/train/Invalid Claim/CLM-2026-00775_v1.png,CLM-2026-00775_v1.png
CLM-2026-00775,train,Invalid Claim,v2,claim_cards/train/Invalid Claim/CLM-2026-00775_v2.png,CLM-2026-00775_v2.png
CLM-2026-00894,train,Invalid Claim,v1,claim_cards/train/Invalid Claim/CLM-2026-00894_v1.png,CLM-2026-00894_v1.png
CLM-2026-00894,train,Invalid Claim,v2,claim_cards/train/Invalid Claim/CLM-2026-00894_v2.png,CLM-2026-00894_v2.png
CLM-2026-00663,train,Invalid Claim,v1,claim_cards/train/Invalid Claim/CLM-2026-00663_v1.png,CLM-2026-00663_v1.png
CLM-2026-00663,train,Invalid Claim,v2,claim_cards/train/Invalid Claim/CLM-2026-00663_v2.png,CLM-2026-00663_v2.png
CLM-2026-01141,train,Manual Review,v1,claim_cards/train/Manual Review/CLM-2026-01141_v1.png,CLM-2026-01141_v1.png
CLM-2026-01141,train,Manual Review,v2,claim_cards/train/Manual Review/CLM-2026-01141_v2.png,CLM-2026-01141_v2.png
CLM-2026-01082,train,Manual Review,v1,claim_cards/train/Manual Review/CLM-2026-01082_v1.png,CLM-2026-01082_v1.png
CLM-2026-01082,train,Manual Review,v2,claim_cards/train/Manual Review/CLM-2026-01082_v2.png,CLM-2026-01082_v2.png
CLM-2026-00706,train,Invalid Claim,v1,claim_cards/train/Invalid Claim/CLM-2026-00706_v1.png,CLM-2026-00706_v1.png
CLM-2026-00706,train,Invalid Claim,v2,claim_cards/train/Invalid Claim/CLM-2026-00706_v2.png,CLM-2026-00706_v2.png
CLM-2026-00150,train,Valid Claim,v1,claim_cards/train/Valid Claim/CLM-2026-00150_v1.png,CLM-2026-00150_v1.png
CLM-2026-00150,train,Valid Claim,v2,claim_cards/train/Valid Claim/CLM-2026-00150_v2.png,CLM-2026-00150_v2.png
CLM-2026-01432,train,Manual Review,v1,claim_cards/train/Manual Review/CLM-2026-01432_v1.png,CLM-2026-01432_v1.png
CLM-2026-01432,train,Manual Review,v2,claim_cards/train/Manual Review/CLM-2026-01432_v2.png,CLM-2026-01432_v2.png
CLM-2026-01089,train,Manual Review,v1,claim_cards/train/Manual Review/CLM-2026-01089_v1.png,CLM-2026-01089_v1.png
CLM-2026-01089,train,Manual Review,v2,claim_cards/train/Manual Review/CLM-2026-01089_v2.png,CLM-2026-01089_v2.png
CLM-2026-01404,train,Manual Review,v1,claim_cards/train/Manual Review/CLM-2026-01404_v1.png,CLM-2026-01404_v1.png
CLM-2026-01404,train,Manual Review,v2,claim_cards/train/Manual Review/CLM-2026-01404_v2.png,CLM-2026-01404_v2.png
CLM-2026-00510,train,Invalid Claim,v1,claim_cards/train/Invalid Claim/CLM-2026-00510_v1.png,CLM-2026-00510_v1.png
CLM-2026-00510,train,Invalid Claim,v2,claim_cards/train/Invalid Claim/CLM-2026-00510_v2.png,CLM-2026-00510_v2.png
CLM-2026-00760,train,Invalid Claim,v1,claim_cards/train/Invalid Claim/CLM-2026-00760_v1.png,CLM-2026-00760_v1.png
CLM-2026-00760,train,Invalid Claim,v2,claim_cards/train/Invalid Claim/CLM-2026-00760_v2.png,CLM-2026-00760_v2.png
CLM-2026-01376,train,Manual Review,v1,claim_cards/train/Manual Review/CLM-2026-01376_v1.png,CLM-2026-01376_v1.png
CLM-2026-01376,train,Manual Review,v2,claim_cards/train/Manual Review/CLM-2026-01376_v2.png,CLM-2026-01376_v2.png
CLM-2026-00124,train,Valid Claim,v1,claim_cards/train/Valid Claim/CLM-2026-00124_v1.png,CLM-2026-00124_v1.png
CLM-2026-00124,train,Valid Claim,v2,claim_cards/train/Valid Claim/CLM-2026-00124_v2.png,CLM-2026-00124_v2.png
CLM-2026-00793,train,Invalid Claim,v1,claim_cards/train/Invalid Claim/CLM-2026-00793_v1.png,CLM-2026-00793_v1.png
CLM-2026-00793,train,Invalid Claim,v2,claim_cards/train/Invalid Claim/CLM-2026-00793_v2.png,CLM-2026-00793_v2.png
CLM-2026-00197,train,Valid Claim,v1,claim_cards/train/Valid Claim/CLM-2026-00197_v1.png,CLM-2026-00197_v1.png
CLM-2026-00197,train,Valid Claim,v2,claim_cards/train/Valid Claim/CLM-2026-00197_v2.png,CLM-2026-00197_v2.png
CLM-2026-00001,train,Valid Claim,v1,claim_cards/train/Valid Claim/CLM-2026-00001_v1.png,CLM-2026-00001_v1.png
CLM-2026-00001,train,Valid Claim,v2,claim_cards/train/Valid Claim/CLM-2026-00001_v2.png,CLM-2026-00001_v2.png
CLM-2026-01123,train,Manual Review,v1,claim_cards/train/Manual Review/CLM-2026-01123_v1.png,CLM-2026-01123_v1.png
CLM-2026-01123,train,Manual Review,v2,claim_cards/train/Manual Review/CLM-2026-01123_v2.png,CLM-2026-01123_v2.png
CLM-2026-00960,train,Invalid Claim,v1,claim_cards/train/Invalid Claim/CLM-2026-00960_v1.png,CLM-2026-00960_v1.png
CLM-2026-00960,train,Invalid Claim,v2,claim_cards/train/Invalid Claim/CLM-2026-00960_v2.png,CLM-2026-00960_v2.png
CLM-2026-00862,train,Invalid Claim,v1,claim_cards/train/Invalid Claim/CLM-2026-00862_v1.png,CLM-2026-00862_v1.png
CLM-2026-00862,train,Invalid Claim,v2,claim_cards/train/Invalid Claim/CLM-2026-00862_v2.png,CLM-2026-00862_v2.png
CLM-2026-00941,train,Invalid Claim,v1,claim_cards/train/Invalid Claim/CLM-2026-00941_v1.png,CLM-2026-00941_v1.png
CLM-2026-00941,train,Invalid Claim,v2,claim_cards/train/Invalid Claim/CLM-2026-00941_v2.png,CLM-2026-00941_v2.png
CLM-2026-00738,train,Invalid Claim,v1,claim_cards/train/Invalid Claim/CLM-2026-00738_v1.png,CLM-2026-00738_v1.png
CLM-2026-00738,train,Invalid Claim,v2,claim_cards/train/Invalid Claim/CLM-2026-00738_v2.png,CLM-2026-00738_v2.png
CLM-2026-00707,train,Invalid Claim,v1,claim_cards/train/Invalid Claim/CLM-2026-00707_v1.png,CLM-2026-00707_v1.png
CLM-2026-00707,train,Invalid Claim,v2,claim_cards/train/Invalid Claim/CLM-2026-00707_v2.png,CLM-2026-00707_v2.png
CLM-2026-00285,train,Valid Claim,v1,claim_cards/train/Valid Claim/CLM-2026-00285_v1.png,CLM-2026-00285_v1.png
CLM-2026-00285,train,Valid Claim,v2,claim_cards/train/Valid Claim/CLM-2026-00285_v2.png,CLM-2026-00285_v2.png
CLM-2026-00421,train,Valid Claim,v1,claim_cards/train/Valid Claim/CLM-2026-00421_v1.png,CLM-2026-00421_v1.png
CLM-2026-00421,train,Valid Claim,v2,claim_cards/train/Valid Claim/CLM-2026-00421_v2.png,CLM-2026-00421_v2.png
CLM-2026-00239,train,Valid Claim,v1,claim_cards/train/Valid Claim/CLM-2026-00239_v1.png,CLM-2026-00239_v1.png
CLM-2026-00239,train,Valid Claim,v2,claim_cards/train/Valid Claim/CLM-2026-00239_v2.png,CLM-2026-00239_v2.png
CLM-2026-00893,train,Invalid Claim,v1,claim_cards/train/Invalid Claim/CLM-2026-00893_v1.png,CLM-2026-00893_v1.png
CLM-2026-00893,train,Invalid Claim,v2,claim_cards/train/Invalid Claim/CLM-2026-00893_v2.png,CLM-2026-00893_v2.png
CLM-2026-01336,train,Manual Review,v1,claim_cards/train/Manual Review/CLM-2026-01336_v1.png,CLM-2026-01336_v1.png
CLM-2026-01336,train,Manual Review,v2,claim_cards/train/Manual Review/CLM-2026-01336_v2.png,CLM-2026-01336_v2.png
CLM-2026-00418,train,Valid Claim,v1,claim_cards/train/Valid Claim/CLM-2026-00418_v1.png,CLM-2026-00418_v1.png
CLM-2026-00418,train,Valid Claim,v2,claim_cards/train/Valid Claim/CLM-2026-00418_v2.png,CLM-2026-00418_v2.png
CLM-2026-00909,train,Invalid Claim,v1,claim_cards/train/Invalid Claim/CLM-2026-00909_v1.png,CLM-2026-00909_v1.png
CLM-2026-00909,train,Invalid Claim,v2,claim_cards/train/Invalid Claim/CLM-2026-00909_v2.png,CLM-2026-00909_v2.png
CLM-2026-00813,train,Invalid Claim,v1,claim_cards/train/Invalid Claim/CLM-2026-00813_v1.png,CLM-2026-00813_v1.png
CLM-2026-00813,train,Invalid Claim,v2,claim_cards/train/Invalid Claim/CLM-2026-00813_v2.png,CLM-2026-00813_v2.png
CLM-2026-00039,train,Valid Claim,v1,claim_cards/train/Valid Claim/CLM-2026-00039_v1.png,CLM-2026-00039_v1.png
CLM-2026-00039,train,Valid Claim,v2,claim_cards/train/Valid Claim/CLM-2026-00039_v2.png,CLM-2026-00039_v2.png
CLM-2026-00626,train,Invalid Claim,v1,claim_cards/train/Invalid Claim/CLM-2026-00626_v1.png,CLM-2026-00626_v1.png
CLM-2026-00626,train,Invalid Claim,v2,claim_cards/train/Invalid Claim/CLM-2026-00626_v2.png,CLM-2026-00626_v2.png
CLM-2026-00660,train,Invalid Claim,v1,claim_cards/train/Invalid Claim/CLM-2026-00660_v1.png,CLM-2026-00660_v1.png
CLM-2026-00660,train,Invalid Claim,v2,claim_cards/train/Invalid Claim/CLM-2026-00660_v2.png,CLM-2026-00660_v2.png
CLM-2026-00803,train,Invalid Claim,v1,claim_cards/train/Invalid Claim/CLM-2026-00803_v1.png,CLM-2026-00803_v1.png
CLM-2026-00803,train,Invalid Claim,v2,claim_cards/train/Invalid Claim/CLM-2026-00803_v2.png,CLM-2026-00803_v2.png
CLM-2026-00311,train,Valid Claim,v1,claim_cards/train/Valid Claim/CLM-2026-00311_v1.png,CLM-2026-00311_v1.png
CLM-2026-00311,train,Valid Claim,v2,claim_cards/train/Valid Claim/CLM-2026-00311_v2.png,CLM-2026-00311_v2.png
CLM-2026-00127,train,Valid Claim,v1,claim_cards/train/Valid Claim/CLM-2026-00127_v1.png,CLM-2026-00127_v1.png
CLM-2026-00127,train,Valid Claim,v2,claim_cards/train/Valid Claim/CLM-2026-00127_v2.png,CLM-2026-00127_v2.png
CLM-2026-00589,train,Invalid Claim,v1,claim_cards/train/Invalid Claim/CLM-2026-00589_v1.png,CLM-2026-00589_v1.png
CLM-2026-00589,train,Invalid Claim,v2,claim_cards/train/Invalid Claim/CLM-2026-00589_v2.png,CLM-2026-00589_v2.png
CLM-2026-01439,train,Manual Review,v1,claim_cards/train/Manual Review/CLM-2026-01439_v1.png,CLM-2026-01439_v1.png
CLM-2026-01439,train,Manual Review,v2,claim_cards/train/Manual Review/CLM-2026-01439_v2.png,CLM-2026-01439_v2.png
CLM-2026-00190,train,Valid Claim,v1,claim_cards/train/Valid Claim/CLM-2026-00190_v1.png,CLM-2026-00190_v1.png
CLM-2026-00190,train,Valid Claim,v2,claim_cards/train/Valid Claim/CLM-2026-00190_v2.png,CLM-2026-00190_v2.png
CLM-2026-00509,train,Invalid Claim,v1,claim_cards/train/Invalid Claim/CLM-2026-00509_v1.png,CLM-2026-00509_v1.png
CLM-2026-00509,train,Invalid Claim,v2,claim_cards/train/Invalid Claim/CLM-2026-00509_v2.png,CLM-2026-00509_v2.png
CLM-2026-01217,train,Manual Review,v1,claim_cards/train/Manual Review/CLM-2026-01217_v1.png,CLM-2026-01217_v1.png
CLM-2026-01217,train,Manual Review,v2,claim_cards/train/Manual Review/CLM-2026-01217_v2.png,CLM-2026-01217_v2.png
CLM-2026-01337,train,Manual Review,v1,claim_cards/train/Manual Review/CLM-2026-01337_v1.png,CLM-2026-01337_v1.png
CLM-2026-01337,train,Manual Review,v2,claim_cards/train/Manual Review/CLM-2026-01337_v2.png,CLM-2026-01337_v2.png
CLM-2026-00359,train,Valid Claim,v1,claim_cards/train/Valid Claim/CLM-2026-00359_v1.png,CLM-2026-00359_v1.png
CLM-2026-00359,train,Valid Claim,v2,claim_cards/train/Valid Claim/CLM-2026-00359_v2.png,CLM-2026-00359_v2.png
CLM-2026-00731,train,Invalid Claim,v1,claim_cards/train/Invalid Claim/CLM-2026-00731_v1.png,CLM-2026-00731_v1.png
CLM-2026-00731,train,Invalid Claim,v2,claim_cards/train/Invalid Claim/CLM-2026-00731_v2.png,CLM-2026-00731_v2.png
CLM-2026-00798,train,Invalid Claim,v1,claim_cards/train/Invalid Claim/CLM-2026-00798_v1.png,CLM-2026-00798_v1.png
CLM-2026-00798,train,Invalid Claim,v2,claim_cards/train/Invalid Claim/CLM-2026-00798_v2.png,CLM-2026-00798_v2.png
CLM-2026-00164,train,Valid Claim,v1,claim_cards/train/Valid Claim/CLM-2026-00164_v1.png,CLM-2026-00164_v1.png
CLM-2026-00164,train,Valid Claim,v2,claim_cards/train/Valid Claim/CLM-2026-00164_v2.png,CLM-2026-00164_v2.png
CLM-2026-00434,train,Valid Claim,v1,claim_cards/train/Valid Claim/CLM-2026-00434_v1.png,CLM-2026-00434_v1.png
CLM-2026-00434,train,Valid Claim,v2,claim_cards/train/Valid Claim/CLM-2026-00434_v2.png,CLM-2026-00434_v2.png
CLM-2026-00426,train,Valid Claim,v1,claim_cards/train/Valid Claim/CLM-2026-00426_v1.png,CLM-2026-00426_v1.png
CLM-2026-00426,train,Valid Claim,v2,claim_cards/train/Valid Claim/CLM-2026-00426_v2.png,CLM-2026-00426_v2.png
CLM-2026-01285,train,Manual Review,v1,claim_cards/train/Manual Review/CLM-2026-01285_v1.png,CLM-2026-01285_v1.png
CLM-2026-01285,train,Manual Review,v2,claim_cards/train/Manual Review/CLM-2026-01285_v2.png,CLM-2026-01285_v2.png
CLM-2026-01327,train,Manual Review,v1,claim_cards/train/Manual Review/CLM-2026-01327_v1.png,CLM-2026-01327_v1.png
CLM-2026-01327,train,Manual Review,v2,claim_cards/train/Manual Review/CLM-2026-01327_v2.png,CLM-2026-01327_v2.png
CLM-2026-01252,train,Manual Review,v1,claim_cards/train/Manual Review/CLM-2026-01252_v1.png,CLM-2026-01252_v1.png
CLM-2026-01252,train,Manual Review,v2,claim_cards/train/Manual Review/CLM-2026-01252_v2.png,CLM-2026-01252_v2.png
CLM-2026-00537,train,Invalid Claim,v1,claim_cards/train/Invalid Claim/CLM-2026-00537_v1.png,CLM-2026-00537_v1.png
CLM-2026-00537,train,Invalid Claim,v2,claim_cards/train/Invalid Claim/CLM-2026-00537_v2.png,CLM-2026-00537_v2.png
CLM-2026-00712,train,Invalid Claim,v1,claim_cards/train/Invalid Claim/CLM-2026-00712_v1.png,CLM-2026-00712_v1.png
CLM-2026-00712,train,Invalid Claim,v2,claim_cards/train/Invalid Claim/CLM-2026-00712_v2.png,CLM-2026-00712_v2.png
CLM-2026-00868,train,Invalid Claim,v1,claim_cards/train/Invalid Claim/CLM-2026-00868_v1.png,CLM-2026-00868_v1.png
CLM-2026-00868,train,Invalid Claim,v2,claim_cards/train/Invalid Claim/CLM-2026-00868_v2.png,CLM-2026-00868_v2.png
CLM-2026-00155,train,Valid Claim,v1,claim_cards/train/Valid Claim/CLM-2026-00155_v1.png,CLM-2026-00155_v1.png
CLM-2026-00155,train,Valid Claim,v2,claim_cards/train/Valid Claim/CLM-2026-00155_v2.png,CLM-2026-00155_v2.png
CLM-2026-00460,train,Valid Claim,v1,claim_cards/train/Valid Claim/CLM-2026-00460_v1.png,CLM-2026-00460_v1.png
CLM-2026-00460,train,Valid Claim,v2,claim_cards/train/Valid Claim/CLM-2026-00460_v2.png,CLM-2026-00460_v2.png
CLM-2026-00424,train,Valid Claim,v1,claim_cards/train/Valid Claim/CLM-2026-00424_v1.png,CLM-2026-00424_v1.png
CLM-2026-00424,train,Valid Claim,v2,claim_cards/train/Valid Claim/CLM-2026-00424_v2.png,CLM-2026-00424_v2.png
CLM-2026-00378,train,Valid Claim,v1,claim_cards/train/Valid Claim/CLM-2026-00378_v1.png,CLM-2026-00378_v1.png
CLM-2026-00378,train,Valid Claim,v2,claim_cards/train/Valid Claim/CLM-2026-00378_v2.png,CLM-2026-00378_v2.png
CLM-2026-00805,train,Invalid Claim,v1,claim_cards/train/Invalid Claim/CLM-2026-00805_v1.png,CLM-2026-00805_v1.png
CLM-2026-00805,train,Invalid Claim,v2,claim_cards/train/Invalid Claim/CLM-2026-00805_v2.png,CLM-2026-00805_v2.png
CLM-2026-01140,train,Manual Review,v1,claim_cards/train/Manual Review/CLM-2026-01140_v1.png,CLM-2026-01140_v1.png
CLM-2026-01140,train,Manual Review,v2,claim_cards/train/Manual Review/CLM-2026-01140_v2.png,CLM-2026-01140_v2.png
CLM-2026-00557,train,Invalid Claim,v1,claim_cards/train/Invalid Claim/CLM-2026-00557_v1.png,CLM-2026-00557_v1.png
CLM-2026-00557,train,Invalid Claim,v2,claim_cards/train/Invalid Claim/CLM-2026-00557_v2.png,CLM-2026-00557_v2.png
CLM-2026-01009,train,Manual Review,v1,claim_cards/train/Manual Review/CLM-2026-01009_v1.png,CLM-2026-01009_v1.png
CLM-2026-01009,train,Manual Review,v2,claim_cards/train/Manual Review/CLM-2026-01009_v2.png,CLM-2026-01009_v2.png
CLM-2026-00372,train,Valid Claim,v1,claim_cards/train/Valid Claim/CLM-2026-00372_v1.png,CLM-2026-00372_v1.png
CLM-2026-00372,train,Valid Claim,v2,claim_cards/train/Valid Claim/CLM-2026-00372_v2.png,CLM-2026-00372_v2.png
CLM-2026-01138,train,Manual Review,v1,claim_cards/train/Manual Review/CLM-2026-01138_v1.png,CLM-2026-01138_v1.png
CLM-2026-01138,train,Manual Review,v2,claim_cards/train/Manual Review/CLM-2026-01138_v2.png,CLM-2026-01138_v2.png
CLM-2026-00403,train,Valid Claim,v1,claim_cards/train/Valid Claim/CLM-2026-00403_v1.png,CLM-2026-00403_v1.png
CLM-2026-00403,train,Valid Claim,v2,claim_cards/train/Valid Claim/CLM-2026-00403_v2.png,CLM-2026-00403_v2.png
CLM-2026-00716,train,Invalid Claim,v1,claim_cards/train/Invalid Claim/CLM-2026-00716_v1.png,CLM-2026-00716_v1.png
CLM-2026-00716,train,Invalid Claim,v2,claim_cards/train/Invalid Claim/CLM-2026-00716_v2.png,CLM-2026-00716_v2.png
CLM-2026-00715,train,Invalid Claim,v1,claim_cards/train/Invalid Claim/CLM-2026-00715_v1.png,CLM-2026-00715_v1.png
CLM-2026-00715,train,Invalid Claim,v2,claim_cards/train/Invalid Claim/CLM-2026-00715_v2.png,CLM-2026-00715_v2.png
CLM-2026-00501,train,Invalid Claim,v1,claim_cards/train/Invalid Claim/CLM-2026-00501_v1.png,CLM-2026-00501_v1.png
CLM-2026-00501,train,Invalid Claim,v2,claim_cards/train/Invalid Claim/CLM-2026-00501_v2.png,CLM-2026-00501_v2.png
CLM-2026-00914,train,Invalid Claim,v1,claim_cards/train/Invalid Claim/CLM-2026-00914_v1.png,CLM-2026-00914_v1.png
CLM-2026-00914,train,Invalid Claim,v2,claim_cards/train/Invalid Claim/CLM-2026-00914_v2.png,CLM-2026-00914_v2.png
CLM-2026-00120,train,Valid Claim,v1,claim_cards/train/Valid Claim/CLM-2026-00120_v1.png,CLM-2026-00120_v1.png
CLM-2026-00120,train,Valid Claim,v2,claim_cards/train/Valid Claim/CLM-2026-00120_v2.png,CLM-2026-00120_v2.png
CLM-2026-00030,train,Valid Claim,v1,claim_cards/train/Valid Claim/CLM-2026-00030_v1.png,CLM-2026-00030_v1.png
CLM-2026-00030,train,Valid Claim,v2,claim_cards/train/Valid Claim/CLM-2026-00030_v2.png,CLM-2026-00030_v2.png
CLM-2026-00857,train,Invalid Claim,v1,claim_cards/train/Invalid Claim/CLM-2026-00857_v1.png,CLM-2026-00857_v1.png
CLM-2026-00857,train,Invalid Claim,v2,claim_cards/train/Invalid Claim/CLM-2026-00857_v2.png,CLM-2026-00857_v2.png
CLM-2026-00698,train,Invalid Claim,v1,claim_cards/train/Invalid Claim/CLM-2026-00698_v1.png,CLM-2026-00698_v1.png
CLM-2026-00698,train,Invalid Claim,v2,claim_cards/train/Invalid Claim/CLM-2026-00698_v2.png,CLM-2026-00698_v2.png
CLM-2026-01139,train,Manual Review,v1,claim_cards/train/Manual Review/CLM-2026-01139_v1.png,CLM-2026-01139_v1.png
CLM-2026-01139,train,Manual Review,v2,claim_cards/train/Manual Review/CLM-2026-01139_v2.png,CLM-2026-01139_v2.png
CLM-2026-01375,train,Manual Review,v1,claim_cards/train/Manual Review/CLM-2026-01375_v1.png,CLM-2026-01375_v1.png
CLM-2026-01375,train,Manual Review,v2,claim_cards/train/Manual Review/CLM-2026-01375_v2.png,CLM-2026-01375_v2.png
CLM-2026-00828,train,Invalid Claim,v1,claim_cards/train/Invalid Claim/CLM-2026-00828_v1.png,CLM-2026-00828_v1.png
CLM-2026-00828,train,Invalid Claim,v2,claim_cards/train/Invalid Claim/CLM-2026-00828_v2.png,CLM-2026-00828_v2.png
CLM-2026-00604,train,Invalid Claim,v1,claim_cards/train/Invalid Claim/CLM-2026-00604_v1.png,CLM-2026-00604_v1.png
CLM-2026-00604,train,Invalid Claim,v2,claim_cards/train/Invalid Claim/CLM-2026-00604_v2.png,CLM-2026-00604_v2.png
CLM-2026-00074,train,Valid Claim,v1,claim_cards/train/Valid Claim/CLM-2026-00074_v1.png,CLM-2026-00074_v1.png
CLM-2026-00074,train,Valid Claim,v2,claim_cards/train/Valid Claim/CLM-2026-00074_v2.png,CLM-2026-00074_v2.png
CLM-2026-00493,train,Valid Claim,v1,claim_cards/train/Valid Claim/CLM-2026-00493_v1.png,CLM-2026-00493_v1.png
CLM-2026-00493,train,Valid Claim,v2,claim_cards/train/Valid Claim/CLM-2026-00493_v2.png,CLM-2026-00493_v2.png
CLM-2026-00292,train,Valid Claim,v1,claim_cards/train/Valid Claim/CLM-2026-00292_v1.png,CLM-2026-00292_v1.png
CLM-2026-00292,train,Valid Claim,v2,claim_cards/train/Valid Claim/CLM-2026-00292_v2.png,CLM-2026-00292_v2.png
CLM-2026-00102,train,Valid Claim,v1,claim_cards/train/Valid Claim/CLM-2026-00102_v1.png,CLM-2026-00102_v1.png
CLM-2026-00102,train,Valid Claim,v2,claim_cards/train/Valid Claim/CLM-2026-00102_v2.png,CLM-2026-00102_v2.png
CLM-2026-00305,train,Valid Claim,v1,claim_cards/train/Valid Claim/CLM-2026-00305_v1.png,CLM-2026-00305_v1.png
CLM-2026-00305,train,Valid Claim,v2,claim_cards/train/Valid Claim/CLM-2026-00305_v2.png,CLM-2026-00305_v2.png
CLM-2026-01492,train,Manual Review,v1,claim_cards/train/Manual Review/CLM-2026-01492_v1.png,CLM-2026-01492_v1.png
CLM-2026-01492,train,Manual Review,v2,claim_cards/train/Manual Review/CLM-2026-01492_v2.png,CLM-2026-01492_v2.png
CLM-2026-01056,train,Manual Review,v1,claim_cards/train/Manual Review/CLM-2026-01056_v1.png,CLM-2026-01056_v1.png
CLM-2026-01056,train,Manual Review,v2,claim_cards/train/Manual Review/CLM-2026-01056_v2.png,CLM-2026-01056_v2.png
CLM-2026-00900,train,Invalid Claim,v1,claim_cards/train/Invalid Claim/CLM-2026-00900_v1.png,CLM-2026-00900_v1.png
CLM-2026-00900,train,Invalid Claim,v2,claim_cards/train/Invalid Claim/CLM-2026-00900_v2.png,CLM-2026-00900_v2.png
CLM-2026-00020,train,Valid Claim,v1,claim_cards/train/Valid Claim/CLM-2026-00020_v1.png,CLM-2026-00020_v1.png
CLM-2026-00020,train,Valid Claim,v2,claim_cards/train/Valid Claim/CLM-2026-00020_v2.png,CLM-2026-00020_v2.png
CLM-2026-00786,train,Invalid Claim,v1,claim_cards/train/Invalid Claim/CLM-2026-00786_v1.png,CLM-2026-00786_v1.png
CLM-2026-00786,train,Invalid Claim,v2,claim_cards/train/Invalid Claim/CLM-2026-00786_v2.png,CLM-2026-00786_v2.png
CLM-2026-00317,train,Valid Claim,v1,claim_cards/train/Valid Claim/CLM-2026-00317_v1.png,CLM-2026-00317_v1.png
CLM-2026-00317,train,Valid Claim,v2,claim_cards/train/Valid Claim/CLM-2026-00317_v2.png,CLM-2026-00317_v2.png
CLM-2026-00938,train,Invalid Claim,v1,claim_cards/train/Invalid Claim/CLM-2026-00938_v1.png,CLM-2026-00938_v1.png
CLM-2026-00938,train,Invalid Claim,v2,claim_cards/train/Invalid Claim/CLM-2026-00938_v2.png,CLM-2026-00938_v2.png
CLM-2026-00956,train,Invalid Claim,v1,claim_cards/train/Invalid Claim/CLM-2026-00956_v1.png,CLM-2026-00956_v1.png
CLM-2026-00956,train,Invalid Claim,v2,claim_cards/train/Invalid Claim/CLM-2026-00956_v2.png,CLM-2026-00956_v2.png
CLM-2026-01343,train,Manual Review,v1,claim_cards/train/Manual Review/CLM-2026-01343_v1.png,CLM-2026-01343_v1.png
CLM-2026-01343,train,Manual Review,v2,claim_cards/train/Manual Review/CLM-2026-01343_v2.png,CLM-2026-01343_v2.png
CLM-2026-00878,train,Invalid Claim,v1,claim_cards/train/Invalid Claim/CLM-2026-00878_v1.png,CLM-2026-00878_v1.png
CLM-2026-00878,train,Invalid Claim,v2,claim_cards/train/Invalid Claim/CLM-2026-00878_v2.png,CLM-2026-00878_v2.png
CLM-2026-00936,train,Invalid Claim,v1,claim_cards/train/Invalid Claim/CLM-2026-00936_v1.png,CLM-2026-00936_v1.png
CLM-2026-00936,train,Invalid Claim,v2,claim_cards/train/Invalid Claim/CLM-2026-00936_v2.png,CLM-2026-00936_v2.png
CLM-2026-00315,train,Valid Claim,v1,claim_cards/train/Valid Claim/CLM-2026-00315_v1.png,CLM-2026-00315_v1.png
CLM-2026-00315,train,Valid Claim,v2,claim_cards/train/Valid Claim/CLM-2026-00315_v2.png,CLM-2026-00315_v2.png
CLM-2026-01414,train,Manual Review,v1,claim_cards/train/Manual Review/CLM-2026-01414_v1.png,CLM-2026-01414_v1.png
CLM-2026-01414,train,Manual Review,v2,claim_cards/train/Manual Review/CLM-2026-01414_v2.png,CLM-2026-01414_v2.png
CLM-2026-00452,train,Valid Claim,v1,claim_cards/train/Valid Claim/CLM-2026-00452_v1.png,CLM-2026-00452_v1.png
CLM-2026-00452,train,Valid Claim,v2,claim_cards/train/Valid Claim/CLM-2026-00452_v2.png,CLM-2026-00452_v2.png
CLM-2026-00047,train,Valid Claim,v1,claim_cards/train/Valid Claim/CLM-2026-00047_v1.png,CLM-2026-00047_v1.png
CLM-2026-00047,train,Valid Claim,v2,claim_cards/train/Valid Claim/CLM-2026-00047_v2.png,CLM-2026-00047_v2.png
CLM-2026-01403,train,Manual Review,v1,claim_cards/train/Manual Review/CLM-2026-01403_v1.png,CLM-2026-01403_v1.png
CLM-2026-01403,train,Manual Review,v2,claim_cards/train/Manual Review/CLM-2026-01403_v2.png,CLM-2026-01403_v2.png
CLM-2026-00639,train,Invalid Claim,v1,claim_cards/train/Invalid Claim/CLM-2026-00639_v1.png,CLM-2026-00639_v1.png
CLM-2026-00639,train,Invalid Claim,v2,claim_cards/train/Invalid Claim/CLM-2026-00639_v2.png,CLM-2026-00639_v2.png
CLM-2026-00500,train,Valid Claim,v1,claim_cards/train/Valid Claim/CLM-2026-00500_v1.png,CLM-2026-00500_v1.png
CLM-2026-00500,train,Valid Claim,v2,claim_cards/train/Valid Claim/CLM-2026-00500_v2.png,CLM-2026-00500_v2.png
CLM-2026-00094,train,Valid Claim,v1,claim_cards/train/Valid Claim/CLM-2026-00094_v1.png,CLM-2026-00094_v1.png
CLM-2026-00094,train,Valid Claim,v2,claim_cards/train/Valid Claim/CLM-2026-00094_v2.png,CLM-2026-00094_v2.png
CLM-2026-00704,train,Invalid Claim,v1,claim_cards/train/Invalid Claim/CLM-2026-00704_v1.png,CLM-2026-00704_v1.png
CLM-2026-00704,train,Invalid Claim,v2,claim_cards/train/Invalid Claim/CLM-2026-00704_v2.png,CLM-2026-00704_v2.png
CLM-2026-00770,train,Invalid Claim,v1,claim_cards/train/Invalid Claim/CLM-2026-00770_v1.png,CLM-2026-00770_v1.png
CLM-2026-00770,train,Invalid Claim,v2,claim_cards/train/Invalid Claim/CLM-2026-00770_v2.png,CLM-2026-00770_v2.png
CLM-2026-00035,train,Valid Claim,v1,claim_cards/train/Valid Claim/CLM-2026-00035_v1.png,CLM-2026-00035_v1.png
CLM-2026-00035,train,Valid Claim,v2,claim_cards/train/Valid Claim/CLM-2026-00035_v2.png,CLM-2026-00035_v2.png
CLM-2026-01287,train,Manual Review,v1,claim_cards/train/Manual Review/CLM-2026-01287_v1.png,CLM-2026-01287_v1.png
CLM-2026-01287,train,Manual Review,v2,claim_cards/train/Manual Review/CLM-2026-01287_v2.png,CLM-2026-01287_v2.png
CLM-2026-00428,train,Valid Claim,v1,claim_cards/train/Valid Claim/CLM-2026-00428_v1.png,CLM-2026-00428_v1.png
CLM-2026-00428,train,Valid Claim,v2,claim_cards/train/Valid Claim/CLM-2026-00428_v2.png,CLM-2026-00428_v2.png
CLM-2026-01345,train,Manual Review,v1,claim_cards/train/Manual Review/CLM-2026-01345_v1.png,CLM-2026-01345_v1.png
CLM-2026-01345,train,Manual Review,v2,claim_cards/train/Manual Review/CLM-2026-01345_v2.png,CLM-2026-01345_v2.png
CLM-2026-00859,train,Invalid Claim,v1,claim_cards/train/Invalid Claim/CLM-2026-00859_v1.png,CLM-2026-00859_v1.png
CLM-2026-00859,train,Invalid Claim,v2,claim_cards/train/Invalid Claim/CLM-2026-00859_v2.png,CLM-2026-00859_v2.png
CLM-2026-00627,train,Invalid Claim,v1,claim_cards/train/Invalid Claim/CLM-2026-00627_v1.png,CLM-2026-00627_v1.png
CLM-2026-00627,train,Invalid Claim,v2,claim_cards/train/Invalid Claim/CLM-2026-00627_v2.png,CLM-2026-00627_v2.png
CLM-2026-01311,train,Manual Review,v1,claim_cards/train/Manual Review/CLM-2026-01311_v1.png,CLM-2026-01311_v1.png
CLM-2026-01311,train,Manual Review,v2,claim_cards/train/Manual Review/CLM-2026-01311_v2.png,CLM-2026-01311_v2.png
CLM-2026-00448,train,Valid Claim,v1,claim_cards/train/Valid Claim/CLM-2026-00448_v1.png,CLM-2026-00448_v1.png
CLM-2026-00448,train,Valid Claim,v2,claim_cards/train/Valid Claim/CLM-2026-00448_v2.png,CLM-2026-00448_v2.png
CLM-2026-01066,train,Manual Review,v1,claim_cards/train/Manual Review/CLM-2026-01066_v1.png,CLM-2026-01066_v1.png
CLM-2026-01066,train,Manual Review,v2,claim_cards/train/Manual Review/CLM-2026-01066_v2.png,CLM-2026-01066_v2.png
CLM-2026-01294,train,Manual Review,v1,claim_cards/train/Manual Review/CLM-2026-01294_v1.png,CLM-2026-01294_v1.png
CLM-2026-01294,train,Manual Review,v2,claim_cards/train/Manual Review/CLM-2026-01294_v2.png,CLM-2026-01294_v2.png
CLM-2026-00328,train,Valid Claim,v1,claim_cards/train/Valid Claim/CLM-2026-00328_v1.png,CLM-2026-00328_v1.png
CLM-2026-00328,train,Valid Claim,v2,claim_cards/train/Valid Claim/CLM-2026-00328_v2.png,CLM-2026-00328_v2.png
CLM-2026-01408,train,Manual Review,v1,claim_cards/train/Manual Review/CLM-2026-01408_v1.png,CLM-2026-01408_v1.png
CLM-2026-01408,train,Manual Review,v2,claim_cards/train/Manual Review/CLM-2026-01408_v2.png,CLM-2026-01408_v2.png
CLM-2026-00490,train,Valid Claim,v1,claim_cards/train/Valid Claim/CLM-2026-00490_v1.png,CLM-2026-00490_v1.png
CLM-2026-00490,train,Valid Claim,v2,claim_cards/train/Valid Claim/CLM-2026-00490_v2.png,CLM-2026-00490_v2.png
CLM-2026-00067,train,Valid Claim,v1,claim_cards/train/Valid Claim/CLM-2026-00067_v1.png,CLM-2026-00067_v1.png
CLM-2026-00067,train,Valid Claim,v2,claim_cards/train/Valid Claim/CLM-2026-00067_v2.png,CLM-2026-00067_v2.png
CLM-2026-00391,train,Valid Claim,v1,claim_cards/train/Valid Claim/CLM-2026-00391_v1.png,CLM-2026-00391_v1.png
CLM-2026-00391,train,Valid Claim,v2,claim_cards/train/Valid Claim/CLM-2026-00391_v2.png,CLM-2026-00391_v2.png
CLM-2026-00620,train,Invalid Claim,v1,claim_cards/train/Invalid Claim/CLM-2026-00620_v1.png,CLM-2026-00620_v1.png
CLM-2026-00620,train,Invalid Claim,v2,claim_cards/train/Invalid Claim/CLM-2026-00620_v2.png,CLM-2026-00620_v2.png
CLM-2026-00370,train,Valid Claim,v1,claim_cards/train/Valid Claim/CLM-2026-00370_v1.png,CLM-2026-00370_v1.png
CLM-2026-00370,train,Valid Claim,v2,claim_cards/train/Valid Claim/CLM-2026-00370_v2.png,CLM-2026-00370_v2.png
CLM-2026-00087,train,Valid Claim,v1,claim_cards/train/Valid Claim/CLM-2026-00087_v1.png,CLM-2026-00087_v1.png
CLM-2026-00087,train,Valid Claim,v2,claim_cards/train/Valid Claim/CLM-2026-00087_v2.png,CLM-2026-00087_v2.png
CLM-2026-01282,train,Manual Review,v1,claim_cards/train/Manual Review/CLM-2026-01282_v1.png,CLM-2026-01282_v1.png
CLM-2026-01282,train,Manual Review,v2,claim_cards/train/Manual Review/CLM-2026-01282_v2.png,CLM-2026-01282_v2.png
CLM-2026-00246,train,Valid Claim,v1,claim_cards/train/Valid Claim/CLM-2026-00246_v1.png,CLM-2026-00246_v1.png
CLM-2026-00246,train,Valid Claim,v2,claim_cards/train/Valid Claim/CLM-2026-00246_v2.png,CLM-2026-00246_v2.png
CLM-2026-00103,train,Valid Claim,v1,claim_cards/train/Valid Claim/CLM-2026-00103_v1.png,CLM-2026-00103_v1.png
CLM-2026-00103,train,Valid Claim,v2,claim_cards/train/Valid Claim/CLM-2026-00103_v2.png,CLM-2026-00103_v2.png
CLM-2026-01053,train,Manual Review,v1,claim_cards/train/Manual Review/CLM-2026-01053_v1.png,CLM-2026-01053_v1.png
CLM-2026-01053,train,Manual Review,v2,claim_cards/train/Manual Review/CLM-2026-01053_v2.png,CLM-2026-01053_v2.png
CLM-2026-00711,train,Invalid Claim,v1,claim_cards/train/Invalid Claim/CLM-2026-00711_v1.png,CLM-2026-00711_v1.png
CLM-2026-00711,train,Invalid Claim,v2,claim_cards/train/Invalid Claim/CLM-2026-00711_v2.png,CLM-2026-00711_v2.png
CLM-2026-01189,train,Manual Review,v1,claim_cards/train/Manual Review/CLM-2026-01189_v1.png,CLM-2026-01189_v1.png
CLM-2026-01189,train,Manual Review,v2,claim_cards/train/Manual Review/CLM-2026-01189_v2.png,CLM-2026-01189_v2.png
CLM-2026-00752,train,Invalid Claim,v1,claim_cards/train/Invalid Claim/CLM-2026-00752_v1.png,CLM-2026-00752_v1.png
CLM-2026-00752,train,Invalid Claim,v2,claim_cards/train/Invalid Claim/CLM-2026-00752_v2.png,CLM-2026-00752_v2.png
CLM-2026-00321,train,Valid Claim,v1,claim_cards/train/Valid Claim/CLM-2026-00321_v1.png,CLM-2026-00321_v1.png
CLM-2026-00321,train,Valid Claim,v2,claim_cards/train/Valid Claim/CLM-2026-00321_v2.png,CLM-2026-00321_v2.png
CLM-2026-00486,train,Valid Claim,v1,claim_cards/train/Valid Claim/CLM-2026-00486_v1.png,CLM-2026-00486_v1.png
CLM-2026-00486,train,Valid Claim,v2,claim_cards/train/Valid Claim/CLM-2026-00486_v2.png,CLM-2026-00486_v2.png
CLM-2026-00701,train,Invalid Claim,v1,claim_cards/train/Invalid Claim/CLM-2026-00701_v1.png,CLM-2026-00701_v1.png
CLM-2026-00701,train,Invalid Claim,v2,claim_cards/train/Invalid Claim/CLM-2026-00701_v2.png,CLM-2026-00701_v2.png
CLM-2026-00435,train,Valid Claim,v1,claim_cards/train/Valid Claim/CLM-2026-00435_v1.png,CLM-2026-00435_v1.png
CLM-2026-00435,train,Valid Claim,v2,claim_cards/train/Valid Claim/CLM-2026-00435_v2.png,CLM-2026-00435_v2.png
CLM-2026-00322,train,Valid Claim,v1,claim_cards/train/Valid Claim/CLM-2026-00322_v1.png,CLM-2026-00322_v1.png
CLM-2026-00322,train,Valid Claim,v2,claim_cards/train/Valid Claim/CLM-2026-00322_v2.png,CLM-2026-00322_v2.png
CLM-2026-00392,train,Valid Claim,v1,claim_cards/train/Valid Claim/CLM-2026-00392_v1.png,CLM-2026-00392_v1.png
CLM-2026-00392,train,Valid Claim,v2,claim_cards/train/Valid Claim/CLM-2026-00392_v2.png,CLM-2026-00392_v2.png
CLM-2026-00551,train,Invalid Claim,v1,claim_cards/train/Invalid Claim/CLM-2026-00551_v1.png,CLM-2026-00551_v1.png
CLM-2026-00551,train,Invalid Claim,v2,claim_cards/train/Invalid Claim/CLM-2026-00551_v2.png,CLM-2026-00551_v2.png
CLM-2026-00911,train,Invalid Claim,v1,claim_cards/train/Invalid Claim/CLM-2026-00911_v1.png,CLM-2026-00911_v1.png
CLM-2026-00911,train,Invalid Claim,v2,claim_cards/train/Invalid Claim/CLM-2026-00911_v2.png,CLM-2026-00911_v2.png
CLM-2026-00374,train,Valid Claim,v1,claim_cards/train/Valid Claim/CLM-2026-00374_v1.png,CLM-2026-00374_v1.png
CLM-2026-00374,train,Valid Claim,v2,claim_cards/train/Valid Claim/CLM-2026-00374_v2.png,CLM-2026-00374_v2.png
CLM-2026-00935,train,Invalid Claim,v1,claim_cards/train/Invalid Claim/CLM-2026-00935_v1.png,CLM-2026-00935_v1.png
CLM-2026-00935,train,Invalid Claim,v2,claim_cards/train/Invalid Claim/CLM-2026-00935_v2.png,CLM-2026-00935_v2.png
CLM-2026-01190,train,Manual Review,v1,claim_cards/train/Manual Review/CLM-2026-01190_v1.png,CLM-2026-01190_v1.png
CLM-2026-01190,train,Manual Review,v2,claim_cards/train/Manual Review/CLM-2026-01190_v2.png,CLM-2026-01190_v2.png
CLM-2026-01279,train,Manual Review,v1,claim_cards/train/Manual Review/CLM-2026-01279_v1.png,CLM-2026-01279_v1.png
CLM-2026-01279,train,Manual Review,v2,claim_cards/train/Manual Review/CLM-2026-01279_v2.png,CLM-2026-01279_v2.png
CLM-2026-00215,train,Valid Claim,v1,claim_cards/train/Valid Claim/CLM-2026-00215_v1.png,CLM-2026-00215_v1.png
CLM-2026-00215,train,Valid Claim,v2,claim_cards/train/Valid Claim/CLM-2026-00215_v2.png,CLM-2026-00215_v2.png
CLM-2026-01434,train,Manual Review,v1,claim_cards/train/Manual Review/CLM-2026-01434_v1.png,CLM-2026-01434_v1.png
CLM-2026-01434,train,Manual Review,v2,claim_cards/train/Manual Review/CLM-2026-01434_v2.png,CLM-2026-01434_v2.png
CLM-2026-00073,train,Valid Claim,v1,claim_cards/train/Valid Claim/CLM-2026-00073_v1.png,CLM-2026-00073_v1.png
CLM-2026-00073,train,Valid Claim,v2,claim_cards/train/Valid Claim/CLM-2026-00073_v2.png,CLM-2026-00073_v2.png
CLM-2026-01244,train,Manual Review,v1,claim_cards/train/Manual Review/CLM-2026-01244_v1.png,CLM-2026-01244_v1.png
CLM-2026-01244,train,Manual Review,v2,claim_cards/train/Manual Review/CLM-2026-01244_v2.png,CLM-2026-01244_v2.png
CLM-2026-00527,train,Invalid Claim,v1,claim_cards/train/Invalid Claim/CLM-2026-00527_v1.png,CLM-2026-00527_v1.png
CLM-2026-00527,train,Invalid Claim,v2,claim_cards/train/Invalid Claim/CLM-2026-00527_v2.png,CLM-2026-00527_v2.png
CLM-2026-00688,train,Invalid Claim,v1,claim_cards/train/Invalid Claim/CLM-2026-00688_v1.png,CLM-2026-00688_v1.png
CLM-2026-00688,train,Invalid Claim,v2,claim_cards/train/Invalid Claim/CLM-2026-00688_v2.png,CLM-2026-00688_v2.png
CLM-2026-00950,train,Invalid Claim,v1,claim_cards/train/Invalid Claim/CLM-2026-00950_v1.png,CLM-2026-00950_v1.png
CLM-2026-00950,train,Invalid Claim,v2,claim_cards/train/Invalid Claim/CLM-2026-00950_v2.png,CLM-2026-00950_v2.png
CLM-2026-01344,train,Manual Review,v1,claim_cards/train/Manual Review/CLM-2026-01344_v1.png,CLM-2026-01344_v1.png
CLM-2026-01344,train,Manual Review,v2,claim_cards/train/Manual Review/CLM-2026-01344_v2.png,CLM-2026-01344_v2.png
CLM-2026-00226,train,Valid Claim,v1,claim_cards/train/Valid Claim/CLM-2026-00226_v1.png,CLM-2026-00226_v1.png
CLM-2026-00226,train,Valid Claim,v2,claim_cards/train/Valid Claim/CLM-2026-00226_v2.png,CLM-2026-00226_v2.png
CLM-2026-00597,train,Invalid Claim,v1,claim_cards/train/Invalid Claim/CLM-2026-00597_v1.png,CLM-2026-00597_v1.png
CLM-2026-00597,train,Invalid Claim,v2,claim_cards/train/Invalid Claim/CLM-2026-00597_v2.png,CLM-2026-00597_v2.png
CLM-2026-01112,train,Manual Review,v1,claim_cards/train/Manual Review/CLM-2026-01112_v1.png,CLM-2026-01112_v1.png
CLM-2026-01112,train,Manual Review,v2,claim_cards/train/Manual Review/CLM-2026-01112_v2.png,CLM-2026-01112_v2.png
CLM-2026-00192,train,Valid Claim,v1,claim_cards/train/Valid Claim/CLM-2026-00192_v1.png,CLM-2026-00192_v1.png
CLM-2026-00192,train,Valid Claim,v2,claim_cards/train/Valid Claim/CLM-2026-00192_v2.png,CLM-2026-00192_v2.png
CLM-2026-00178,train,Valid Claim,v1,claim_cards/train/Valid Claim/CLM-2026-00178_v1.png,CLM-2026-00178_v1.png
CLM-2026-00178,train,Valid Claim,v2,claim_cards/train/Valid Claim/CLM-2026-00178_v2.png,CLM-2026-00178_v2.png
CLM-2026-00529,train,Invalid Claim,v1,claim_cards/train/Invalid Claim/CLM-2026-00529_v1.png,CLM-2026-00529_v1.png
CLM-2026-00529,train,Invalid Claim,v2,claim_cards/train/Invalid Claim/CLM-2026-00529_v2.png,CLM-2026-00529_v2.png
CLM-2026-00430,train,Valid Claim,v1,claim_cards/train/Valid Claim/CLM-2026-00430_v1.png,CLM-2026-00430_v1.png
CLM-2026-00430,train,Valid Claim,v2,claim_cards/train/Valid Claim/CLM-2026-00430_v2.png,CLM-2026-00430_v2.png
CLM-2026-00750,train,Invalid Claim,v1,claim_cards/train/Invalid Claim/CLM-2026-00750_v1.png,CLM-2026-00750_v1.png
CLM-2026-00750,train,Invalid Claim,v2,claim_cards/train/Invalid Claim/CLM-2026-00750_v2.png,CLM-2026-00750_v2.png
CLM-2026-01042,train,Manual Review,v1,claim_cards/train/Manual Review/CLM-2026-01042_v1.png,CLM-2026-01042_v1.png
CLM-2026-01042,train,Manual Review,v2,claim_cards/train/Manual Review/CLM-2026-01042_v2.png,CLM-2026-01042_v2.png
CLM-2026-01275,train,Manual Review,v1,claim_cards/train/Manual Review/CLM-2026-01275_v1.png,CLM-2026-01275_v1.png
CLM-2026-01275,train,Manual Review,v2,claim_cards/train/Manual Review/CLM-2026-01275_v2.png,CLM-2026-01275_v2.png
CLM-2026-00789,train,Invalid Claim,v1,claim_cards/train/Invalid Claim/CLM-2026-00789_v1.png,CLM-2026-00789_v1.png
CLM-2026-00789,train,Invalid Claim,v2,claim_cards/train/Invalid Claim/CLM-2026-00789_v2.png,CLM-2026-00789_v2.png
CLM-2026-00866,train,Invalid Claim,v1,claim_cards/train/Invalid Claim/CLM-2026-00866_v1.png,CLM-2026-00866_v1.png
CLM-2026-00866,train,Invalid Claim,v2,claim_cards/train/Invalid Claim/CLM-2026-00866_v2.png,CLM-2026-00866_v2.png
CLM-2026-00075,train,Valid Claim,v1,claim_cards/train/Valid Claim/CLM-2026-00075_v1.png,CLM-2026-00075_v1.png
CLM-2026-00075,train,Valid Claim,v2,claim_cards/train/Valid Claim/CLM-2026-00075_v2.png,CLM-2026-00075_v2.png
CLM-2026-01099,train,Manual Review,v1,claim_cards/train/Manual Review/CLM-2026-01099_v1.png,CLM-2026-01099_v1.png
CLM-2026-01099,train,Manual Review,v2,claim_cards/train/Manual Review/CLM-2026-01099_v2.png,CLM-2026-01099_v2.png
CLM-2026-01430,train,Manual Review,v1,claim_cards/train/Manual Review/CLM-2026-01430_v1.png,CLM-2026-01430_v1.png
CLM-2026-01430,train,Manual Review,v2,claim_cards/train/Manual Review/CLM-2026-01430_v2.png,CLM-2026-01430_v2.png
CLM-2026-00193,train,Valid Claim,v1,claim_cards/train/Valid Claim/CLM-2026-00193_v1.png,CLM-2026-00193_v1.png
CLM-2026-00193,train,Valid Claim,v2,claim_cards/train/Valid Claim/CLM-2026-00193_v2.png,CLM-2026-00193_v2.png
CLM-2026-00036,train,Valid Claim,v1,claim_cards/train/Valid Claim/CLM-2026-00036_v1.png,CLM-2026-00036_v1.png
CLM-2026-00036,train,Valid Claim,v2,claim_cards/train/Valid Claim/CLM-2026-00036_v2.png,CLM-2026-00036_v2.png
CLM-2026-00634,train,Invalid Claim,v1,claim_cards/train/Invalid Claim/CLM-2026-00634_v1.png,CLM-2026-00634_v1.png
CLM-2026-00634,train,Invalid Claim,v2,claim_cards/train/Invalid Claim/CLM-2026-00634_v2.png,CLM-2026-00634_v2.png
CLM-2026-01122,train,Manual Review,v1,claim_cards/train/Manual Review/CLM-2026-01122_v1.png,CLM-2026-01122_v1.png
CLM-2026-01122,train,Manual Review,v2,claim_cards/train/Manual Review/CLM-2026-01122_v2.png,CLM-2026-01122_v2.png
CLM-2026-00855,train,Invalid Claim,v1,claim_cards/train/Invalid Claim/CLM-2026-00855_v1.png,CLM-2026-00855_v1.png
CLM-2026-00855,train,Invalid Claim,v2,claim_cards/train/Invalid Claim/CLM-2026-00855_v2.png,CLM-2026-00855_v2.png
CLM-2026-01051,train,Manual Review,v1,claim_cards/train/Manual Review/CLM-2026-01051_v1.png,CLM-2026-01051_v1.png
CLM-2026-01051,train,Manual Review,v2,claim_cards/train/Manual Review/CLM-2026-01051_v2.png,CLM-2026-01051_v2.png
CLM-2026-00611,train,Invalid Claim,v1,claim_cards/train/Invalid Claim/CLM-2026-00611_v1.png,CLM-2026-00611_v1.png
CLM-2026-00611,train,Invalid Claim,v2,claim_cards/train/Invalid Claim/CLM-2026-00611_v2.png,CLM-2026-00611_v2.png
CLM-2026-00449,train,Valid Claim,v1,claim_cards/train/Valid Claim/CLM-2026-00449_v1.png,CLM-2026-00449_v1.png
CLM-2026-00449,train,Valid Claim,v2,claim_cards/train/Valid Claim/CLM-2026-00449_v2.png,CLM-2026-00449_v2.png
CLM-2026-01259,train,Manual Review,v1,claim_cards/train/Manual Review/CLM-2026-01259_v1.png,CLM-2026-01259_v1.png
CLM-2026-01259,train,Manual Review,v2,claim_cards/train/Manual Review/CLM-2026-01259_v2.png,CLM-2026-01259_v2.png
CLM-2026-00210,train,Valid Claim,v1,claim_cards/train/Valid Claim/CLM-2026-00210_v1.png,CLM-2026-00210_v1.png
CLM-2026-00210,train,Valid Claim,v2,claim_cards/train/Valid Claim/CLM-2026-00210_v2.png,CLM-2026-00210_v2.png
CLM-2026-01017,train,Manual Review,v1,claim_cards/train/Manual Review/CLM-2026-01017_v1.png,CLM-2026-01017_v1.png
CLM-2026-01017,train,Manual Review,v2,claim_cards/train/Manual Review/CLM-2026-01017_v2.png,CLM-2026-01017_v2.png
CLM-2026-00175,train,Valid Claim,v1,claim_cards/train/Valid Claim/CLM-2026-00175_v1.png,CLM-2026-00175_v1.png
CLM-2026-00175,train,Valid Claim,v2,claim_cards/train/Valid Claim/CLM-2026-00175_v2.png,CLM-2026-00175_v2.png
CLM-2026-01086,train,Manual Review,v1,claim_cards/train/Manual Review/CLM-2026-01086_v1.png,CLM-2026-01086_v1.png
CLM-2026-01086,train,Manual Review,v2,claim_cards/train/Manual Review/CLM-2026-01086_v2.png,CLM-2026-01086_v2.png
CLM-2026-00340,train,Valid Claim,v1,claim_cards/train/Valid Claim/CLM-2026-00340_v1.png,CLM-2026-00340_v1.png
CLM-2026-00340,train,Valid Claim,v2,claim_cards/train/Valid Claim/CLM-2026-00340_v2.png,CLM-2026-00340_v2.png
CLM-2026-00625,train,Invalid Claim,v1,claim_cards/train/Invalid Claim/CLM-2026-00625_v1.png,CLM-2026-00625_v1.png
CLM-2026-00625,train,Invalid Claim,v2,claim_cards/train/Invalid Claim/CLM-2026-00625_v2.png,CLM-2026-00625_v2.png
CLM-2026-00799,train,Invalid Claim,v1,claim_cards/train/Invalid Claim/CLM-2026-00799_v1.png,CLM-2026-00799_v1.png
CLM-2026-00799,train,Invalid Claim,v2,claim_cards/train/Invalid Claim/CLM-2026-00799_v2.png,CLM-2026-00799_v2.png
CLM-2026-00483,train,Valid Claim,v1,claim_cards/train/Valid Claim/CLM-2026-00483_v1.png,CLM-2026-00483_v1.png
CLM-2026-00483,train,Valid Claim,v2,claim_cards/train/Valid Claim/CLM-2026-00483_v2.png,CLM-2026-00483_v2.png
CLM-2026-00415,train,Valid Claim,v1,claim_cards/train/Valid Claim/CLM-2026-00415_v1.png,CLM-2026-00415_v1.png
CLM-2026-00415,train,Valid Claim,v2,claim_cards/train/Valid Claim/CLM-2026-00415_v2.png,CLM-2026-00415_v2.png
CLM-2026-00310,train,Valid Claim,v1,claim_cards/train/Valid Claim/CLM-2026-00310_v1.png,CLM-2026-00310_v1.png
CLM-2026-00310,train,Valid Claim,v2,claim_cards/train/Valid Claim/CLM-2026-00310_v2.png,CLM-2026-00310_v2.png
CLM-2026-00188,train,Valid Claim,v1,claim_cards/train/Valid Claim/CLM-2026-00188_v1.png,CLM-2026-00188_v1.png
CLM-2026-00188,train,Valid Claim,v2,claim_cards/train/Valid Claim/CLM-2026-00188_v2.png,CLM-2026-00188_v2.png
CLM-2026-01484,train,Manual Review,v1,claim_cards/train/Manual Review/CLM-2026-01484_v1.png,CLM-2026-01484_v1.png
CLM-2026-01484,train,Manual Review,v2,claim_cards/train/Manual Review/CLM-2026-01484_v2.png,CLM-2026-01484_v2.png
CLM-2026-00580,train,Invalid Claim,v1,claim_cards/train/Invalid Claim/CLM-2026-00580_v1.png,CLM-2026-00580_v1.png
CLM-2026-00580,train,Invalid Claim,v2,claim_cards/train/Invalid Claim/CLM-2026-00580_v2.png,CLM-2026-00580_v2.png
CLM-2026-01297,train,Manual Review,v1,claim_cards/train/Manual Review/CLM-2026-01297_v1.png,CLM-2026-01297_v1.png
CLM-2026-01297,train,Manual Review,v2,claim_cards/train/Manual Review/CLM-2026-01297_v2.png,CLM-2026-01297_v2.png
CLM-2026-00923,train,Invalid Claim,v1,claim_cards/train/Invalid Claim/CLM-2026-00923_v1.png,CLM-2026-00923_v1.png
CLM-2026-00923,train,Invalid Claim,v2,claim_cards/train/Invalid Claim/CLM-2026-00923_v2.png,CLM-2026-00923_v2.png
CLM-2026-00560,train,Invalid Claim,v1,claim_cards/train/Invalid Claim/CLM-2026-00560_v1.png,CLM-2026-00560_v1.png
CLM-2026-00560,train,Invalid Claim,v2,claim_cards/train/Invalid Claim/CLM-2026-00560_v2.png,CLM-2026-00560_v2.png
CLM-2026-00874,train,Invalid Claim,v1,claim_cards/train/Invalid Claim/CLM-2026-00874_v1.png,CLM-2026-00874_v1.png
CLM-2026-00874,train,Invalid Claim,v2,claim_cards/train/Invalid Claim/CLM-2026-00874_v2.png,CLM-2026-00874_v2.png
CLM-2026-00043,train,Valid Claim,v1,claim_cards/train/Valid Claim/CLM-2026-00043_v1.png,CLM-2026-00043_v1.png
CLM-2026-00043,train,Valid Claim,v2,claim_cards/train/Valid Claim/CLM-2026-00043_v2.png,CLM-2026-00043_v2.png
CLM-2026-01452,train,Manual Review,v1,claim_cards/train/Manual Review/CLM-2026-01452_v1.png,CLM-2026-01452_v1.png
CLM-2026-01452,train,Manual Review,v2,claim_cards/train/Manual Review/CLM-2026-01452_v2.png,CLM-2026-01452_v2.png
CLM-2026-00842,train,Invalid Claim,v1,claim_cards/train/Invalid Claim/CLM-2026-00842_v1.png,CLM-2026-00842_v1.png
CLM-2026-00842,train,Invalid Claim,v2,claim_cards/train/Invalid Claim/CLM-2026-00842_v2.png,CLM-2026-00842_v2.png
CLM-2026-00013,train,Valid Claim,v1,claim_cards/train/Valid Claim/CLM-2026-00013_v1.png,CLM-2026-00013_v1.png
CLM-2026-00013,train,Valid Claim,v2,claim_cards/train/Valid Claim/CLM-2026-00013_v2.png,CLM-2026-00013_v2.png
CLM-2026-00269,train,Valid Claim,v1,claim_cards/train/Valid Claim/CLM-2026-00269_v1.png,CLM-2026-00269_v1.png
CLM-2026-00269,train,Valid Claim,v2,claim_cards/train/Valid Claim/CLM-2026-00269_v2.png,CLM-2026-00269_v2.png
CLM-2026-00917,train,Invalid Claim,v1,claim_cards/train/Invalid Claim/CLM-2026-00917_v1.png,CLM-2026-00917_v1.png
CLM-2026-00917,train,Invalid Claim,v2,claim_cards/train/Invalid Claim/CLM-2026-00917_v2.png,CLM-2026-00917_v2.png
CLM-2026-01060,train,Manual Review,v1,claim_cards/train/Manual Review/CLM-2026-01060_v1.png,CLM-2026-01060_v1.png
CLM-2026-01060,train,Manual Review,v2,claim_cards/train/Manual Review/CLM-2026-01060_v2.png,CLM-2026-01060_v2.png
CLM-2026-00922,train,Invalid Claim,v1,claim_cards/train/Invalid Claim/CLM-2026-00922_v1.png,CLM-2026-00922_v1.png
CLM-2026-00922,train,Invalid Claim,v2,claim_cards/train/Invalid Claim/CLM-2026-00922_v2.png,CLM-2026-00922_v2.png
CLM-2026-00739,train,Invalid Claim,v1,claim_cards/train/Invalid Claim/CLM-2026-00739_v1.png,CLM-2026-00739_v1.png
CLM-2026-00739,train,Invalid Claim,v2,claim_cards/train/Invalid Claim/CLM-2026-00739_v2.png,CLM-2026-00739_v2.png
CLM-2026-00171,train,Valid Claim,v1,claim_cards/train/Valid Claim/CLM-2026-00171_v1.png,CLM-2026-00171_v1.png
CLM-2026-00171,train,Valid Claim,v2,claim_cards/train/Valid Claim/CLM-2026-00171_v2.png,CLM-2026-00171_v2.png
CLM-2026-01335,train,Manual Review,v1,claim_cards/train/Manual Review/CLM-2026-01335_v1.png,CLM-2026-01335_v1.png
CLM-2026-01335,train,Manual Review,v2,claim_cards/train/Manual Review/CLM-2026-01335_v2.png,CLM-2026-01335_v2.png
CLM-2026-00843,train,Invalid Claim,v1,claim_cards/train/Invalid Claim/CLM-2026-00843_v1.png,CLM-2026-00843_v1.png
CLM-2026-00843,train,Invalid Claim,v2,claim_cards/train/Invalid Claim/CLM-2026-00843_v2.png,CLM-2026-00843_v2.png
CLM-2026-00840,train,Invalid Claim,v1,claim_cards/train/Invalid Claim/CLM-2026-00840_v1.png,CLM-2026-00840_v1.png
CLM-2026-00840,train,Invalid Claim,v2,claim_cards/train/Invalid Claim/CLM-2026-00840_v2.png,CLM-2026-00840_v2.png
CLM-2026-00542,train,Invalid Claim,v1,claim_cards/train/Invalid Claim/CLM-2026-00542_v1.png,CLM-2026-00542_v1.png
CLM-2026-00542,train,Invalid Claim,v2,claim_cards/train/Invalid Claim/CLM-2026-00542_v2.png,CLM-2026-00542_v2.png
CLM-2026-01361,train,Manual Review,v1,claim_cards/train/Manual Review/CLM-2026-01361_v1.png,CLM-2026-01361_v1.png
CLM-2026-01361,train,Manual Review,v2,claim_cards/train/Manual Review/CLM-2026-01361_v2.png,CLM-2026-01361_v2.png
CLM-2026-00598,train,Invalid Claim,v1,claim_cards/train/Invalid Claim/CLM-2026-00598_v1.png,CLM-2026-00598_v1.png
CLM-2026-00598,train,Invalid Claim,v2,claim_cards/train/Invalid Claim/CLM-2026-00598_v2.png,CLM-2026-00598_v2.png
CLM-2026-01396,train,Manual Review,v1,claim_cards/train/Manual Review/CLM-2026-01396_v1.png,CLM-2026-01396_v1.png
CLM-2026-01396,train,Manual Review,v2,claim_cards/train/Manual Review/CLM-2026-01396_v2.png,CLM-2026-01396_v2.png
CLM-2026-00468,train,Valid Claim,v1,claim_cards/train/Valid Claim/CLM-2026-00468_v1.png,CLM-2026-00468_v1.png
CLM-2026-00468,train,Valid Claim,v2,claim_cards/train/Valid Claim/CLM-2026-00468_v2.png,CLM-2026-00468_v2.png
CLM-2026-00360,train,Valid Claim,v1,claim_cards/train/Valid Claim/CLM-2026-00360_v1.png,CLM-2026-00360_v1.png
CLM-2026-00360,train,Valid Claim,v2,claim_cards/train/Valid Claim/CLM-2026-00360_v2.png,CLM-2026-00360_v2.png
CLM-2026-00409,train,Valid Claim,v1,claim_cards/train/Valid Claim/CLM-2026-00409_v1.png,CLM-2026-00409_v1.png
CLM-2026-00409,train,Valid Claim,v2,claim_cards/train/Valid Claim/CLM-2026-00409_v2.png,CLM-2026-00409_v2.png
CLM-2026-00228,train,Valid Claim,v1,claim_cards/train/Valid Claim/CLM-2026-00228_v1.png,CLM-2026-00228_v1.png
CLM-2026-00228,train,Valid Claim,v2,claim_cards/train/Valid Claim/CLM-2026-00228_v2.png,CLM-2026-00228_v2.png
CLM-2026-00134,train,Valid Claim,v1,claim_cards/train/Valid Claim/CLM-2026-00134_v1.png,CLM-2026-00134_v1.png
CLM-2026-00134,train,Valid Claim,v2,claim_cards/train/Valid Claim/CLM-2026-00134_v2.png,CLM-2026-00134_v2.png
CLM-2026-00506,train,Invalid Claim,v1,claim_cards/train/Invalid Claim/CLM-2026-00506_v1.png,CLM-2026-00506_v1.png
CLM-2026-00506,train,Invalid Claim,v2,claim_cards/train/Invalid Claim/CLM-2026-00506_v2.png,CLM-2026-00506_v2.png
CLM-2026-01110,train,Manual Review,v1,claim_cards/train/Manual Review/CLM-2026-01110_v1.png,CLM-2026-01110_v1.png
CLM-2026-01110,train,Manual Review,v2,claim_cards/train/Manual Review/CLM-2026-01110_v2.png,CLM-2026-01110_v2.png
CLM-2026-01284,train,Manual Review,v1,claim_cards/train/Manual Review/CLM-2026-01284_v1.png,CLM-2026-01284_v1.png
CLM-2026-01284,train,Manual Review,v2,claim_cards/train/Manual Review/CLM-2026-01284_v2.png,CLM-2026-01284_v2.png
CLM-2026-00236,train,Valid Claim,v1,claim_cards/train/Valid Claim/CLM-2026-00236_v1.png,CLM-2026-00236_v1.png
CLM-2026-00236,train,Valid Claim,v2,claim_cards/train/Valid Claim/CLM-2026-00236_v2.png,CLM-2026-00236_v2.png
CLM-2026-00248,train,Valid Claim,v1,claim_cards/train/Valid Claim/CLM-2026-00248_v1.png,CLM-2026-00248_v1.png
CLM-2026-00248,train,Valid Claim,v2,claim_cards/train/Valid Claim/CLM-2026-00248_v2.png,CLM-2026-00248_v2.png
CLM-2026-00133,train,Valid Claim,v1,claim_cards/train/Valid Claim/CLM-2026-00133_v1.png,CLM-2026-00133_v1.png
CLM-2026-00133,train,Valid Claim,v2,claim_cards/train/Valid Claim/CLM-2026-00133_v2.png,CLM-2026-00133_v2.png
CLM-2026-00121,train,Valid Claim,v1,claim_cards/train/Valid Claim/CLM-2026-00121_v1.png,CLM-2026-00121_v1.png
CLM-2026-00121,train,Valid Claim,v2,claim_cards/train/Valid Claim/CLM-2026-00121_v2.png,CLM-2026-00121_v2.png
CLM-2026-00989,train,Invalid Claim,v1,claim_cards/train/Invalid Claim/CLM-2026-00989_v1.png,CLM-2026-00989_v1.png
CLM-2026-00989,train,Invalid Claim,v2,claim_cards/train/Invalid Claim/CLM-2026-00989_v2.png,CLM-2026-00989_v2.png
CLM-2026-01109,train,Manual Review,v1,claim_cards/train/Manual Review/CLM-2026-01109_v1.png,CLM-2026-01109_v1.png
CLM-2026-01109,train,Manual Review,v2,claim_cards/train/Manual Review/CLM-2026-01109_v2.png,CLM-2026-01109_v2.png
CLM-2026-00107,train,Valid Claim,v1,claim_cards/train/Valid Claim/CLM-2026-00107_v1.png,CLM-2026-00107_v1.png
CLM-2026-00107,train,Valid Claim,v2,claim_cards/train/Valid Claim/CLM-2026-00107_v2.png,CLM-2026-00107_v2.png
CLM-2026-00267,train,Valid Claim,v1,claim_cards/train/Valid Claim/CLM-2026-00267_v1.png,CLM-2026-00267_v1.png
CLM-2026-00267,train,Valid Claim,v2,claim_cards/train/Valid Claim/CLM-2026-00267_v2.png,CLM-2026-00267_v2.png
CLM-2026-00433,train,Valid Claim,v1,claim_cards/train/Valid Claim/CLM-2026-00433_v1.png,CLM-2026-00433_v1.png
CLM-2026-00433,train,Valid Claim,v2,claim_cards/train/Valid Claim/CLM-2026-00433_v2.png,CLM-2026-00433_v2.png
CLM-2026-00218,train,Valid Claim,v1,claim_cards/train/Valid Claim/CLM-2026-00218_v1.png,CLM-2026-00218_v1.png
CLM-2026-00218,train,Valid Claim,v2,claim_cards/train/Valid Claim/CLM-2026-00218_v2.png,CLM-2026-00218_v2.png
CLM-2026-01281,train,Manual Review,v1,claim_cards/train/Manual Review/CLM-2026-01281_v1.png,CLM-2026-01281_v1.png
CLM-2026-01281,train,Manual Review,v2,claim_cards/train/Manual Review/CLM-2026-01281_v2.png,CLM-2026-01281_v2.png
CLM-2026-00097,train,Valid Claim,v1,claim_cards/train/Valid Claim/CLM-2026-00097_v1.png,CLM-2026-00097_v1.png
CLM-2026-00097,train,Valid Claim,v2,claim_cards/train/Valid Claim/CLM-2026-00097_v2.png,CLM-2026-00097_v2.png
CLM-2026-00232,train,Valid Claim,v1,claim_cards/train/Valid Claim/CLM-2026-00232_v1.png,CLM-2026-00232_v1.png
CLM-2026-00232,train,Valid Claim,v2,claim_cards/train/Valid Claim/CLM-2026-00232_v2.png,CLM-2026-00232_v2.png
CLM-2026-01015,train,Manual Review,v1,claim_cards/train/Manual Review/CLM-2026-01015_v1.png,CLM-2026-01015_v1.png
CLM-2026-01015,train,Manual Review,v2,claim_cards/train/Manual Review/CLM-2026-01015_v2.png,CLM-2026-01015_v2.png
CLM-2026-00056,train,Valid Claim,v1,claim_cards/train/Valid Claim/CLM-2026-00056_v1.png,CLM-2026-00056_v1.png
CLM-2026-00056,train,Valid Claim,v2,claim_cards/train/Valid Claim/CLM-2026-00056_v2.png,CLM-2026-00056_v2.png
CLM-2026-00387,train,Valid Claim,v1,claim_cards/train/Valid Claim/CLM-2026-00387_v1.png,CLM-2026-00387_v1.png
CLM-2026-00387,train,Valid Claim,v2,claim_cards/train/Valid Claim/CLM-2026-00387_v2.png,CLM-2026-00387_v2.png
CLM-2026-01100,train,Manual Review,v1,claim_cards/train/Manual Review/CLM-2026-01100_v1.png,CLM-2026-01100_v1.png
CLM-2026-01100,train,Manual Review,v2,claim_cards/train/Manual Review/CLM-2026-01100_v2.png,CLM-2026-01100_v2.png
CLM-2026-00979,train,Invalid Claim,v1,claim_cards/train/Invalid Claim/CLM-2026-00979_v1.png,CLM-2026-00979_v1.png
CLM-2026-00979,train,Invalid Claim,v2,claim_cards/train/Invalid Claim/CLM-2026-00979_v2.png,CLM-2026-00979_v2.png
CLM-2026-00040,train,Valid Claim,v1,claim_cards/train/Valid Claim/CLM-2026-00040_v1.png,CLM-2026-00040_v1.png
CLM-2026-00040,train,Valid Claim,v2,claim_cards/train/Valid Claim/CLM-2026-00040_v2.png,CLM-2026-00040_v2.png
CLM-2026-01022,train,Manual Review,v1,claim_cards/train/Manual Review/CLM-2026-01022_v1.png,CLM-2026-01022_v1.png
CLM-2026-01022,train,Manual Review,v2,claim_cards/train/Manual Review/CLM-2026-01022_v2.png,CLM-2026-01022_v2.png
CLM-2026-01081,train,Manual Review,v1,claim_cards/train/Manual Review/CLM-2026-01081_v1.png,CLM-2026-01081_v1.png
CLM-2026-01081,train,Manual Review,v2,claim_cards/train/Manual Review/CLM-2026-01081_v2.png,CLM-2026-01081_v2.png
CLM-2026-00880,train,Invalid Claim,v1,claim_cards/train/Invalid Claim/CLM-2026-00880_v1.png,CLM-2026-00880_v1.png
CLM-2026-00880,train,Invalid Claim,v2,claim_cards/train/Invalid Claim/CLM-2026-00880_v2.png,CLM-2026-00880_v2.png
CLM-2026-01132,train,Manual Review,v1,claim_cards/train/Manual Review/CLM-2026-01132_v1.png,CLM-2026-01132_v1.png
CLM-2026-01132,train,Manual Review,v2,claim_cards/train/Manual Review/CLM-2026-01132_v2.png,CLM-2026-01132_v2.png
CLM-2026-00664,train,Invalid Claim,v1,claim_cards/train/Invalid Claim/CLM-2026-00664_v1.png,CLM-2026-00664_v1.png
CLM-2026-00664,train,Invalid Claim,v2,claim_cards/train/Invalid Claim/CLM-2026-00664_v2.png,CLM-2026-00664_v2.png
CLM-2026-00265,train,Valid Claim,v1,claim_cards/train/Valid Claim/CLM-2026-00265_v1.png,CLM-2026-00265_v1.png
CLM-2026-00265,train,Valid Claim,v2,claim_cards/train/Valid Claim/CLM-2026-00265_v2.png,CLM-2026-00265_v2.png
CLM-2026-01473,train,Manual Review,v1,claim_cards/train/Manual Review/CLM-2026-01473_v1.png,CLM-2026-01473_v1.png
CLM-2026-01473,train,Manual Review,v2,claim_cards/train/Manual Review/CLM-2026-01473_v2.png,CLM-2026-01473_v2.png
CLM-2026-01039,train,Manual Review,v1,claim_cards/train/Manual Review/CLM-2026-01039_v1.png,CLM-2026-01039_v1.png
CLM-2026-01039,train,Manual Review,v2,claim_cards/train/Manual Review/CLM-2026-01039_v2.png,CLM-2026-01039_v2.png
CLM-2026-01111,train,Manual Review,v1,claim_cards/train/Manual Review/CLM-2026-01111_v1.png,CLM-2026-01111_v1.png
CLM-2026-01111,train,Manual Review,v2,claim_cards/train/Manual Review/CLM-2026-01111_v2.png,CLM-2026-01111_v2.png
CLM-2026-01251,train,Manual Review,v1,claim_cards/train/Manual Review/CLM-2026-01251_v1.png,CLM-2026-01251_v1.png
CLM-2026-01251,train,Manual Review,v2,claim_cards/train/Manual Review/CLM-2026-01251_v2.png,CLM-2026-01251_v2.png
CLM-2026-00206,train,Valid Claim,v1,claim_cards/train/Valid Claim/CLM-2026-00206_v1.png,CLM-2026-00206_v1.png
CLM-2026-00206,train,Valid Claim,v2,claim_cards/train/Valid Claim/CLM-2026-00206_v2.png,CLM-2026-00206_v2.png
CLM-2026-00865,train,Invalid Claim,v1,claim_cards/train/Invalid Claim/CLM-2026-00865_v1.png,CLM-2026-00865_v1.png
CLM-2026-00865,train,Invalid Claim,v2,claim_cards/train/Invalid Claim/CLM-2026-00865_v2.png,CLM-2026-00865_v2.png
CLM-2026-00347,train,Valid Claim,v1,claim_cards/train/Valid Claim/CLM-2026-00347_v1.png,CLM-2026-00347_v1.png
CLM-2026-00347,train,Valid Claim,v2,claim_cards/train/Valid Claim/CLM-2026-00347_v2.png,CLM-2026-00347_v2.png
CLM-2026-00458,train,Valid Claim,v1,claim_cards/train/Valid Claim/CLM-2026-00458_v1.png,CLM-2026-00458_v1.png
CLM-2026-00458,train,Valid Claim,v2,claim_cards/train/Valid Claim/CLM-2026-00458_v2.png,CLM-2026-00458_v2.png
CLM-2026-01347,train,Manual Review,v1,claim_cards/train/Manual Review/CLM-2026-01347_v1.png,CLM-2026-01347_v1.png
CLM-2026-01347,train,Manual Review,v2,claim_cards/train/Manual Review/CLM-2026-01347_v2.png,CLM-2026-01347_v2.png
CLM-2026-00618,train,Invalid Claim,v1,claim_cards/train/Invalid Claim/CLM-2026-00618_v1.png,CLM-2026-00618_v1.png
CLM-2026-00618,train,Invalid Claim,v2,claim_cards/train/Invalid Claim/CLM-2026-00618_v2.png,CLM-2026-00618_v2.png
CLM-2026-01216,train,Manual Review,v1,claim_cards/train/Manual Review/CLM-2026-01216_v1.png,CLM-2026-01216_v1.png
CLM-2026-01216,train,Manual Review,v2,claim_cards/train/Manual Review/CLM-2026-01216_v2.png,CLM-2026-01216_v2.png
CLM-2026-01045,train,Manual Review,v1,claim_cards/train/Manual Review/CLM-2026-01045_v1.png,CLM-2026-01045_v1.png
CLM-2026-01045,train,Manual Review,v2,claim_cards/train/Manual Review/CLM-2026-01045_v2.png,CLM-2026-01045_v2.png
CLM-2026-00081,train,Valid Claim,v1,claim_cards/train/Valid Claim/CLM-2026-00081_v1.png,CLM-2026-00081_v1.png
CLM-2026-00081,train,Valid Claim,v2,claim_cards/train/Valid Claim/CLM-2026-00081_v2.png,CLM-2026-00081_v2.png
CLM-2026-00485,train,Valid Claim,v1,claim_cards/train/Valid Claim/CLM-2026-00485_v1.png,CLM-2026-00485_v1.png
CLM-2026-00485,train,Valid Claim,v2,claim_cards/train/Valid Claim/CLM-2026-00485_v2.png,CLM-2026-00485_v2.png
CLM-2026-01188,train,Manual Review,v1,claim_cards/train/Manual Review/CLM-2026-01188_v1.png,CLM-2026-01188_v1.png
CLM-2026-01188,train,Manual Review,v2,claim_cards/train/Manual Review/CLM-2026-01188_v2.png,CLM-2026-01188_v2.png
CLM-2026-00599,train,Invalid Claim,v1,claim_cards/train/Invalid Claim/CLM-2026-00599_v1.png,CLM-2026-00599_v1.png
CLM-2026-00599,train,Invalid Claim,v2,claim_cards/train/Invalid Claim/CLM-2026-00599_v2.png,CLM-2026-00599_v2.png
CLM-2026-00480,train,Valid Claim,v1,claim_cards/train/Valid Claim/CLM-2026-00480_v1.png,CLM-2026-00480_v1.png
CLM-2026-00480,train,Valid Claim,v2,claim_cards/train/Valid Claim/CLM-2026-00480_v2.png,CLM-2026-00480_v2.png
CLM-2026-01219,train,Manual Review,v1,claim_cards/train/Manual Review/CLM-2026-01219_v1.png,CLM-2026-01219_v1.png
CLM-2026-01219,train,Manual Review,v2,claim_cards/train/Manual Review/CLM-2026-01219_v2.png,CLM-2026-01219_v2.png
CLM-2026-01172,train,Manual Review,v1,claim_cards/train/Manual Review/CLM-2026-01172_v1.png,CLM-2026-01172_v1.png
CLM-2026-01172,train,Manual Review,v2,claim_cards/train/Manual Review/CLM-2026-01172_v2.png,CLM-2026-01172_v2.png
CLM-2026-00587,train,Invalid Claim,v1,claim_cards/train/Invalid Claim/CLM-2026-00587_v1.png,CLM-2026-00587_v1.png
CLM-2026-00587,train,Invalid Claim,v2,claim_cards/train/Invalid Claim/CLM-2026-00587_v2.png,CLM-2026-00587_v2.png
CLM-2026-01295,train,Manual Review,v1,claim_cards/train/Manual Review/CLM-2026-01295_v1.png,CLM-2026-01295_v1.png
CLM-2026-01295,train,Manual Review,v2,claim_cards/train/Manual Review/CLM-2026-01295_v2.png,CLM-2026-01295_v2.png
CLM-2026-01064,train,Manual Review,v1,claim_cards/train/Manual Review/CLM-2026-01064_v1.png,CLM-2026-01064_v1.png
CLM-2026-01064,train,Manual Review,v2,claim_cards/train/Manual Review/CLM-2026-01064_v2.png,CLM-2026-01064_v2.png
CLM-2026-00991,train,Invalid Claim,v1,claim_cards/train/Invalid Claim/CLM-2026-00991_v1.png,CLM-2026-00991_v1.png
CLM-2026-00991,train,Invalid Claim,v2,claim_cards/train/Invalid Claim/CLM-2026-00991_v2.png,CLM-2026-00991_v2.png
CLM-2026-00199,train,Valid Claim,v1,claim_cards/train/Valid Claim/CLM-2026-00199_v1.png,CLM-2026-00199_v1.png
CLM-2026-00199,train,Valid Claim,v2,claim_cards/train/Valid Claim/CLM-2026-00199_v2.png,CLM-2026-00199_v2.png
CLM-2026-00341,train,Valid Claim,v1,claim_cards/train/Valid Claim/CLM-2026-00341_v1.png,CLM-2026-00341_v1.png
CLM-2026-00341,train,Valid Claim,v2,claim_cards/train/Valid Claim/CLM-2026-00341_v2.png,CLM-2026-00341_v2.png
CLM-2026-01010,train,Manual Review,v1,claim_cards/train/Manual Review/CLM-2026-01010_v1.png,CLM-2026-01010_v1.png
CLM-2026-01010,train,Manual Review,v2,claim_cards/train/Manual Review/CLM-2026-01010_v2.png,CLM-2026-01010_v2.png
CLM-2026-00624,train,Invalid Claim,v1,claim_cards/train/Invalid Claim/CLM-2026-00624_v1.png,CLM-2026-00624_v1.png
CLM-2026-00624,train,Invalid Claim,v2,claim_cards/train/Invalid Claim/CLM-2026-00624_v2.png,CLM-2026-00624_v2.png
CLM-2026-01472,train,Manual Review,v1,claim_cards/train/Manual Review/CLM-2026-01472_v1.png,CLM-2026-01472_v1.png
CLM-2026-01472,train,Manual Review,v2,claim_cards/train/Manual Review/CLM-2026-01472_v2.png,CLM-2026-01472_v2.png
CLM-2026-01280,train,Manual Review,v1,claim_cards/train/Manual Review/CLM-2026-01280_v1.png,CLM-2026-01280_v1.png
CLM-2026-01280,train,Manual Review,v2,claim_cards/train/Manual Review/CLM-2026-01280_v2.png,CLM-2026-01280_v2.png
CLM-2026-00482,train,Valid Claim,v1,claim_cards/train/Valid Claim/CLM-2026-00482_v1.png,CLM-2026-00482_v1.png
CLM-2026-00482,train,Valid Claim,v2,claim_cards/train/Valid Claim/CLM-2026-00482_v2.png,CLM-2026-00482_v2.png
CLM-2026-00298,train,Valid Claim,v1,claim_cards/train/Valid Claim/CLM-2026-00298_v1.png,CLM-2026-00298_v1.png
CLM-2026-00298,train,Valid Claim,v2,claim_cards/train/Valid Claim/CLM-2026-00298_v2.png,CLM-2026-00298_v2.png
CLM-2026-00242,train,Valid Claim,v1,claim_cards/train/Valid Claim/CLM-2026-00242_v1.png,CLM-2026-00242_v1.png
CLM-2026-00242,train,Valid Claim,v2,claim_cards/train/Valid Claim/CLM-2026-00242_v2.png,CLM-2026-00242_v2.png
CLM-2026-00058,train,Valid Claim,v1,claim_cards/train/Valid Claim/CLM-2026-00058_v1.png,CLM-2026-00058_v1.png
CLM-2026-00058,train,Valid Claim,v2,claim_cards/train/Valid Claim/CLM-2026-00058_v2.png,CLM-2026-00058_v2.png
CLM-2026-01001,train,Manual Review,v1,claim_cards/train/Manual Review/CLM-2026-01001_v1.png,CLM-2026-01001_v1.png
CLM-2026-01001,train,Manual Review,v2,claim_cards/train/Manual Review/CLM-2026-01001_v2.png,CLM-2026-01001_v2.png
CLM-2026-00270,train,Valid Claim,v1,claim_cards/train/Valid Claim/CLM-2026-00270_v1.png,CLM-2026-00270_v1.png
CLM-2026-00270,train,Valid Claim,v2,claim_cards/train/Valid Claim/CLM-2026-00270_v2.png,CLM-2026-00270_v2.png
CLM-2026-00198,train,Valid Claim,v1,claim_cards/train/Valid Claim/CLM-2026-00198_v1.png,CLM-2026-00198_v1.png
CLM-2026-00198,train,Valid Claim,v2,claim_cards/train/Valid Claim/CLM-2026-00198_v2.png,CLM-2026-00198_v2.png
CLM-2026-01286,train,Manual Review,v1,claim_cards/train/Manual Review/CLM-2026-01286_v1.png,CLM-2026-01286_v1.png
CLM-2026-01286,train,Manual Review,v2,claim_cards/train/Manual Review/CLM-2026-01286_v2.png,CLM-2026-01286_v2.png
CLM-2026-00182,train,Valid Claim,v1,claim_cards/train/Valid Claim/CLM-2026-00182_v1.png,CLM-2026-00182_v1.png
CLM-2026-00182,train,Valid Claim,v2,claim_cards/train/Valid Claim/CLM-2026-00182_v2.png,CLM-2026-00182_v2.png
CLM-2026-01466,train,Manual Review,v1,claim_cards/train/Manual Review/CLM-2026-01466_v1.png,CLM-2026-01466_v1.png
CLM-2026-01466,train,Manual Review,v2,claim_cards/train/Manual Review/CLM-2026-01466_v2.png,CLM-2026-01466_v2.png
CLM-2026-01420,train,Manual Review,v1,claim_cards/train/Manual Review/CLM-2026-01420_v1.png,CLM-2026-01420_v1.png
CLM-2026-01420,train,Manual Review,v2,claim_cards/train/Manual Review/CLM-2026-01420_v2.png,CLM-2026-01420_v2.png
CLM-2026-01249,train,Manual Review,v1,claim_cards/train/Manual Review/CLM-2026-01249_v1.png,CLM-2026-01249_v1.png
CLM-2026-01249,train,Manual Review,v2,claim_cards/train/Manual Review/CLM-2026-01249_v2.png,CLM-2026-01249_v2.png
CLM-2026-00076,train,Valid Claim,v1,claim_cards/train/Valid Claim/CLM-2026-00076_v1.png,CLM-2026-00076_v1.png
CLM-2026-00076,train,Valid Claim,v2,claim_cards/train/Valid Claim/CLM-2026-00076_v2.png,CLM-2026-00076_v2.png
CLM-2026-00694,train,Invalid Claim,v1,claim_cards/train/Invalid Claim/CLM-2026-00694_v1.png,CLM-2026-00694_v1.png
CLM-2026-00694,train,Invalid Claim,v2,claim_cards/train/Invalid Claim/CLM-2026-00694_v2.png,CLM-2026-00694_v2.png
CLM-2026-00749,train,Invalid Claim,v1,claim_cards/train/Invalid Claim/CLM-2026-00749_v1.png,CLM-2026-00749_v1.png
CLM-2026-00749,train,Invalid Claim,v2,claim_cards/train/Invalid Claim/CLM-2026-00749_v2.png,CLM-2026-00749_v2.png
CLM-2026-01469,train,Manual Review,v1,claim_cards/train/Manual Review/CLM-2026-01469_v1.png,CLM-2026-01469_v1.png
CLM-2026-01469,train,Manual Review,v2,claim_cards/train/Manual Review/CLM-2026-01469_v2.png,CLM-2026-01469_v2.png
CLM-2026-00400,train,Valid Claim,v1,claim_cards/train/Valid Claim/CLM-2026-00400_v1.png,CLM-2026-00400_v1.png
CLM-2026-00400,train,Valid Claim,v2,claim_cards/train/Valid Claim/CLM-2026-00400_v2.png,CLM-2026-00400_v2.png
CLM-2026-00766,train,Invalid Claim,v1,claim_cards/train/Invalid Claim/CLM-2026-00766_v1.png,CLM-2026-00766_v1.png
CLM-2026-00766,train,Invalid Claim,v2,claim_cards/train/Invalid Claim/CLM-2026-00766_v2.png,CLM-2026-00766_v2.png
CLM-2026-01243,train,Manual Review,v1,claim_cards/train/Manual Review/CLM-2026-01243_v1.png,CLM-2026-01243_v1.png
CLM-2026-01243,train,Manual Review,v2,claim_cards/train/Manual Review/CLM-2026-01243_v2.png,CLM-2026-01243_v2.png
CLM-2026-00915,train,Invalid Claim,v1,claim_cards/train/Invalid Claim/CLM-2026-00915_v1.png,CLM-2026-00915_v1.png
CLM-2026-00915,train,Invalid Claim,v2,claim_cards/train/Invalid Claim/CLM-2026-00915_v2.png,CLM-2026-00915_v2.png
CLM-2026-01239,train,Manual Review,v1,claim_cards/train/Manual Review/CLM-2026-01239_v1.png,CLM-2026-01239_v1.png
CLM-2026-01239,train,Manual Review,v2,claim_cards/train/Manual Review/CLM-2026-01239_v2.png,CLM-2026-01239_v2.png
CLM-2026-01000,train,Invalid Claim,v1,claim_cards/train/Invalid Claim/CLM-2026-01000_v1.png,CLM-2026-01000_v1.png
CLM-2026-01000,train,Invalid Claim,v2,claim_cards/train/Invalid Claim/CLM-2026-01000_v2.png,CLM-2026-01000_v2.png
CLM-2026-01481,train,Manual Review,v1,claim_cards/train/Manual Review/CLM-2026-01481_v1.png,CLM-2026-01481_v1.png
CLM-2026-01481,train,Manual Review,v2,claim_cards/train/Manual Review/CLM-2026-01481_v2.png,CLM-2026-01481_v2.png
CLM-2026-00172,train,Valid Claim,v1,claim_cards/train/Valid Claim/CLM-2026-00172_v1.png,CLM-2026-00172_v1.png
CLM-2026-00172,train,Valid Claim,v2,claim_cards/train/Valid Claim/CLM-2026-00172_v2.png,CLM-2026-00172_v2.png
CLM-2026-00243,train,Valid Claim,v1,claim_cards/train/Valid Claim/CLM-2026-00243_v1.png,CLM-2026-00243_v1.png
CLM-2026-00243,train,Valid Claim,v2,claim_cards/train/Valid Claim/CLM-2026-00243_v2.png,CLM-2026-00243_v2.png
CLM-2026-00369,train,Valid Claim,v1,claim_cards/train/Valid Claim/CLM-2026-00369_v1.png,CLM-2026-00369_v1.png
CLM-2026-00369,train,Valid Claim,v2,claim_cards/train/Valid Claim/CLM-2026-00369_v2.png,CLM-2026-00369_v2.png
CLM-2026-00008,train,Valid Claim,v1,claim_cards/train/Valid Claim/CLM-2026-00008_v1.png,CLM-2026-00008_v1.png
CLM-2026-00008,train,Valid Claim,v2,claim_cards/train/Valid Claim/CLM-2026-00008_v2.png,CLM-2026-00008_v2.png
CLM-2026-00295,train,Valid Claim,v1,claim_cards/train/Valid Claim/CLM-2026-00295_v1.png,CLM-2026-00295_v1.png
CLM-2026-00295,train,Valid Claim,v2,claim_cards/train/Valid Claim/CLM-2026-00295_v2.png,CLM-2026-00295_v2.png
CLM-2026-00970,train,Invalid Claim,v1,claim_cards/train/Invalid Claim/CLM-2026-00970_v1.png,CLM-2026-00970_v1.png
CLM-2026-00970,train,Invalid Claim,v2,claim_cards/train/Invalid Claim/CLM-2026-00970_v2.png,CLM-2026-00970_v2.png
CLM-2026-01331,train,Manual Review,v1,claim_cards/train/Manual Review/CLM-2026-01331_v1.png,CLM-2026-01331_v1.png
CLM-2026-01331,train,Manual Review,v2,claim_cards/train/Manual Review/CLM-2026-01331_v2.png,CLM-2026-01331_v2.png
CLM-2026-00759,train,Invalid Claim,v1,claim_cards/train/Invalid Claim/CLM-2026-00759_v1.png,CLM-2026-00759_v1.png
CLM-2026-00759,train,Invalid Claim,v2,claim_cards/train/Invalid Claim/CLM-2026-00759_v2.png,CLM-2026-00759_v2.png
CLM-2026-00167,train,Valid Claim,v1,claim_cards/train/Valid Claim/CLM-2026-00167_v1.png,CLM-2026-00167_v1.png
CLM-2026-00167,train,Valid Claim,v2,claim_cards/train/Valid Claim/CLM-2026-00167_v2.png,CLM-2026-00167_v2.png
CLM-2026-00241,train,Valid Claim,v1,claim_cards/train/Valid Claim/CLM-2026-00241_v1.png,CLM-2026-00241_v1.png
CLM-2026-00241,train,Valid Claim,v2,claim_cards/train/Valid Claim/CLM-2026-00241_v2.png,CLM-2026-00241_v2.png
CLM-2026-01247,train,Manual Review,v1,claim_cards/train/Manual Review/CLM-2026-01247_v1.png,CLM-2026-01247_v1.png
CLM-2026-01247,train,Manual Review,v2,claim_cards/train/Manual Review/CLM-2026-01247_v2.png,CLM-2026-01247_v2.png
CLM-2026-01359,train,Manual Review,v1,claim_cards/train/Manual Review/CLM-2026-01359_v1.png,CLM-2026-01359_v1.png
CLM-2026-01359,train,Manual Review,v2,claim_cards/train/Manual Review/CLM-2026-01359_v2.png,CLM-2026-01359_v2.png
CLM-2026-01437,train,Manual Review,v1,claim_cards/train/Manual Review/CLM-2026-01437_v1.png,CLM-2026-01437_v1.png
CLM-2026-01437,train,Manual Review,v2,claim_cards/train/Manual Review/CLM-2026-01437_v2.png,CLM-2026-01437_v2.png
CLM-2026-01299,train,Manual Review,v1,claim_cards/train/Manual Review/CLM-2026-01299_v1.png,CLM-2026-01299_v1.png
CLM-2026-01299,train,Manual Review,v2,claim_cards/train/Manual Review/CLM-2026-01299_v2.png,CLM-2026-01299_v2.png
CLM-2026-00048,train,Valid Claim,v1,claim_cards/train/Valid Claim/CLM-2026-00048_v1.png,CLM-2026-00048_v1.png
CLM-2026-00048,train,Valid Claim,v2,claim_cards/train/Valid Claim/CLM-2026-00048_v2.png,CLM-2026-00048_v2.png
CLM-2026-00117,train,Valid Claim,v1,claim_cards/train/Valid Claim/CLM-2026-00117_v1.png,CLM-2026-00117_v1.png
CLM-2026-00117,train,Valid Claim,v2,claim_cards/train/Valid Claim/CLM-2026-00117_v2.png,CLM-2026-00117_v2.png
CLM-2026-00721,train,Invalid Claim,v1,claim_cards/train/Invalid Claim/CLM-2026-00721_v1.png,CLM-2026-00721_v1.png
CLM-2026-00721,train,Invalid Claim,v2,claim_cards/train/Invalid Claim/CLM-2026-00721_v2.png,CLM-2026-00721_v2.png
CLM-2026-01338,train,Manual Review,v1,claim_cards/train/Manual Review/CLM-2026-01338_v1.png,CLM-2026-01338_v1.png
CLM-2026-01338,train,Manual Review,v2,claim_cards/train/Manual Review/CLM-2026-01338_v2.png,CLM-2026-01338_v2.png
CLM-2026-00489,train,Valid Claim,v1,claim_cards/train/Valid Claim/CLM-2026-00489_v1.png,CLM-2026-00489_v1.png
CLM-2026-00489,train,Valid Claim,v2,claim_cards/train/Valid Claim/CLM-2026-00489_v2.png,CLM-2026-00489_v2.png
CLM-2026-00498,train,Valid Claim,v1,claim_cards/train/Valid Claim/CLM-2026-00498_v1.png,CLM-2026-00498_v1.png
CLM-2026-00498,train,Valid Claim,v2,claim_cards/train/Valid Claim/CLM-2026-00498_v2.png,CLM-2026-00498_v2.png
CLM-2026-01250,train,Manual Review,v1,claim_cards/train/Manual Review/CLM-2026-01250_v1.png,CLM-2026-01250_v1.png
CLM-2026-01250,train,Manual Review,v2,claim_cards/train/Manual Review/CLM-2026-01250_v2.png,CLM-2026-01250_v2.png
CLM-2026-00096,train,Valid Claim,v1,claim_cards/train/Valid Claim/CLM-2026-00096_v1.png,CLM-2026-00096_v1.png
CLM-2026-00096,train,Valid Claim,v2,claim_cards/train/Valid Claim/CLM-2026-00096_v2.png,CLM-2026-00096_v2.png
CLM-2026-00306,train,Valid Claim,v1,claim_cards/train/Valid Claim/CLM-2026-00306_v1.png,CLM-2026-00306_v1.png
CLM-2026-00306,train,Valid Claim,v2,claim_cards/train/Valid Claim/CLM-2026-00306_v2.png,CLM-2026-00306_v2.png
CLM-2026-00809,train,Invalid Claim,v1,claim_cards/train/Invalid Claim/CLM-2026-00809_v1.png,CLM-2026-00809_v1.png
CLM-2026-00809,train,Invalid Claim,v2,claim_cards/train/Invalid Claim/CLM-2026-00809_v2.png,CLM-2026-00809_v2.png
CLM-2026-00552,train,Invalid Claim,v1,claim_cards/train/Invalid Claim/CLM-2026-00552_v1.png,CLM-2026-00552_v1.png
CLM-2026-00552,train,Invalid Claim,v2,claim_cards/train/Invalid Claim/CLM-2026-00552_v2.png,CLM-2026-00552_v2.png
CLM-2026-00138,train,Valid Claim,v1,claim_cards/train/Valid Claim/CLM-2026-00138_v1.png,CLM-2026-00138_v1.png
CLM-2026-00138,train,Valid Claim,v2,claim_cards/train/Valid Claim/CLM-2026-00138_v2.png,CLM-2026-00138_v2.png
CLM-2026-01159,train,Manual Review,v1,claim_cards/train/Manual Review/CLM-2026-01159_v1.png,CLM-2026-01159_v1.png
CLM-2026-01159,train,Manual Review,v2,claim_cards/train/Manual Review/CLM-2026-01159_v2.png,CLM-2026-01159_v2.png
CLM-2026-00293,train,Valid Claim,v1,claim_cards/train/Valid Claim/CLM-2026-00293_v1.png,CLM-2026-00293_v1.png
CLM-2026-00293,train,Valid Claim,v2,claim_cards/train/Valid Claim/CLM-2026-00293_v2.png,CLM-2026-00293_v2.png
CLM-2026-01175,train,Manual Review,v1,claim_cards/train/Manual Review/CLM-2026-01175_v1.png,CLM-2026-01175_v1.png
CLM-2026-01175,train,Manual Review,v2,claim_cards/train/Manual Review/CLM-2026-01175_v2.png,CLM-2026-01175_v2.png
CLM-2026-00363,train,Valid Claim,v1,claim_cards/train/Valid Claim/CLM-2026-00363_v1.png,CLM-2026-00363_v1.png
CLM-2026-00363,train,Valid Claim,v2,claim_cards/train/Valid Claim/CLM-2026-00363_v2.png,CLM-2026-00363_v2.png
CLM-2026-01289,train,Manual Review,v1,claim_cards/train/Manual Review/CLM-2026-01289_v1.png,CLM-2026-01289_v1.png
CLM-2026-01289,train,Manual Review,v2,claim_cards/train/Manual Review/CLM-2026-01289_v2.png,CLM-2026-01289_v2.png
CLM-2026-00379,train,Valid Claim,v1,claim_cards/train/Valid Claim/CLM-2026-00379_v1.png,CLM-2026-00379_v1.png
CLM-2026-00379,train,Valid Claim,v2,claim_cards/train/Valid Claim/CLM-2026-00379_v2.png,CLM-2026-00379_v2.png
CLM-2026-00054,train,Valid Claim,v1,claim_cards/train/Valid Claim/CLM-2026-00054_v1.png,CLM-2026-00054_v1.png
CLM-2026-00054,train,Valid Claim,v2,claim_cards/train/Valid Claim/CLM-2026-00054_v2.png,CLM-2026-00054_v2.png
CLM-2026-01330,train,Manual Review,v1,claim_cards/train/Manual Review/CLM-2026-01330_v1.png,CLM-2026-01330_v1.png
CLM-2026-01330,train,Manual Review,v2,claim_cards/train/Manual Review/CLM-2026-01330_v2.png,CLM-2026-01330_v2.png
CLM-2026-00710,train,Invalid Claim,v1,claim_cards/train/Invalid Claim/CLM-2026-00710_v1.png,CLM-2026-00710_v1.png
CLM-2026-00710,train,Invalid Claim,v2,claim_cards/train/Invalid Claim/CLM-2026-00710_v2.png,CLM-2026-00710_v2.png
CLM-2026-00163,train,Valid Claim,v1,claim_cards/train/Valid Claim/CLM-2026-00163_v1.png,CLM-2026-00163_v1.png
CLM-2026-00163,train,Valid Claim,v2,claim_cards/train/Valid Claim/CLM-2026-00163_v2.png,CLM-2026-00163_v2.png
CLM-2026-00007,train,Valid Claim,v1,claim_cards/train/Valid Claim/CLM-2026-00007_v1.png,CLM-2026-00007_v1.png
CLM-2026-00007,train,Valid Claim,v2,claim_cards/train/Valid Claim/CLM-2026-00007_v2.png,CLM-2026-00007_v2.png
CLM-2026-01324,train,Manual Review,v1,claim_cards/train/Manual Review/CLM-2026-01324_v1.png,CLM-2026-01324_v1.png
CLM-2026-01324,train,Manual Review,v2,claim_cards/train/Manual Review/CLM-2026-01324_v2.png,CLM-2026-01324_v2.png
CLM-2026-01421,train,Manual Review,v1,claim_cards/train/Manual Review/CLM-2026-01421_v1.png,CLM-2026-01421_v1.png
CLM-2026-01421,train,Manual Review,v2,claim_cards/train/Manual Review/CLM-2026-01421_v2.png,CLM-2026-01421_v2.png
CLM-2026-01005,train,Manual Review,v1,claim_cards/train/Manual Review/CLM-2026-01005_v1.png,CLM-2026-01005_v1.png
CLM-2026-01005,train,Manual Review,v2,claim_cards/train/Manual Review/CLM-2026-01005_v2.png,CLM-2026-01005_v2.png
CLM-2026-00555,train,Invalid Claim,v1,claim_cards/train/Invalid Claim/CLM-2026-00555_v1.png,CLM-2026-00555_v1.png
CLM-2026-00555,train,Invalid Claim,v2,claim_cards/train/Invalid Claim/CLM-2026-00555_v2.png,CLM-2026-00555_v2.png
CLM-2026-00628,train,Invalid Claim,v1,claim_cards/train/Invalid Claim/CLM-2026-00628_v1.png,CLM-2026-00628_v1.png
CLM-2026-00628,train,Invalid Claim,v2,claim_cards/train/Invalid Claim/CLM-2026-00628_v2.png,CLM-2026-00628_v2.png
CLM-2026-00065,train,Valid Claim,v1,claim_cards/train/Valid Claim/CLM-2026-00065_v1.png,CLM-2026-00065_v1.png
CLM-2026-00065,train,Valid Claim,v2,claim_cards/train/Valid Claim/CLM-2026-00065_v2.png,CLM-2026-00065_v2.png
CLM-2026-00083,train,Valid Claim,v1,claim_cards/train/Valid Claim/CLM-2026-00083_v1.png,CLM-2026-00083_v1.png
CLM-2026-00083,train,Valid Claim,v2,claim_cards/train/Valid Claim/CLM-2026-00083_v2.png,CLM-2026-00083_v2.png
CLM-2026-00648,train,Invalid Claim,v1,claim_cards/train/Invalid Claim/CLM-2026-00648_v1.png,CLM-2026-00648_v1.png
CLM-2026-00648,train,Invalid Claim,v2,claim_cards/train/Invalid Claim/CLM-2026-00648_v2.png,CLM-2026-00648_v2.png
CLM-2026-00651,train,Invalid Claim,v1,claim_cards/train/Invalid Claim/CLM-2026-00651_v1.png,CLM-2026-00651_v1.png
CLM-2026-00651,train,Invalid Claim,v2,claim_cards/train/Invalid Claim/CLM-2026-00651_v2.png,CLM-2026-00651_v2.png
CLM-2026-00662,train,Invalid Claim,v1,claim_cards/train/Invalid Claim/CLM-2026-00662_v1.png,CLM-2026-00662_v1.png
CLM-2026-00662,train,Invalid Claim,v2,claim_cards/train/Invalid Claim/CLM-2026-00662_v2.png,CLM-2026-00662_v2.png
CLM-2026-00064,train,Valid Claim,v1,claim_cards/train/Valid Claim/CLM-2026-00064_v1.png,CLM-2026-00064_v1.png
CLM-2026-00064,train,Valid Claim,v2,claim_cards/train/Valid Claim/CLM-2026-00064_v2.png,CLM-2026-00064_v2.png
CLM-2026-00937,train,Invalid Claim,v1,claim_cards/train/Invalid Claim/CLM-2026-00937_v1.png,CLM-2026-00937_v1.png
CLM-2026-00937,train,Invalid Claim,v2,claim_cards/train/Invalid Claim/CLM-2026-00937_v2.png,CLM-2026-00937_v2.png
CLM-2026-01399,train,Manual Review,v1,claim_cards/train/Manual Review/CLM-2026-01399_v1.png,CLM-2026-01399_v1.png
CLM-2026-01399,train,Manual Review,v2,claim_cards/train/Manual Review/CLM-2026-01399_v2.png,CLM-2026-01399_v2.png
CLM-2026-00251,train,Valid Claim,v1,claim_cards/train/Valid Claim/CLM-2026-00251_v1.png,CLM-2026-00251_v1.png
CLM-2026-00251,train,Valid Claim,v2,claim_cards/train/Valid Claim/CLM-2026-00251_v2.png,CLM-2026-00251_v2.png
CLM-2026-01198,train,Manual Review,v1,claim_cards/train/Manual Review/CLM-2026-01198_v1.png,CLM-2026-01198_v1.png
CLM-2026-01198,train,Manual Review,v2,claim_cards/train/Manual Review/CLM-2026-01198_v2.png,CLM-2026-01198_v2.png
CLM-2026-00823,train,Invalid Claim,v1,claim_cards/train/Invalid Claim/CLM-2026-00823_v1.png,CLM-2026-00823_v1.png
CLM-2026-00823,train,Invalid Claim,v2,claim_cards/train/Invalid Claim/CLM-2026-00823_v2.png,CLM-2026-00823_v2.png
CLM-2026-01487,train,Manual Review,v1,claim_cards/train/Manual Review/CLM-2026-01487_v1.png,CLM-2026-01487_v1.png
CLM-2026-01487,train,Manual Review,v2,claim_cards/train/Manual Review/CLM-2026-01487_v2.png,CLM-2026-01487_v2.png
CLM-2026-01349,train,Manual Review,v1,claim_cards/train/Manual Review/CLM-2026-01349_v1.png,CLM-2026-01349_v1.png
CLM-2026-01349,train,Manual Review,v2,claim_cards/train/Manual Review/CLM-2026-01349_v2.png,CLM-2026-01349_v2.png
CLM-2026-01446,train,Manual Review,v1,claim_cards/train/Manual Review/CLM-2026-01446_v1.png,CLM-2026-01446_v1.png
CLM-2026-01446,train,Manual Review,v2,claim_cards/train/Manual Review/CLM-2026-01446_v2.png,CLM-2026-01446_v2.png
CLM-2026-01387,train,Manual Review,v1,claim_cards/train/Manual Review/CLM-2026-01387_v1.png,CLM-2026-01387_v1.png
CLM-2026-01387,train,Manual Review,v2,claim_cards/train/Manual Review/CLM-2026-01387_v2.png,CLM-2026-01387_v2.png
CLM-2026-01304,train,Manual Review,v1,claim_cards/train/Manual Review/CLM-2026-01304_v1.png,CLM-2026-01304_v1.png
CLM-2026-01304,train,Manual Review,v2,claim_cards/train/Manual Review/CLM-2026-01304_v2.png,CLM-2026-01304_v2.png
CLM-2026-00853,train,Invalid Claim,v1,claim_cards/train/Invalid Claim/CLM-2026-00853_v1.png,CLM-2026-00853_v1.png
CLM-2026-00853,train,Invalid Claim,v2,claim_cards/train/Invalid Claim/CLM-2026-00853_v2.png,CLM-2026-00853_v2.png
CLM-2026-00693,train,Invalid Claim,v1,claim_cards/train/Invalid Claim/CLM-2026-00693_v1.png,CLM-2026-00693_v1.png
CLM-2026-00693,train,Invalid Claim,v2,claim_cards/train/Invalid Claim/CLM-2026-00693_v2.png,CLM-2026-00693_v2.png
CLM-2026-01436,train,Manual Review,v1,claim_cards/train/Manual Review/CLM-2026-01436_v1.png,CLM-2026-01436_v1.png
CLM-2026-01436,train,Manual Review,v2,claim_cards/train/Manual Review/CLM-2026-01436_v2.png,CLM-2026-01436_v2.png
CLM-2026-01137,train,Manual Review,v1,claim_cards/train/Manual Review/CLM-2026-01137_v1.png,CLM-2026-01137_v1.png
CLM-2026-01137,train,Manual Review,v2,claim_cards/train/Manual Review/CLM-2026-01137_v2.png,CLM-2026-01137_v2.png
CLM-2026-00719,train,Invalid Claim,v1,claim_cards/train/Invalid Claim/CLM-2026-00719_v1.png,CLM-2026-00719_v1.png
CLM-2026-00719,train,Invalid Claim,v2,claim_cards/train/Invalid Claim/CLM-2026-00719_v2.png,CLM-2026-00719_v2.png
CLM-2026-00016,train,Valid Claim,v1,claim_cards/train/Valid Claim/CLM-2026-00016_v1.png,CLM-2026-00016_v1.png
CLM-2026-00016,train,Valid Claim,v2,claim_cards/train/Valid Claim/CLM-2026-00016_v2.png,CLM-2026-00016_v2.png
CLM-2026-01325,train,Manual Review,v1,claim_cards/train/Manual Review/CLM-2026-01325_v1.png,CLM-2026-01325_v1.png
CLM-2026-01325,train,Manual Review,v2,claim_cards/train/Manual Review/CLM-2026-01325_v2.png,CLM-2026-01325_v2.png
CLM-2026-00050,train,Valid Claim,v1,claim_cards/train/Valid Claim/CLM-2026-00050_v1.png,CLM-2026-00050_v1.png
CLM-2026-00050,train,Valid Claim,v2,claim_cards/train/Valid Claim/CLM-2026-00050_v2.png,CLM-2026-00050_v2.png
CLM-2026-00077,train,Valid Claim,v1,claim_cards/train/Valid Claim/CLM-2026-00077_v1.png,CLM-2026-00077_v1.png
CLM-2026-00077,train,Valid Claim,v2,claim_cards/train/Valid Claim/CLM-2026-00077_v2.png,CLM-2026-00077_v2.png
CLM-2026-00705,train,Invalid Claim,v1,claim_cards/train/Invalid Claim/CLM-2026-00705_v1.png,CLM-2026-00705_v1.png
CLM-2026-00705,train,Invalid Claim,v2,claim_cards/train/Invalid Claim/CLM-2026-00705_v2.png,CLM-2026-00705_v2.png
CLM-2026-00186,train,Valid Claim,v1,claim_cards/train/Valid Claim/CLM-2026-00186_v1.png,CLM-2026-00186_v1.png
CLM-2026-00186,train,Valid Claim,v2,claim_cards/train/Valid Claim/CLM-2026-00186_v2.png,CLM-2026-00186_v2.png
CLM-2026-00831,train,Invalid Claim,v1,claim_cards/train/Invalid Claim/CLM-2026-00831_v1.png,CLM-2026-00831_v1.png
CLM-2026-00831,train,Invalid Claim,v2,claim_cards/train/Invalid Claim/CLM-2026-00831_v2.png,CLM-2026-00831_v2.png
CLM-2026-00713,train,Invalid Claim,v1,claim_cards/train/Invalid Claim/CLM-2026-00713_v1.png,CLM-2026-00713_v1.png
CLM-2026-00713,train,Invalid Claim,v2,claim_cards/train/Invalid Claim/CLM-2026-00713_v2.png,CLM-2026-00713_v2.png
CLM-2026-00834,train,Invalid Claim,v1,claim_cards/train/Invalid Claim/CLM-2026-00834_v1.png,CLM-2026-00834_v1.png
CLM-2026-00834,train,Invalid Claim,v2,claim_cards/train/Invalid Claim/CLM-2026-00834_v2.png,CLM-2026-00834_v2.png
CLM-2026-01370,train,Manual Review,v1,claim_cards/train/Manual Review/CLM-2026-01370_v1.png,CLM-2026-01370_v1.png
CLM-2026-01370,train,Manual Review,v2,claim_cards/train/Manual Review/CLM-2026-01370_v2.png,CLM-2026-01370_v2.png
CLM-2026-01353,train,Manual Review,v1,claim_cards/train/Manual Review/CLM-2026-01353_v1.png,CLM-2026-01353_v1.png
CLM-2026-01353,train,Manual Review,v2,claim_cards/train/Manual Review/CLM-2026-01353_v2.png,CLM-2026-01353_v2.png
CLM-2026-00533,train,Invalid Claim,v1,claim_cards/train/Invalid Claim/CLM-2026-00533_v1.png,CLM-2026-00533_v1.png
CLM-2026-00533,train,Invalid Claim,v2,claim_cards/train/Invalid Claim/CLM-2026-00533_v2.png,CLM-2026-00533_v2.png
CLM-2026-00316,train,Valid Claim,v1,claim_cards/train/Valid Claim/CLM-2026-00316_v1.png,CLM-2026-00316_v1.png
CLM-2026-00316,train,Valid Claim,v2,claim_cards/train/Valid Claim/CLM-2026-00316_v2.png,CLM-2026-00316_v2.png
CLM-2026-00570,train,Invalid Claim,v1,claim_cards/train/Invalid Claim/CLM-2026-00570_v1.png,CLM-2026-00570_v1.png
CLM-2026-00570,train,Invalid Claim,v2,claim_cards/train/Invalid Claim/CLM-2026-00570_v2.png,CLM-2026-00570_v2.png
CLM-2026-00146,train,Valid Claim,v1,claim_cards/train/Valid Claim/CLM-2026-00146_v1.png,CLM-2026-00146_v1.png
CLM-2026-00146,train,Valid Claim,v2,claim_cards/train/Valid Claim/CLM-2026-00146_v2.png,CLM-2026-00146_v2.png
CLM-2026-00296,train,Valid Claim,v1,claim_cards/train/Valid Claim/CLM-2026-00296_v1.png,CLM-2026-00296_v1.png
CLM-2026-00296,train,Valid Claim,v2,claim_cards/train/Valid Claim/CLM-2026-00296_v2.png,CLM-2026-00296_v2.png
CLM-2026-00945,train,Invalid Claim,v1,claim_cards/train/Invalid Claim/CLM-2026-00945_v1.png,CLM-2026-00945_v1.png
CLM-2026-00945,train,Invalid Claim,v2,claim_cards/train/Invalid Claim/CLM-2026-00945_v2.png,CLM-2026-00945_v2.png
CLM-2026-00356,train,Valid Claim,v1,claim_cards/train/Valid Claim/CLM-2026-00356_v1.png,CLM-2026-00356_v1.png
CLM-2026-00356,train,Valid Claim,v2,claim_cards/train/Valid Claim/CLM-2026-00356_v2.png,CLM-2026-00356_v2.png
CLM-2026-00676,train,Invalid Claim,v1,claim_cards/train/Invalid Claim/CLM-2026-00676_v1.png,CLM-2026-00676_v1.png
CLM-2026-00676,train,Invalid Claim,v2,claim_cards/train/Invalid Claim/CLM-2026-00676_v2.png,CLM-2026-00676_v2.png
CLM-2026-00038,train,Valid Claim,v1,claim_cards/train/Valid Claim/CLM-2026-00038_v1.png,CLM-2026-00038_v1.png
CLM-2026-00038,train,Valid Claim,v2,claim_cards/train/Valid Claim/CLM-2026-00038_v2.png,CLM-2026-00038_v2.png
CLM-2026-00158,train,Valid Claim,v1,claim_cards/train/Valid Claim/CLM-2026-00158_v1.png,CLM-2026-00158_v1.png
CLM-2026-00158,train,Valid Claim,v2,claim_cards/train/Valid Claim/CLM-2026-00158_v2.png,CLM-2026-00158_v2.png
CLM-2026-00406,train,Valid Claim,v1,claim_cards/train/Valid Claim/CLM-2026-00406_v1.png,CLM-2026-00406_v1.png
CLM-2026-00406,train,Valid Claim,v2,claim_cards/train/Valid Claim/CLM-2026-00406_v2.png,CLM-2026-00406_v2.png
CLM-2026-00797,train,Invalid Claim,v1,claim_cards/train/Invalid Claim/CLM-2026-00797_v1.png,CLM-2026-00797_v1.png
CLM-2026-00797,train,Invalid Claim,v2,claim_cards/train/Invalid Claim/CLM-2026-00797_v2.png,CLM-2026-00797_v2.png
CLM-2026-00382,train,Valid Claim,v1,claim_cards/train/Valid Claim/CLM-2026-00382_v1.png,CLM-2026-00382_v1.png
CLM-2026-00382,train,Valid Claim,v2,claim_cards/train/Valid Claim/CLM-2026-00382_v2.png,CLM-2026-00382_v2.png
CLM-2026-00556,train,Invalid Claim,v1,claim_cards/train/Invalid Claim/CLM-2026-00556_v1.png,CLM-2026-00556_v1.png
CLM-2026-00556,train,Invalid Claim,v2,claim_cards/train/Invalid Claim/CLM-2026-00556_v2.png,CLM-2026-00556_v2.png
CLM-2026-00331,train,Valid Claim,v1,claim_cards/train/Valid Claim/CLM-2026-00331_v1.png,CLM-2026-00331_v1.png
CLM-2026-00331,train,Valid Claim,v2,claim_cards/train/Valid Claim/CLM-2026-00331_v2.png,CLM-2026-00331_v2.png
CLM-2026-01208,train,Manual Review,v1,claim_cards/train/Manual Review/CLM-2026-01208_v1.png,CLM-2026-01208_v1.png
CLM-2026-01208,train,Manual Review,v2,claim_cards/train/Manual Review/CLM-2026-01208_v2.png,CLM-2026-01208_v2.png
CLM-2026-01027,train,Manual Review,v1,claim_cards/train/Manual Review/CLM-2026-01027_v1.png,CLM-2026-01027_v1.png
CLM-2026-01027,train,Manual Review,v2,claim_cards/train/Manual Review/CLM-2026-01027_v2.png,CLM-2026-01027_v2.png
CLM-2026-00778,train,Invalid Claim,v1,claim_cards/train/Invalid Claim/CLM-2026-00778_v1.png,CLM-2026-00778_v1.png
CLM-2026-00778,train,Invalid Claim,v2,claim_cards/train/Invalid Claim/CLM-2026-00778_v2.png,CLM-2026-00778_v2.png
CLM-2026-00390,train,Valid Claim,v1,claim_cards/train/Valid Claim/CLM-2026-00390_v1.png,CLM-2026-00390_v1.png
CLM-2026-00390,train,Valid Claim,v2,claim_cards/train/Valid Claim/CLM-2026-00390_v2.png,CLM-2026-00390_v2.png
CLM-2026-00263,train,Valid Claim,v1,claim_cards/train/Valid Claim/CLM-2026-00263_v1.png,CLM-2026-00263_v1.png
CLM-2026-00263,train,Valid Claim,v2,claim_cards/train/Valid Claim/CLM-2026-00263_v2.png,CLM-2026-00263_v2.png
CLM-2026-00765,train,Invalid Claim,v1,claim_cards/train/Invalid Claim/CLM-2026-00765_v1.png,CLM-2026-00765_v1.png
CLM-2026-00765,train,Invalid Claim,v2,claim_cards/train/Invalid Claim/CLM-2026-00765_v2.png,CLM-2026-00765_v2.png
CLM-2026-00231,train,Valid Claim,v1,claim_cards/train/Valid Claim/CLM-2026-00231_v1.png,CLM-2026-00231_v1.png
CLM-2026-00231,train,Valid Claim,v2,claim_cards/train/Valid Claim/CLM-2026-00231_v2.png,CLM-2026-00231_v2.png
CLM-2026-00984,train,Invalid Claim,v1,claim_cards/train/Invalid Claim/CLM-2026-00984_v1.png,CLM-2026-00984_v1.png
CLM-2026-00984,train,Invalid Claim,v2,claim_cards/train/Invalid Claim/CLM-2026-00984_v2.png,CLM-2026-00984_v2.png
CLM-2026-00751,train,Invalid Claim,v1,claim_cards/train/Invalid Claim/CLM-2026-00751_v1.png,CLM-2026-00751_v1.png
CLM-2026-00751,train,Invalid Claim,v2,claim_cards/train/Invalid Claim/CLM-2026-00751_v2.png,CLM-2026-00751_v2.png
CLM-2026-01495,train,Manual Review,v1,claim_cards/train/Manual Review/CLM-2026-01495_v1.png,CLM-2026-01495_v1.png
CLM-2026-01495,train,Manual Review,v2,claim_cards/train/Manual Review/CLM-2026-01495_v2.png,CLM-2026-01495_v2.png
CLM-2026-00223,train,Valid Claim,v1,claim_cards/train/Valid Claim/CLM-2026-00223_v1.png,CLM-2026-00223_v1.png
CLM-2026-00223,train,Valid Claim,v2,claim_cards/train/Valid Claim/CLM-2026-00223_v2.png,CLM-2026-00223_v2.png
CLM-2026-01290,train,Manual Review,v1,claim_cards/train/Manual Review/CLM-2026-01290_v1.png,CLM-2026-01290_v1.png
CLM-2026-01290,train,Manual Review,v2,claim_cards/train/Manual Review/CLM-2026-01290_v2.png,CLM-2026-01290_v2.png
CLM-2026-00432,train,Valid Claim,v1,claim_cards/train/Valid Claim/CLM-2026-00432_v1.png,CLM-2026-00432_v1.png
CLM-2026-00432,train,Valid Claim,v2,claim_cards/train/Valid Claim/CLM-2026-00432_v2.png,CLM-2026-00432_v2.png
CLM-2026-01357,train,Manual Review,v1,claim_cards/train/Manual Review/CLM-2026-01357_v1.png,CLM-2026-01357_v1.png
CLM-2026-01357,train,Manual Review,v2,claim_cards/train/Manual Review/CLM-2026-01357_v2.png,CLM-2026-01357_v2.png
CLM-2026-00349,train,Valid Claim,v1,claim_cards/train/Valid Claim/CLM-2026-00349_v1.png,CLM-2026-00349_v1.png
CLM-2026-00349,train,Valid Claim,v2,claim_cards/train/Valid Claim/CLM-2026-00349_v2.png,CLM-2026-00349_v2.png
CLM-2026-00025,train,Valid Claim,v1,claim_cards/train/Valid Claim/CLM-2026-00025_v1.png,CLM-2026-00025_v1.png
CLM-2026-00025,train,Valid Claim,v2,claim_cards/train/Valid Claim/CLM-2026-00025_v2.png,CLM-2026-00025_v2.png
CLM-2026-00606,train,Invalid Claim,v1,claim_cards/train/Invalid Claim/CLM-2026-00606_v1.png,CLM-2026-00606_v1.png
CLM-2026-00606,train,Invalid Claim,v2,claim_cards/train/Invalid Claim/CLM-2026-00606_v2.png,CLM-2026-00606_v2.png
CLM-2026-01498,train,Manual Review,v1,claim_cards/train/Manual Review/CLM-2026-01498_v1.png,CLM-2026-01498_v1.png
CLM-2026-01498,train,Manual Review,v2,claim_cards/train/Manual Review/CLM-2026-01498_v2.png,CLM-2026-01498_v2.png
CLM-2026-01320,train,Manual Review,v1,claim_cards/train/Manual Review/CLM-2026-01320_v1.png,CLM-2026-01320_v1.png
CLM-2026-01320,train,Manual Review,v2,claim_cards/train/Manual Review/CLM-2026-01320_v2.png,CLM-2026-01320_v2.png
CLM-2026-00968,train,Invalid Claim,v1,claim_cards/train/Invalid Claim/CLM-2026-00968_v1.png,CLM-2026-00968_v1.png
CLM-2026-00968,train,Invalid Claim,v2,claim_cards/train/Invalid Claim/CLM-2026-00968_v2.png,CLM-2026-00968_v2.png
CLM-2026-00114,train,Valid Claim,v1,claim_cards/train/Valid Claim/CLM-2026-00114_v1.png,CLM-2026-00114_v1.png
CLM-2026-00114,train,Valid Claim,v2,claim_cards/train/Valid Claim/CLM-2026-00114_v2.png,CLM-2026-00114_v2.png
CLM-2026-00154,train,Valid Claim,v1,claim_cards/train/Valid Claim/CLM-2026-00154_v1.png,CLM-2026-00154_v1.png
CLM-2026-00154,train,Valid Claim,v2,claim_cards/train/Valid Claim/CLM-2026-00154_v2.png,CLM-2026-00154_v2.png
CLM-2026-01422,train,Manual Review,v1,claim_cards/train/Manual Review/CLM-2026-01422_v1.png,CLM-2026-01422_v1.png
CLM-2026-01422,train,Manual Review,v2,claim_cards/train/Manual Review/CLM-2026-01422_v2.png,CLM-2026-01422_v2.png
CLM-2026-00057,train,Valid Claim,v1,claim_cards/train/Valid Claim/CLM-2026-00057_v1.png,CLM-2026-00057_v1.png
CLM-2026-00057,train,Valid Claim,v2,claim_cards/train/Valid Claim/CLM-2026-00057_v2.png,CLM-2026-00057_v2.png
CLM-2026-00753,train,Invalid Claim,v1,claim_cards/train/Invalid Claim/CLM-2026-00753_v1.png,CLM-2026-00753_v1.png
CLM-2026-00753,train,Invalid Claim,v2,claim_cards/train/Invalid Claim/CLM-2026-00753_v2.png,CLM-2026-00753_v2.png
CLM-2026-00794,train,Invalid Claim,v1,claim_cards/train/Invalid Claim/CLM-2026-00794_v1.png,CLM-2026-00794_v1.png
CLM-2026-00794,train,Invalid Claim,v2,claim_cards/train/Invalid Claim/CLM-2026-00794_v2.png,CLM-2026-00794_v2.png
CLM-2026-00889,train,Invalid Claim,v1,claim_cards/train/Invalid Claim/CLM-2026-00889_v1.png,CLM-2026-00889_v1.png
CLM-2026-00889,train,Invalid Claim,v2,claim_cards/train/Invalid Claim/CLM-2026-00889_v2.png,CLM-2026-00889_v2.png
CLM-2026-00318,train,Valid Claim,v1,claim_cards/train/Valid Claim/CLM-2026-00318_v1.png,CLM-2026-00318_v1.png
CLM-2026-00318,train,Valid Claim,v2,claim_cards/train/Valid Claim/CLM-2026-00318_v2.png,CLM-2026-00318_v2.png
CLM-2026-00476,train,Valid Claim,v1,claim_cards/train/Valid Claim/CLM-2026-00476_v1.png,CLM-2026-00476_v1.png
CLM-2026-00476,train,Valid Claim,v2,claim_cards/train/Valid Claim/CLM-2026-00476_v2.png,CLM-2026-00476_v2.png
CLM-2026-01144,train,Manual Review,v1,claim_cards/train/Manual Review/CLM-2026-01144_v1.png,CLM-2026-01144_v1.png
CLM-2026-01144,train,Manual Review,v2,claim_cards/train/Manual Review/CLM-2026-01144_v2.png,CLM-2026-01144_v2.png
CLM-2026-01174,train,Manual Review,v1,claim_cards/train/Manual Review/CLM-2026-01174_v1.png,CLM-2026-01174_v1.png
CLM-2026-01174,train,Manual Review,v2,claim_cards/train/Manual Review/CLM-2026-01174_v2.png,CLM-2026-01174_v2.png
CLM-2026-01352,train,Manual Review,v1,claim_cards/train/Manual Review/CLM-2026-01352_v1.png,CLM-2026-01352_v1.png
CLM-2026-01352,train,Manual Review,v2,claim_cards/train/Manual Review/CLM-2026-01352_v2.png,CLM-2026-01352_v2.png
CLM-2026-00069,train,Valid Claim,v1,claim_cards/train/Valid Claim/CLM-2026-00069_v1.png,CLM-2026-00069_v1.png
CLM-2026-00069,train,Valid Claim,v2,claim_cards/train/Valid Claim/CLM-2026-00069_v2.png,CLM-2026-00069_v2.png
CLM-2026-01096,train,Manual Review,v1,claim_cards/train/Manual Review/CLM-2026-01096_v1.png,CLM-2026-01096_v1.png
CLM-2026-01096,train,Manual Review,v2,claim_cards/train/Manual Review/CLM-2026-01096_v2.png,CLM-2026-01096_v2.png
CLM-2026-00720,train,Invalid Claim,v1,claim_cards/train/Invalid Claim/CLM-2026-00720_v1.png,CLM-2026-00720_v1.png
CLM-2026-00720,train,Invalid Claim,v2,claim_cards/train/Invalid Claim/CLM-2026-00720_v2.png,CLM-2026-00720_v2.png
CLM-2026-00807,train,Invalid Claim,v1,claim_cards/train/Invalid Claim/CLM-2026-00807_v1.png,CLM-2026-00807_v1.png
CLM-2026-00807,train,Invalid Claim,v2,claim_cards/train/Invalid Claim/CLM-2026-00807_v2.png,CLM-2026-00807_v2.png
CLM-2026-00271,train,Valid Claim,v1,claim_cards/train/Valid Claim/CLM-2026-00271_v1.png,CLM-2026-00271_v1.png
CLM-2026-00271,train,Valid Claim,v2,claim_cards/train/Valid Claim/CLM-2026-00271_v2.png,CLM-2026-00271_v2.png
CLM-2026-01101,train,Manual Review,v1,claim_cards/train/Manual Review/CLM-2026-01101_v1.png,CLM-2026-01101_v1.png
CLM-2026-01101,train,Manual Review,v2,claim_cards/train/Manual Review/CLM-2026-01101_v2.png,CLM-2026-01101_v2.png
CLM-2026-00971,train,Invalid Claim,v1,claim_cards/train/Invalid Claim/CLM-2026-00971_v1.png,CLM-2026-00971_v1.png
CLM-2026-00971,train,Invalid Claim,v2,claim_cards/train/Invalid Claim/CLM-2026-00971_v2.png,CLM-2026-00971_v2.png
CLM-2026-00405,train,Valid Claim,v1,claim_cards/train/Valid Claim/CLM-2026-00405_v1.png,CLM-2026-00405_v1.png
CLM-2026-00405,train,Valid Claim,v2,claim_cards/train/Valid Claim/CLM-2026-00405_v2.png,CLM-2026-00405_v2.png
CLM-2026-00559,train,Invalid Claim,v1,claim_cards/train/Invalid Claim/CLM-2026-00559_v1.png,CLM-2026-00559_v1.png
CLM-2026-00559,train,Invalid Claim,v2,claim_cards/train/Invalid Claim/CLM-2026-00559_v2.png,CLM-2026-00559_v2.png
CLM-2026-00800,train,Invalid Claim,v1,claim_cards/train/Invalid Claim/CLM-2026-00800_v1.png,CLM-2026-00800_v1.png
CLM-2026-00800,train,Invalid Claim,v2,claim_cards/train/Invalid Claim/CLM-2026-00800_v2.png,CLM-2026-00800_v2.png
CLM-2026-00863,train,Invalid Claim,v1,claim_cards/train/Invalid Claim/CLM-2026-00863_v1.png,CLM-2026-00863_v1.png
CLM-2026-00863,train,Invalid Claim,v2,claim_cards/train/Invalid Claim/CLM-2026-00863_v2.png,CLM-2026-00863_v2.png
CLM-2026-01497,train,Manual Review,v1,claim_cards/train/Manual Review/CLM-2026-01497_v1.png,CLM-2026-01497_v1.png
CLM-2026-01497,train,Manual Review,v2,claim_cards/train/Manual Review/CLM-2026-01497_v2.png,CLM-2026-01497_v2.png
CLM-2026-01441,train,Manual Review,v1,claim_cards/train/Manual Review/CLM-2026-01441_v1.png,CLM-2026-01441_v1.png
CLM-2026-01441,train,Manual Review,v2,claim_cards/train/Manual Review/CLM-2026-01441_v2.png,CLM-2026-01441_v2.png
CLM-2026-00858,train,Invalid Claim,v1,claim_cards/train/Invalid Claim/CLM-2026-00858_v1.png,CLM-2026-00858_v1.png
CLM-2026-00858,train,Invalid Claim,v2,claim_cards/train/Invalid Claim/CLM-2026-00858_v2.png,CLM-2026-00858_v2.png
CLM-2026-00925,train,Invalid Claim,v1,claim_cards/train/Invalid Claim/CLM-2026-00925_v1.png,CLM-2026-00925_v1.png
CLM-2026-00925,train,Invalid Claim,v2,claim_cards/train/Invalid Claim/CLM-2026-00925_v2.png,CLM-2026-00925_v2.png
CLM-2026-00245,train,Valid Claim,v1,claim_cards/train/Valid Claim/CLM-2026-00245_v1.png,CLM-2026-00245_v1.png
CLM-2026-00245,train,Valid Claim,v2,claim_cards/train/Valid Claim/CLM-2026-00245_v2.png,CLM-2026-00245_v2.png
CLM-2026-00976,train,Invalid Claim,v1,claim_cards/train/Invalid Claim/CLM-2026-00976_v1.png,CLM-2026-00976_v1.png
CLM-2026-00976,train,Invalid Claim,v2,claim_cards/train/Invalid Claim/CLM-2026-00976_v2.png,CLM-2026-00976_v2.png
CLM-2026-01114,train,Manual Review,v1,claim_cards/train/Manual Review/CLM-2026-01114_v1.png,CLM-2026-01114_v1.png
CLM-2026-01114,train,Manual Review,v2,claim_cards/train/Manual Review/CLM-2026-01114_v2.png,CLM-2026-01114_v2.png
CLM-2026-00286,train,Valid Claim,v1,claim_cards/train/Valid Claim/CLM-2026-00286_v1.png,CLM-2026-00286_v1.png
CLM-2026-00286,train,Valid Claim,v2,claim_cards/train/Valid Claim/CLM-2026-00286_v2.png,CLM-2026-00286_v2.png
CLM-2026-01041,train,Manual Review,v1,claim_cards/train/Manual Review/CLM-2026-01041_v1.png,CLM-2026-01041_v1.png
CLM-2026-01041,train,Manual Review,v2,claim_cards/train/Manual Review/CLM-2026-01041_v2.png,CLM-2026-01041_v2.png
CLM-2026-00388,train,Valid Claim,v1,claim_cards/train/Valid Claim/CLM-2026-00388_v1.png,CLM-2026-00388_v1.png
CLM-2026-00388,train,Valid Claim,v2,claim_cards/train/Valid Claim/CLM-2026-00388_v2.png,CLM-2026-00388_v2.png
CLM-2026-01153,train,Manual Review,v1,claim_cards/train/Manual Review/CLM-2026-01153_v1.png,CLM-2026-01153_v1.png
CLM-2026-01153,train,Manual Review,v2,claim_cards/train/Manual Review/CLM-2026-01153_v2.png,CLM-2026-01153_v2.png
CLM-2026-00288,train,Valid Claim,v1,claim_cards/train/Valid Claim/CLM-2026-00288_v1.png,CLM-2026-00288_v1.png
CLM-2026-00288,train,Valid Claim,v2,claim_cards/train/Valid Claim/CLM-2026-00288_v2.png,CLM-2026-00288_v2.png
CLM-2026-00544,train,Invalid Claim,v1,claim_cards/train/Invalid Claim/CLM-2026-00544_v1.png,CLM-2026-00544_v1.png
CLM-2026-00544,train,Invalid Claim,v2,claim_cards/train/Invalid Claim/CLM-2026-00544_v2.png,CLM-2026-00544_v2.png
CLM-2026-01187,train,Manual Review,v1,claim_cards/train/Manual Review/CLM-2026-01187_v1.png,CLM-2026-01187_v1.png
CLM-2026-01187,train,Manual Review,v2,claim_cards/train/Manual Review/CLM-2026-01187_v2.png,CLM-2026-01187_v2.png
CLM-2026-00291,train,Valid Claim,v1,claim_cards/train/Valid Claim/CLM-2026-00291_v1.png,CLM-2026-00291_v1.png
CLM-2026-00291,train,Valid Claim,v2,claim_cards/train/Valid Claim/CLM-2026-00291_v2.png,CLM-2026-00291_v2.png
CLM-2026-01328,train,Manual Review,v1,claim_cards/train/Manual Review/CLM-2026-01328_v1.png,CLM-2026-01328_v1.png
CLM-2026-01328,train,Manual Review,v2,claim_cards/train/Manual Review/CLM-2026-01328_v2.png,CLM-2026-01328_v2.png
CLM-2026-00145,train,Valid Claim,v1,claim_cards/train/Valid Claim/CLM-2026-00145_v1.png,CLM-2026-00145_v1.png
CLM-2026-00145,train,Valid Claim,v2,claim_cards/train/Valid Claim/CLM-2026-00145_v2.png,CLM-2026-00145_v2.png
CLM-2026-01440,train,Manual Review,v1,claim_cards/train/Manual Review/CLM-2026-01440_v1.png,CLM-2026-01440_v1.png
CLM-2026-01440,train,Manual Review,v2,claim_cards/train/Manual Review/CLM-2026-01440_v2.png,CLM-2026-01440_v2.png
CLM-2026-00471,train,Valid Claim,v1,claim_cards/train/Valid Claim/CLM-2026-00471_v1.png,CLM-2026-00471_v1.png
CLM-2026-00471,train,Valid Claim,v2,claim_cards/train/Valid Claim/CLM-2026-00471_v2.png,CLM-2026-00471_v2.png
CLM-2026-00545,train,Invalid Claim,v1,claim_cards/train/Invalid Claim/CLM-2026-00545_v1.png,CLM-2026-00545_v1.png
CLM-2026-00545,train,Invalid Claim,v2,claim_cards/train/Invalid Claim/CLM-2026-00545_v2.png,CLM-2026-00545_v2.png
CLM-2026-00177,train,Valid Claim,v1,claim_cards/train/Valid Claim/CLM-2026-00177_v1.png,CLM-2026-00177_v1.png
CLM-2026-00177,train,Valid Claim,v2,claim_cards/train/Valid Claim/CLM-2026-00177_v2.png,CLM-2026-00177_v2.png
CLM-2026-01118,train,Manual Review,v1,claim_cards/train/Manual Review/CLM-2026-01118_v1.png,CLM-2026-01118_v1.png
CLM-2026-01118,train,Manual Review,v2,claim_cards/train/Manual Review/CLM-2026-01118_v2.png,CLM-2026-01118_v2.png
CLM-2026-01494,train,Manual Review,v1,claim_cards/train/Manual Review/CLM-2026-01494_v1.png,CLM-2026-01494_v1.png
CLM-2026-01494,train,Manual Review,v2,claim_cards/train/Manual Review/CLM-2026-01494_v2.png,CLM-2026-01494_v2.png
CLM-2026-01264,train,Manual Review,v1,claim_cards/train/Manual Review/CLM-2026-01264_v1.png,CLM-2026-01264_v1.png
CLM-2026-01264,train,Manual Review,v2,claim_cards/train/Manual Review/CLM-2026-01264_v2.png,CLM-2026-01264_v2.png
CLM-2026-00260,train,Valid Claim,v1,claim_cards/train/Valid Claim/CLM-2026-00260_v1.png,CLM-2026-00260_v1.png
CLM-2026-00260,train,Valid Claim,v2,claim_cards/train/Valid Claim/CLM-2026-00260_v2.png,CLM-2026-00260_v2.png
CLM-2026-00429,train,Valid Claim,v1,claim_cards/train/Valid Claim/CLM-2026-00429_v1.png,CLM-2026-00429_v1.png
CLM-2026-00429,train,Valid Claim,v2,claim_cards/train/Valid Claim/CLM-2026-00429_v2.png,CLM-2026-00429_v2.png
CLM-2026-00996,train,Invalid Claim,v1,claim_cards/train/Invalid Claim/CLM-2026-00996_v1.png,CLM-2026-00996_v1.png
CLM-2026-00996,train,Invalid Claim,v2,claim_cards/train/Invalid Claim/CLM-2026-00996_v2.png,CLM-2026-00996_v2.png
CLM-2026-00700,train,Invalid Claim,v1,claim_cards/train/Invalid Claim/CLM-2026-00700_v1.png,CLM-2026-00700_v1.png
CLM-2026-00700,train,Invalid Claim,v2,claim_cards/train/Invalid Claim/CLM-2026-00700_v2.png,CLM-2026-00700_v2.png
CLM-2026-01152,train,Manual Review,v1,claim_cards/train/Manual Review/CLM-2026-01152_v1.png,CLM-2026-01152_v1.png
CLM-2026-01152,train,Manual Review,v2,claim_cards/train/Manual Review/CLM-2026-01152_v2.png,CLM-2026-01152_v2.png
CLM-2026-00654,train,Invalid Claim,v1,claim_cards/train/Invalid Claim/CLM-2026-00654_v1.png,CLM-2026-00654_v1.png
CLM-2026-00654,train,Invalid Claim,v2,claim_cards/train/Invalid Claim/CLM-2026-00654_v2.png,CLM-2026-00654_v2.png
CLM-2026-00470,train,Valid Claim,v1,claim_cards/train/Valid Claim/CLM-2026-00470_v1.png,CLM-2026-00470_v1.png
CLM-2026-00470,train,Valid Claim,v2,claim_cards/train/Valid Claim/CLM-2026-00470_v2.png,CLM-2026-00470_v2.png
CLM-2026-01090,train,Manual Review,v1,claim_cards/train/Manual Review/CLM-2026-01090_v1.png,CLM-2026-01090_v1.png
CLM-2026-01090,train,Manual Review,v2,claim_cards/train/Manual Review/CLM-2026-01090_v2.png,CLM-2026-01090_v2.png
CLM-2026-00238,train,Valid Claim,v1,claim_cards/train/Valid Claim/CLM-2026-00238_v1.png,CLM-2026-00238_v1.png
CLM-2026-00238,train,Valid Claim,v2,claim_cards/train/Valid Claim/CLM-2026-00238_v2.png,CLM-2026-00238_v2.png
CLM-2026-00992,train,Invalid Claim,v1,claim_cards/train/Invalid Claim/CLM-2026-00992_v1.png,CLM-2026-00992_v1.png
CLM-2026-00992,train,Invalid Claim,v2,claim_cards/train/Invalid Claim/CLM-2026-00992_v2.png,CLM-2026-00992_v2.png
CLM-2026-00051,train,Valid Claim,v1,claim_cards/train/Valid Claim/CLM-2026-00051_v1.png,CLM-2026-00051_v1.png
CLM-2026-00051,train,Valid Claim,v2,claim_cards/train/Valid Claim/CLM-2026-00051_v2.png,CLM-2026-00051_v2.png
CLM-2026-00875,train,Invalid Claim,v1,claim_cards/train/Invalid Claim/CLM-2026-00875_v1.png,CLM-2026-00875_v1.png
CLM-2026-00875,train,Invalid Claim,v2,claim_cards/train/Invalid Claim/CLM-2026-00875_v2.png,CLM-2026-00875_v2.png
CLM-2026-00324,train,Valid Claim,v1,claim_cards/train/Valid Claim/CLM-2026-00324_v1.png,CLM-2026-00324_v1.png
CLM-2026-00324,train,Valid Claim,v2,claim_cards/train/Valid Claim/CLM-2026-00324_v2.png,CLM-2026-00324_v2.png
CLM-2026-00822,train,Invalid Claim,v1,claim_cards/train/Invalid Claim/CLM-2026-00822_v1.png,CLM-2026-00822_v1.png
CLM-2026-00822,train,Invalid Claim,v2,claim_cards/train/Invalid Claim/CLM-2026-00822_v2.png,CLM-2026-00822_v2.png
CLM-2026-00665,train,Invalid Claim,v1,claim_cards/train/Invalid Claim/CLM-2026-00665_v1.png,CLM-2026-00665_v1.png
CLM-2026-00665,train,Invalid Claim,v2,claim_cards/train/Invalid Claim/CLM-2026-00665_v2.png,CLM-2026-00665_v2.png
CLM-2026-01125,train,Manual Review,v1,claim_cards/train/Manual Review/CLM-2026-01125_v1.png,CLM-2026-01125_v1.png
CLM-2026-01125,train,Manual Review,v2,claim_cards/train/Manual Review/CLM-2026-01125_v2.png,CLM-2026-01125_v2.png
CLM-2026-00567,train,Invalid Claim,v1,claim_cards/train/Invalid Claim/CLM-2026-00567_v1.png,CLM-2026-00567_v1.png
CLM-2026-00567,train,Invalid Claim,v2,claim_cards/train/Invalid Claim/CLM-2026-00567_v2.png,CLM-2026-00567_v2.png
CLM-2026-00376,train,Valid Claim,v1,claim_cards/train/Valid Claim/CLM-2026-00376_v1.png,CLM-2026-00376_v1.png
CLM-2026-00376,train,Valid Claim,v2,claim_cards/train/Valid Claim/CLM-2026-00376_v2.png,CLM-2026-00376_v2.png
CLM-2026-00255,train,Valid Claim,v1,claim_cards/train/Valid Claim/CLM-2026-00255_v1.png,CLM-2026-00255_v1.png
CLM-2026-00255,train,Valid Claim,v2,claim_cards/train/Valid Claim/CLM-2026-00255_v2.png,CLM-2026-00255_v2.png
CLM-2026-00944,val,Invalid Claim,v1,claim_cards/val/Invalid Claim/CLM-2026-00944_v1.png,CLM-2026-00944_v1.png
CLM-2026-00419,val,Valid Claim,v1,claim_cards/val/Valid Claim/CLM-2026-00419_v1.png,CLM-2026-00419_v1.png
CLM-2026-01373,val,Manual Review,v1,claim_cards/val/Manual Review/CLM-2026-01373_v1.png,CLM-2026-01373_v1.png
CLM-2026-00396,val,Valid Claim,v1,claim_cards/val/Valid Claim/CLM-2026-00396_v1.png,CLM-2026-00396_v1.png
CLM-2026-01313,val,Manual Review,v1,claim_cards/val/Manual Review/CLM-2026-01313_v1.png,CLM-2026-01313_v1.png
CLM-2026-00300,val,Valid Claim,v1,claim_cards/val/Valid Claim/CLM-2026-00300_v1.png,CLM-2026-00300_v1.png
CLM-2026-00221,val,Valid Claim,v1,claim_cards/val/Valid Claim/CLM-2026-00221_v1.png,CLM-2026-00221_v1.png
CLM-2026-01450,val,Manual Review,v1,claim_cards/val/Manual Review/CLM-2026-01450_v1.png,CLM-2026-01450_v1.png
CLM-2026-00345,val,Valid Claim,v1,claim_cards/val/Valid Claim/CLM-2026-00345_v1.png,CLM-2026-00345_v1.png
CLM-2026-00353,val,Valid Claim,v1,claim_cards/val/Valid Claim/CLM-2026-00353_v1.png,CLM-2026-00353_v1.png
CLM-2026-00910,val,Invalid Claim,v1,claim_cards/val/Invalid Claim/CLM-2026-00910_v1.png,CLM-2026-00910_v1.png
CLM-2026-00746,val,Invalid Claim,v1,claim_cards/val/Invalid Claim/CLM-2026-00746_v1.png,CLM-2026-00746_v1.png
CLM-2026-00312,val,Valid Claim,v1,claim_cards/val/Valid Claim/CLM-2026-00312_v1.png,CLM-2026-00312_v1.png
CLM-2026-00515,val,Invalid Claim,v1,claim_cards/val/Invalid Claim/CLM-2026-00515_v1.png,CLM-2026-00515_v1.png
CLM-2026-00670,val,Invalid Claim,v1,claim_cards/val/Invalid Claim/CLM-2026-00670_v1.png,CLM-2026-00670_v1.png
CLM-2026-00699,val,Invalid Claim,v1,claim_cards/val/Invalid Claim/CLM-2026-00699_v1.png,CLM-2026-00699_v1.png
CLM-2026-00585,val,Invalid Claim,v1,claim_cards/val/Invalid Claim/CLM-2026-00585_v1.png,CLM-2026-00585_v1.png
CLM-2026-00453,val,Valid Claim,v1,claim_cards/val/Valid Claim/CLM-2026-00453_v1.png,CLM-2026-00453_v1.png
CLM-2026-01409,val,Manual Review,v1,claim_cards/val/Manual Review/CLM-2026-01409_v1.png,CLM-2026-01409_v1.png
CLM-2026-00278,val,Valid Claim,v1,claim_cards/val/Valid Claim/CLM-2026-00278_v1.png,CLM-2026-00278_v1.png
CLM-2026-01195,val,Manual Review,v1,claim_cards/val/Manual Review/CLM-2026-01195_v1.png,CLM-2026-01195_v1.png
CLM-2026-00554,val,Invalid Claim,v1,claim_cards/val/Invalid Claim/CLM-2026-00554_v1.png,CLM-2026-00554_v1.png
CLM-2026-00174,val,Valid Claim,v1,claim_cards/val/Valid Claim/CLM-2026-00174_v1.png,CLM-2026-00174_v1.png
CLM-2026-00071,val,Valid Claim,v1,claim_cards/val/Valid Claim/CLM-2026-00071_v1.png,CLM-2026-00071_v1.png
CLM-2026-01423,val,Manual Review,v1,claim_cards/val/Manual Review/CLM-2026-01423_v1.png,CLM-2026-01423_v1.png
CLM-2026-01318,val,Manual Review,v1,claim_cards/val/Manual Review/CLM-2026-01318_v1.png,CLM-2026-01318_v1.png
CLM-2026-00026,val,Valid Claim,v1,claim_cards/val/Valid Claim/CLM-2026-00026_v1.png,CLM-2026-00026_v1.png
CLM-2026-00281,val,Valid Claim,v1,claim_cards/val/Valid Claim/CLM-2026-00281_v1.png,CLM-2026-00281_v1.png
CLM-2026-00414,val,Valid Claim,v1,claim_cards/val/Valid Claim/CLM-2026-00414_v1.png,CLM-2026-00414_v1.png
CLM-2026-01230,val,Manual Review,v1,claim_cards/val/Manual Review/CLM-2026-01230_v1.png,CLM-2026-01230_v1.png
CLM-2026-01165,val,Manual Review,v1,claim_cards/val/Manual Review/CLM-2026-01165_v1.png,CLM-2026-01165_v1.png
CLM-2026-01080,val,Manual Review,v1,claim_cards/val/Manual Review/CLM-2026-01080_v1.png,CLM-2026-01080_v1.png
CLM-2026-00689,val,Invalid Claim,v1,claim_cards/val/Invalid Claim/CLM-2026-00689_v1.png,CLM-2026-00689_v1.png
CLM-2026-00053,val,Valid Claim,v1,claim_cards/val/Valid Claim/CLM-2026-00053_v1.png,CLM-2026-00053_v1.png
CLM-2026-00080,val,Valid Claim,v1,claim_cards/val/Valid Claim/CLM-2026-00080_v1.png,CLM-2026-00080_v1.png
CLM-2026-01322,val,Manual Review,v1,claim_cards/val/Manual Review/CLM-2026-01322_v1.png,CLM-2026-01322_v1.png
CLM-2026-00464,val,Valid Claim,v1,claim_cards/val/Valid Claim/CLM-2026-00464_v1.png,CLM-2026-00464_v1.png
CLM-2026-01425,val,Manual Review,v1,claim_cards/val/Manual Review/CLM-2026-01425_v1.png,CLM-2026-01425_v1.png
CLM-2026-01054,val,Manual Review,v1,claim_cards/val/Manual Review/CLM-2026-01054_v1.png,CLM-2026-01054_v1.png
CLM-2026-01458,val,Manual Review,v1,claim_cards/val/Manual Review/CLM-2026-01458_v1.png,CLM-2026-01458_v1.png
CLM-2026-01120,val,Manual Review,v1,claim_cards/val/Manual Review/CLM-2026-01120_v1.png,CLM-2026-01120_v1.png
CLM-2026-00018,val,Valid Claim,v1,claim_cards/val/Valid Claim/CLM-2026-00018_v1.png,CLM-2026-00018_v1.png
CLM-2026-01467,val,Manual Review,v1,claim_cards/val/Manual Review/CLM-2026-01467_v1.png,CLM-2026-01467_v1.png
CLM-2026-00014,val,Valid Claim,v1,claim_cards/val/Valid Claim/CLM-2026-00014_v1.png,CLM-2026-00014_v1.png
CLM-2026-01405,val,Manual Review,v1,claim_cards/val/Manual Review/CLM-2026-01405_v1.png,CLM-2026-01405_v1.png
CLM-2026-00417,val,Valid Claim,v1,claim_cards/val/Valid Claim/CLM-2026-00417_v1.png,CLM-2026-00417_v1.png
CLM-2026-00924,val,Invalid Claim,v1,claim_cards/val/Invalid Claim/CLM-2026-00924_v1.png,CLM-2026-00924_v1.png
CLM-2026-00832,val,Invalid Claim,v1,claim_cards/val/Invalid Claim/CLM-2026-00832_v1.png,CLM-2026-00832_v1.png
CLM-2026-01477,val,Manual Review,v1,claim_cards/val/Manual Review/CLM-2026-01477_v1.png,CLM-2026-01477_v1.png
CLM-2026-01057,val,Manual Review,v1,claim_cards/val/Manual Review/CLM-2026-01057_v1.png,CLM-2026-01057_v1.png
CLM-2026-00320,val,Valid Claim,v1,claim_cards/val/Valid Claim/CLM-2026-00320_v1.png,CLM-2026-00320_v1.png
CLM-2026-01296,val,Manual Review,v1,claim_cards/val/Manual Review/CLM-2026-01296_v1.png,CLM-2026-01296_v1.png
CLM-2026-01310,val,Manual Review,v1,claim_cards/val/Manual Review/CLM-2026-01310_v1.png,CLM-2026-01310_v1.png
CLM-2026-01381,val,Manual Review,v1,claim_cards/val/Manual Review/CLM-2026-01381_v1.png,CLM-2026-01381_v1.png
CLM-2026-01315,val,Manual Review,v1,claim_cards/val/Manual Review/CLM-2026-01315_v1.png,CLM-2026-01315_v1.png
CLM-2026-00576,val,Invalid Claim,v1,claim_cards/val/Invalid Claim/CLM-2026-00576_v1.png,CLM-2026-00576_v1.png
CLM-2026-00736,val,Invalid Claim,v1,claim_cards/val/Invalid Claim/CLM-2026-00736_v1.png,CLM-2026-00736_v1.png
CLM-2026-01161,val,Manual Review,v1,claim_cards/val/Manual Review/CLM-2026-01161_v1.png,CLM-2026-01161_v1.png
CLM-2026-00168,val,Valid Claim,v1,claim_cards/val/Valid Claim/CLM-2026-00168_v1.png,CLM-2026-00168_v1.png
CLM-2026-00450,val,Valid Claim,v1,claim_cards/val/Valid Claim/CLM-2026-00450_v1.png,CLM-2026-00450_v1.png
CLM-2026-00535,val,Invalid Claim,v1,claim_cards/val/Invalid Claim/CLM-2026-00535_v1.png,CLM-2026-00535_v1.png
CLM-2026-00903,val,Invalid Claim,v1,claim_cards/val/Invalid Claim/CLM-2026-00903_v1.png,CLM-2026-00903_v1.png
CLM-2026-00728,val,Invalid Claim,v1,claim_cards/val/Invalid Claim/CLM-2026-00728_v1.png,CLM-2026-00728_v1.png
CLM-2026-00578,val,Invalid Claim,v1,claim_cards/val/Invalid Claim/CLM-2026-00578_v1.png,CLM-2026-00578_v1.png
CLM-2026-01222,val,Manual Review,v1,claim_cards/val/Manual Review/CLM-2026-01222_v1.png,CLM-2026-01222_v1.png
CLM-2026-00919,val,Invalid Claim,v1,claim_cards/val/Invalid Claim/CLM-2026-00919_v1.png,CLM-2026-00919_v1.png
CLM-2026-00998,val,Invalid Claim,v1,claim_cards/val/Invalid Claim/CLM-2026-00998_v1.png,CLM-2026-00998_v1.png
CLM-2026-00584,val,Invalid Claim,v1,claim_cards/val/Invalid Claim/CLM-2026-00584_v1.png,CLM-2026-00584_v1.png
CLM-2026-00638,val,Invalid Claim,v1,claim_cards/val/Invalid Claim/CLM-2026-00638_v1.png,CLM-2026-00638_v1.png
CLM-2026-01471,val,Manual Review,v1,claim_cards/val/Manual Review/CLM-2026-01471_v1.png,CLM-2026-01471_v1.png
CLM-2026-01076,val,Manual Review,v1,claim_cards/val/Manual Review/CLM-2026-01076_v1.png,CLM-2026-01076_v1.png
CLM-2026-01069,val,Manual Review,v1,claim_cards/val/Manual Review/CLM-2026-01069_v1.png,CLM-2026-01069_v1.png
CLM-2026-00804,val,Invalid Claim,v1,claim_cards/val/Invalid Claim/CLM-2026-00804_v1.png,CLM-2026-00804_v1.png
CLM-2026-01395,val,Manual Review,v1,claim_cards/val/Manual Review/CLM-2026-01395_v1.png,CLM-2026-01395_v1.png
CLM-2026-00488,val,Valid Claim,v1,claim_cards/val/Valid Claim/CLM-2026-00488_v1.png,CLM-2026-00488_v1.png
CLM-2026-00463,val,Valid Claim,v1,claim_cards/val/Valid Claim/CLM-2026-00463_v1.png,CLM-2026-00463_v1.png
CLM-2026-00703,val,Invalid Claim,v1,claim_cards/val/Invalid Claim/CLM-2026-00703_v1.png,CLM-2026-00703_v1.png
CLM-2026-00723,val,Invalid Claim,v1,claim_cards/val/Invalid Claim/CLM-2026-00723_v1.png,CLM-2026-00723_v1.png
CLM-2026-00725,val,Invalid Claim,v1,claim_cards/val/Invalid Claim/CLM-2026-00725_v1.png,CLM-2026-00725_v1.png
CLM-2026-00744,val,Invalid Claim,v1,claim_cards/val/Invalid Claim/CLM-2026-00744_v1.png,CLM-2026-00744_v1.png
CLM-2026-00607,val,Invalid Claim,v1,claim_cards/val/Invalid Claim/CLM-2026-00607_v1.png,CLM-2026-00607_v1.png
CLM-2026-01479,val,Manual Review,v1,claim_cards/val/Manual Review/CLM-2026-01479_v1.png,CLM-2026-01479_v1.png
CLM-2026-01134,val,Manual Review,v1,claim_cards/val/Manual Review/CLM-2026-01134_v1.png,CLM-2026-01134_v1.png
CLM-2026-00118,val,Valid Claim,v1,claim_cards/val/Valid Claim/CLM-2026-00118_v1.png,CLM-2026-00118_v1.png
CLM-2026-00672,val,Invalid Claim,v1,claim_cards/val/Invalid Claim/CLM-2026-00672_v1.png,CLM-2026-00672_v1.png
CLM-2026-00162,val,Valid Claim,v1,claim_cards/val/Valid Claim/CLM-2026-00162_v1.png,CLM-2026-00162_v1.png
CLM-2026-00244,val,Valid Claim,v1,claim_cards/val/Valid Claim/CLM-2026-00244_v1.png,CLM-2026-00244_v1.png
CLM-2026-01309,val,Manual Review,v1,claim_cards/val/Manual Review/CLM-2026-01309_v1.png,CLM-2026-01309_v1.png
CLM-2026-00521,val,Invalid Claim,v1,claim_cards/val/Invalid Claim/CLM-2026-00521_v1.png,CLM-2026-00521_v1.png
CLM-2026-01248,val,Manual Review,v1,claim_cards/val/Manual Review/CLM-2026-01248_v1.png,CLM-2026-01248_v1.png
CLM-2026-01374,val,Manual Review,v1,claim_cards/val/Manual Review/CLM-2026-01374_v1.png,CLM-2026-01374_v1.png
CLM-2026-01245,val,Manual Review,v1,claim_cards/val/Manual Review/CLM-2026-01245_v1.png,CLM-2026-01245_v1.png
CLM-2026-00466,val,Valid Claim,v1,claim_cards/val/Valid Claim/CLM-2026-00466_v1.png,CLM-2026-00466_v1.png
CLM-2026-00955,val,Invalid Claim,v1,claim_cards/val/Invalid Claim/CLM-2026-00955_v1.png,CLM-2026-00955_v1.png
CLM-2026-00021,val,Valid Claim,v1,claim_cards/val/Valid Claim/CLM-2026-00021_v1.png,CLM-2026-00021_v1.png
CLM-2026-00024,val,Valid Claim,v1,claim_cards/val/Valid Claim/CLM-2026-00024_v1.png,CLM-2026-00024_v1.png
CLM-2026-01182,val,Manual Review,v1,claim_cards/val/Manual Review/CLM-2026-01182_v1.png,CLM-2026-01182_v1.png
CLM-2026-00772,val,Invalid Claim,v1,claim_cards/val/Invalid Claim/CLM-2026-00772_v1.png,CLM-2026-00772_v1.png
CLM-2026-00608,val,Invalid Claim,v1,claim_cards/val/Invalid Claim/CLM-2026-00608_v1.png,CLM-2026-00608_v1.png
CLM-2026-01433,val,Manual Review,v1,claim_cards/val/Manual Review/CLM-2026-01433_v1.png,CLM-2026-01433_v1.png
CLM-2026-00884,val,Invalid Claim,v1,claim_cards/val/Invalid Claim/CLM-2026-00884_v1.png,CLM-2026-00884_v1.png
CLM-2026-01206,val,Manual Review,v1,claim_cards/val/Manual Review/CLM-2026-01206_v1.png,CLM-2026-01206_v1.png
CLM-2026-01368,val,Manual Review,v1,claim_cards/val/Manual Review/CLM-2026-01368_v1.png,CLM-2026-01368_v1.png
CLM-2026-01207,val,Manual Review,v1,claim_cards/val/Manual Review/CLM-2026-01207_v1.png,CLM-2026-01207_v1.png
CLM-2026-00257,val,Valid Claim,v1,claim_cards/val/Valid Claim/CLM-2026-00257_v1.png,CLM-2026-00257_v1.png
CLM-2026-01067,val,Manual Review,v1,claim_cards/val/Manual Review/CLM-2026-01067_v1.png,CLM-2026-01067_v1.png
CLM-2026-01431,val,Manual Review,v1,claim_cards/val/Manual Review/CLM-2026-01431_v1.png,CLM-2026-01431_v1.png
CLM-2026-00179,val,Valid Claim,v1,claim_cards/val/Valid Claim/CLM-2026-00179_v1.png,CLM-2026-00179_v1.png
CLM-2026-00268,val,Valid Claim,v1,claim_cards/val/Valid Claim/CLM-2026-00268_v1.png,CLM-2026-00268_v1.png
CLM-2026-01194,val,Manual Review,v1,claim_cards/val/Manual Review/CLM-2026-01194_v1.png,CLM-2026-01194_v1.png
CLM-2026-00505,val,Invalid Claim,v1,claim_cards/val/Invalid Claim/CLM-2026-00505_v1.png,CLM-2026-00505_v1.png
CLM-2026-01459,val,Manual Review,v1,claim_cards/val/Manual Review/CLM-2026-01459_v1.png,CLM-2026-01459_v1.png
CLM-2026-00965,val,Invalid Claim,v1,claim_cards/val/Invalid Claim/CLM-2026-00965_v1.png,CLM-2026-00965_v1.png
CLM-2026-00869,val,Invalid Claim,v1,claim_cards/val/Invalid Claim/CLM-2026-00869_v1.png,CLM-2026-00869_v1.png
CLM-2026-01268,val,Manual Review,v1,claim_cards/val/Manual Review/CLM-2026-01268_v1.png,CLM-2026-01268_v1.png
CLM-2026-00216,val,Valid Claim,v1,claim_cards/val/Valid Claim/CLM-2026-00216_v1.png,CLM-2026-00216_v1.png
CLM-2026-00891,val,Invalid Claim,v1,claim_cards/val/Invalid Claim/CLM-2026-00891_v1.png,CLM-2026-00891_v1.png
CLM-2026-00815,val,Invalid Claim,v1,claim_cards/val/Invalid Claim/CLM-2026-00815_v1.png,CLM-2026-00815_v1.png
CLM-2026-00314,val,Valid Claim,v1,claim_cards/val/Valid Claim/CLM-2026-00314_v1.png,CLM-2026-00314_v1.png
CLM-2026-00297,val,Valid Claim,v1,claim_cards/val/Valid Claim/CLM-2026-00297_v1.png,CLM-2026-00297_v1.png
CLM-2026-00870,val,Invalid Claim,v1,claim_cards/val/Invalid Claim/CLM-2026-00870_v1.png,CLM-2026-00870_v1.png
CLM-2026-00652,val,Invalid Claim,v1,claim_cards/val/Invalid Claim/CLM-2026-00652_v1.png,CLM-2026-00652_v1.png
CLM-2026-01388,val,Manual Review,v1,claim_cards/val/Manual Review/CLM-2026-01388_v1.png,CLM-2026-01388_v1.png
CLM-2026-00091,val,Valid Claim,v1,claim_cards/val/Valid Claim/CLM-2026-00091_v1.png,CLM-2026-00091_v1.png
CLM-2026-00095,val,Valid Claim,v1,claim_cards/val/Valid Claim/CLM-2026-00095_v1.png,CLM-2026-00095_v1.png
CLM-2026-00442,val,Valid Claim,v1,claim_cards/val/Valid Claim/CLM-2026-00442_v1.png,CLM-2026-00442_v1.png
CLM-2026-00541,val,Invalid Claim,v1,claim_cards/val/Invalid Claim/CLM-2026-00541_v1.png,CLM-2026-00541_v1.png
CLM-2026-01146,val,Manual Review,v1,claim_cards/val/Manual Review/CLM-2026-01146_v1.png,CLM-2026-01146_v1.png
CLM-2026-00999,val,Invalid Claim,v1,claim_cards/val/Invalid Claim/CLM-2026-00999_v1.png,CLM-2026-00999_v1.png
CLM-2026-00227,val,Valid Claim,v1,claim_cards/val/Valid Claim/CLM-2026-00227_v1.png,CLM-2026-00227_v1.png
CLM-2026-00939,val,Invalid Claim,v1,claim_cards/val/Invalid Claim/CLM-2026-00939_v1.png,CLM-2026-00939_v1.png
CLM-2026-01246,val,Manual Review,v1,claim_cards/val/Manual Review/CLM-2026-01246_v1.png,CLM-2026-01246_v1.png
CLM-2026-00337,val,Valid Claim,v1,claim_cards/val/Valid Claim/CLM-2026-00337_v1.png,CLM-2026-00337_v1.png
CLM-2026-00462,val,Valid Claim,v1,claim_cards/val/Valid Claim/CLM-2026-00462_v1.png,CLM-2026-00462_v1.png
CLM-2026-00742,val,Invalid Claim,v1,claim_cards/val/Invalid Claim/CLM-2026-00742_v1.png,CLM-2026-00742_v1.png
CLM-2026-00034,val,Valid Claim,v1,claim_cards/val/Valid Claim/CLM-2026-00034_v1.png,CLM-2026-00034_v1.png
CLM-2026-00504,val,Invalid Claim,v1,claim_cards/val/Invalid Claim/CLM-2026-00504_v1.png,CLM-2026-00504_v1.png
CLM-2026-00732,val,Invalid Claim,v1,claim_cards/val/Invalid Claim/CLM-2026-00732_v1.png,CLM-2026-00732_v1.png
CLM-2026-01255,val,Manual Review,v1,claim_cards/val/Manual Review/CLM-2026-01255_v1.png,CLM-2026-01255_v1.png
CLM-2026-00877,val,Invalid Claim,v1,claim_cards/val/Invalid Claim/CLM-2026-00877_v1.png,CLM-2026-00877_v1.png
CLM-2026-01278,val,Manual Review,v1,claim_cards/val/Manual Review/CLM-2026-01278_v1.png,CLM-2026-01278_v1.png
CLM-2026-00677,val,Invalid Claim,v1,claim_cards/val/Invalid Claim/CLM-2026-00677_v1.png,CLM-2026-00677_v1.png
CLM-2026-00443,val,Valid Claim,v1,claim_cards/val/Valid Claim/CLM-2026-00443_v1.png,CLM-2026-00443_v1.png
CLM-2026-00416,val,Valid Claim,v1,claim_cards/val/Valid Claim/CLM-2026-00416_v1.png,CLM-2026-00416_v1.png
CLM-2026-01478,val,Manual Review,v1,claim_cards/val/Manual Review/CLM-2026-01478_v1.png,CLM-2026-01478_v1.png
CLM-2026-00783,val,Invalid Claim,v1,claim_cards/val/Invalid Claim/CLM-2026-00783_v1.png,CLM-2026-00783_v1.png
CLM-2026-00351,val,Valid Claim,v1,claim_cards/val/Valid Claim/CLM-2026-00351_v1.png,CLM-2026-00351_v1.png
CLM-2026-00873,val,Invalid Claim,v1,claim_cards/val/Invalid Claim/CLM-2026-00873_v1.png,CLM-2026-00873_v1.png
CLM-2026-01184,val,Manual Review,v1,claim_cards/val/Manual Review/CLM-2026-01184_v1.png,CLM-2026-01184_v1.png
CLM-2026-00009,val,Valid Claim,v1,claim_cards/val/Valid Claim/CLM-2026-00009_v1.png,CLM-2026-00009_v1.png
CLM-2026-00623,val,Invalid Claim,v1,claim_cards/val/Invalid Claim/CLM-2026-00623_v1.png,CLM-2026-00623_v1.png
CLM-2026-01369,val,Manual Review,v1,claim_cards/val/Manual Review/CLM-2026-01369_v1.png,CLM-2026-01369_v1.png
CLM-2026-00234,val,Valid Claim,v1,claim_cards/val/Valid Claim/CLM-2026-00234_v1.png,CLM-2026-00234_v1.png
CLM-2026-00887,val,Invalid Claim,v1,claim_cards/val/Invalid Claim/CLM-2026-00887_v1.png,CLM-2026-00887_v1.png
CLM-2026-01169,val,Manual Review,v1,claim_cards/val/Manual Review/CLM-2026-01169_v1.png,CLM-2026-01169_v1.png
CLM-2026-00734,val,Invalid Claim,v1,claim_cards/val/Invalid Claim/CLM-2026-00734_v1.png,CLM-2026-00734_v1.png
CLM-2026-01023,val,Manual Review,v1,claim_cards/val/Manual Review/CLM-2026-01023_v1.png,CLM-2026-01023_v1.png
CLM-2026-00303,val,Valid Claim,v1,claim_cards/val/Valid Claim/CLM-2026-00303_v1.png,CLM-2026-00303_v1.png
CLM-2026-00348,val,Valid Claim,v1,claim_cards/val/Valid Claim/CLM-2026-00348_v1.png,CLM-2026-00348_v1.png
CLM-2026-00105,val,Valid Claim,v1,claim_cards/val/Valid Claim/CLM-2026-00105_v1.png,CLM-2026-00105_v1.png
CLM-2026-00990,val,Invalid Claim,v1,claim_cards/val/Invalid Claim/CLM-2026-00990_v1.png,CLM-2026-00990_v1.png
CLM-2026-01358,val,Manual Review,v1,claim_cards/val/Manual Review/CLM-2026-01358_v1.png,CLM-2026-01358_v1.png
CLM-2026-00503,val,Invalid Claim,v1,claim_cards/val/Invalid Claim/CLM-2026-00503_v1.png,CLM-2026-00503_v1.png
CLM-2026-00982,val,Invalid Claim,v1,claim_cards/val/Invalid Claim/CLM-2026-00982_v1.png,CLM-2026-00982_v1.png
CLM-2026-01074,val,Manual Review,v1,claim_cards/val/Manual Review/CLM-2026-01074_v1.png,CLM-2026-01074_v1.png
CLM-2026-01167,val,Manual Review,v1,claim_cards/val/Manual Review/CLM-2026-01167_v1.png,CLM-2026-01167_v1.png
CLM-2026-01133,val,Manual Review,v1,claim_cards/val/Manual Review/CLM-2026-01133_v1.png,CLM-2026-01133_v1.png
CLM-2026-00086,val,Valid Claim,v1,claim_cards/val/Valid Claim/CLM-2026-00086_v1.png,CLM-2026-00086_v1.png
CLM-2026-00475,val,Valid Claim,v1,claim_cards/val/Valid Claim/CLM-2026-00475_v1.png,CLM-2026-00475_v1.png
CLM-2026-01192,val,Manual Review,v1,claim_cards/val/Manual Review/CLM-2026-01192_v1.png,CLM-2026-01192_v1.png
CLM-2026-00661,val,Invalid Claim,v1,claim_cards/val/Invalid Claim/CLM-2026-00661_v1.png,CLM-2026-00661_v1.png
CLM-2026-00918,val,Invalid Claim,v1,claim_cards/val/Invalid Claim/CLM-2026-00918_v1.png,CLM-2026-00918_v1.png
CLM-2026-00595,val,Invalid Claim,v1,claim_cards/val/Invalid Claim/CLM-2026-00595_v1.png,CLM-2026-00595_v1.png
CLM-2026-00191,val,Valid Claim,v1,claim_cards/val/Valid Claim/CLM-2026-00191_v1.png,CLM-2026-00191_v1.png
CLM-2026-01451,val,Manual Review,v1,claim_cards/val/Manual Review/CLM-2026-01451_v1.png,CLM-2026-01451_v1.png
CLM-2026-00948,val,Invalid Claim,v1,claim_cards/val/Invalid Claim/CLM-2026-00948_v1.png,CLM-2026-00948_v1.png
CLM-2026-00437,val,Valid Claim,v1,claim_cards/val/Valid Claim/CLM-2026-00437_v1.png,CLM-2026-00437_v1.png
CLM-2026-00777,val,Invalid Claim,v1,claim_cards/val/Invalid Claim/CLM-2026-00777_v1.png,CLM-2026-00777_v1.png
CLM-2026-00473,val,Valid Claim,v1,claim_cards/val/Valid Claim/CLM-2026-00473_v1.png,CLM-2026-00473_v1.png
CLM-2026-01024,val,Manual Review,v1,claim_cards/val/Manual Review/CLM-2026-01024_v1.png,CLM-2026-01024_v1.png
CLM-2026-00108,val,Valid Claim,v1,claim_cards/val/Valid Claim/CLM-2026-00108_v1.png,CLM-2026-00108_v1.png
CLM-2026-00361,val,Valid Claim,v1,claim_cards/val/Valid Claim/CLM-2026-00361_v1.png,CLM-2026-00361_v1.png
CLM-2026-00981,val,Invalid Claim,v1,claim_cards/val/Invalid Claim/CLM-2026-00981_v1.png,CLM-2026-00981_v1.png
CLM-2026-00687,val,Invalid Claim,v1,claim_cards/val/Invalid Claim/CLM-2026-00687_v1.png,CLM-2026-00687_v1.png
CLM-2026-01200,val,Manual Review,v1,claim_cards/val/Manual Review/CLM-2026-01200_v1.png,CLM-2026-01200_v1.png
CLM-2026-00916,val,Invalid Claim,v1,claim_cards/val/Invalid Claim/CLM-2026-00916_v1.png,CLM-2026-00916_v1.png
CLM-2026-00259,val,Valid Claim,v1,claim_cards/val/Valid Claim/CLM-2026-00259_v1.png,CLM-2026-00259_v1.png
CLM-2026-00123,val,Valid Claim,v1,claim_cards/val/Valid Claim/CLM-2026-00123_v1.png,CLM-2026-00123_v1.png
CLM-2026-00109,val,Valid Claim,v1,claim_cards/val/Valid Claim/CLM-2026-00109_v1.png,CLM-2026-00109_v1.png
CLM-2026-00002,val,Valid Claim,v1,claim_cards/val/Valid Claim/CLM-2026-00002_v1.png,CLM-2026-00002_v1.png
CLM-2026-00932,val,Invalid Claim,v1,claim_cards/val/Invalid Claim/CLM-2026-00932_v1.png,CLM-2026-00932_v1.png
CLM-2026-00667,val,Invalid Claim,v1,claim_cards/val/Invalid Claim/CLM-2026-00667_v1.png,CLM-2026-00667_v1.png
CLM-2026-01115,val,Manual Review,v1,claim_cards/val/Manual Review/CLM-2026-01115_v1.png,CLM-2026-01115_v1.png
CLM-2026-00929,val,Invalid Claim,v1,claim_cards/val/Invalid Claim/CLM-2026-00929_v1.png,CLM-2026-00929_v1.png
CLM-2026-00754,val,Invalid Claim,v1,claim_cards/val/Invalid Claim/CLM-2026-00754_v1.png,CLM-2026-00754_v1.png
CLM-2026-00304,val,Valid Claim,v1,claim_cards/val/Valid Claim/CLM-2026-00304_v1.png,CLM-2026-00304_v1.png
CLM-2026-00325,val,Valid Claim,v1,claim_cards/val/Valid Claim/CLM-2026-00325_v1.png,CLM-2026-00325_v1.png
CLM-2026-00355,val,Valid Claim,v1,claim_cards/val/Valid Claim/CLM-2026-00355_v1.png,CLM-2026-00355_v1.png
CLM-2026-00380,val,Valid Claim,v1,claim_cards/val/Valid Claim/CLM-2026-00380_v1.png,CLM-2026-00380_v1.png
CLM-2026-01438,val,Manual Review,v1,claim_cards/val/Manual Review/CLM-2026-01438_v1.png,CLM-2026-01438_v1.png
CLM-2026-00637,val,Invalid Claim,v1,claim_cards/val/Invalid Claim/CLM-2026-00637_v1.png,CLM-2026-00637_v1.png
CLM-2026-00151,val,Valid Claim,v1,claim_cards/val/Valid Claim/CLM-2026-00151_v1.png,CLM-2026-00151_v1.png
CLM-2026-00125,val,Valid Claim,v1,claim_cards/val/Valid Claim/CLM-2026-00125_v1.png,CLM-2026-00125_v1.png
CLM-2026-00801,val,Invalid Claim,v1,claim_cards/val/Invalid Claim/CLM-2026-00801_v1.png,CLM-2026-00801_v1.png
CLM-2026-00643,val,Invalid Claim,v1,claim_cards/val/Invalid Claim/CLM-2026-00643_v1.png,CLM-2026-00643_v1.png
CLM-2026-01406,val,Manual Review,v1,claim_cards/val/Manual Review/CLM-2026-01406_v1.png,CLM-2026-01406_v1.png
CLM-2026-01185,val,Manual Review,v1,claim_cards/val/Manual Review/CLM-2026-01185_v1.png,CLM-2026-01185_v1.png
CLM-2026-00027,val,Valid Claim,v1,claim_cards/val/Valid Claim/CLM-2026-00027_v1.png,CLM-2026-00027_v1.png
CLM-2026-01306,val,Manual Review,v1,claim_cards/val/Manual Review/CLM-2026-01306_v1.png,CLM-2026-01306_v1.png
CLM-2026-01424,val,Manual Review,v1,claim_cards/val/Manual Review/CLM-2026-01424_v1.png,CLM-2026-01424_v1.png
CLM-2026-01276,val,Manual Review,v1,claim_cards/val/Manual Review/CLM-2026-01276_v1.png,CLM-2026-01276_v1.png
CLM-2026-01218,val,Manual Review,v1,claim_cards/val/Manual Review/CLM-2026-01218_v1.png,CLM-2026-01218_v1.png
CLM-2026-00201,val,Valid Claim,v1,claim_cards/val/Valid Claim/CLM-2026-00201_v1.png,CLM-2026-00201_v1.png
CLM-2026-00897,val,Invalid Claim,v1,claim_cards/val/Invalid Claim/CLM-2026-00897_v1.png,CLM-2026-00897_v1.png
CLM-2026-00159,val,Valid Claim,v1,claim_cards/val/Valid Claim/CLM-2026-00159_v1.png,CLM-2026-00159_v1.png
CLM-2026-01292,val,Manual Review,v1,claim_cards/val/Manual Review/CLM-2026-01292_v1.png,CLM-2026-01292_v1.png
CLM-2026-00104,val,Valid Claim,v1,claim_cards/val/Valid Claim/CLM-2026-00104_v1.png,CLM-2026-00104_v1.png
CLM-2026-00755,val,Invalid Claim,v1,claim_cards/val/Invalid Claim/CLM-2026-00755_v1.png,CLM-2026-00755_v1.png
CLM-2026-00332,val,Valid Claim,v1,claim_cards/val/Valid Claim/CLM-2026-00332_v1.png,CLM-2026-00332_v1.png
CLM-2026-00633,val,Invalid Claim,v1,claim_cards/val/Invalid Claim/CLM-2026-00633_v1.png,CLM-2026-00633_v1.png
CLM-2026-01476,val,Manual Review,v1,claim_cards/val/Manual Review/CLM-2026-01476_v1.png,CLM-2026-01476_v1.png
CLM-2026-00583,val,Invalid Claim,v1,claim_cards/val/Invalid Claim/CLM-2026-00583_v1.png,CLM-2026-00583_v1.png
CLM-2026-01348,val,Manual Review,v1,claim_cards/val/Manual Review/CLM-2026-01348_v1.png,CLM-2026-01348_v1.png
CLM-2026-00110,val,Valid Claim,v1,claim_cards/val/Valid Claim/CLM-2026-00110_v1.png,CLM-2026-00110_v1.png
CLM-2026-01356,val,Manual Review,v1,claim_cards/val/Manual Review/CLM-2026-01356_v1.png,CLM-2026-01356_v1.png
CLM-2026-00942,test,Invalid Claim,v1,claim_cards/test/Invalid Claim/CLM-2026-00942_v1.png,CLM-2026-00942_v1.png
CLM-2026-00225,test,Valid Claim,v1,claim_cards/test/Valid Claim/CLM-2026-00225_v1.png,CLM-2026-00225_v1.png
CLM-2026-01447,test,Manual Review,v1,claim_cards/test/Manual Review/CLM-2026-01447_v1.png,CLM-2026-01447_v1.png
CLM-2026-00457,test,Valid Claim,v1,claim_cards/test/Valid Claim/CLM-2026-00457_v1.png,CLM-2026-00457_v1.png
CLM-2026-01258,test,Manual Review,v1,claim_cards/test/Manual Review/CLM-2026-01258_v1.png,CLM-2026-01258_v1.png
CLM-2026-00015,test,Valid Claim,v1,claim_cards/test/Valid Claim/CLM-2026-00015_v1.png,CLM-2026-00015_v1.png
CLM-2026-00326,test,Valid Claim,v1,claim_cards/test/Valid Claim/CLM-2026-00326_v1.png,CLM-2026-00326_v1.png
CLM-2026-01394,test,Manual Review,v1,claim_cards/test/Manual Review/CLM-2026-01394_v1.png,CLM-2026-01394_v1.png
CLM-2026-00079,test,Valid Claim,v1,claim_cards/test/Valid Claim/CLM-2026-00079_v1.png,CLM-2026-00079_v1.png
CLM-2026-00249,test,Valid Claim,v1,claim_cards/test/Valid Claim/CLM-2026-00249_v1.png,CLM-2026-00249_v1.png
CLM-2026-00947,test,Invalid Claim,v1,claim_cards/test/Invalid Claim/CLM-2026-00947_v1.png,CLM-2026-00947_v1.png
CLM-2026-00629,test,Invalid Claim,v1,claim_cards/test/Invalid Claim/CLM-2026-00629_v1.png,CLM-2026-00629_v1.png
CLM-2026-00438,test,Valid Claim,v1,claim_cards/test/Valid Claim/CLM-2026-00438_v1.png,CLM-2026-00438_v1.png
CLM-2026-00546,test,Invalid Claim,v1,claim_cards/test/Invalid Claim/CLM-2026-00546_v1.png,CLM-2026-00546_v1.png
CLM-2026-00757,test,Invalid Claim,v1,claim_cards/test/Invalid Claim/CLM-2026-00757_v1.png,CLM-2026-00757_v1.png
CLM-2026-00724,test,Invalid Claim,v1,claim_cards/test/Invalid Claim/CLM-2026-00724_v1.png,CLM-2026-00724_v1.png
CLM-2026-00708,test,Invalid Claim,v1,claim_cards/test/Invalid Claim/CLM-2026-00708_v1.png,CLM-2026-00708_v1.png
CLM-2026-00275,test,Valid Claim,v1,claim_cards/test/Valid Claim/CLM-2026-00275_v1.png,CLM-2026-00275_v1.png
CLM-2026-01426,test,Manual Review,v1,claim_cards/test/Manual Review/CLM-2026-01426_v1.png,CLM-2026-01426_v1.png
CLM-2026-00031,test,Valid Claim,v1,claim_cards/test/Valid Claim/CLM-2026-00031_v1.png,CLM-2026-00031_v1.png
CLM-2026-01323,test,Manual Review,v1,claim_cards/test/Manual Review/CLM-2026-01323_v1.png,CLM-2026-01323_v1.png
CLM-2026-00745,test,Invalid Claim,v1,claim_cards/test/Invalid Claim/CLM-2026-00745_v1.png,CLM-2026-00745_v1.png
CLM-2026-00224,test,Valid Claim,v1,claim_cards/test/Valid Claim/CLM-2026-00224_v1.png,CLM-2026-00224_v1.png
CLM-2026-00427,test,Valid Claim,v1,claim_cards/test/Valid Claim/CLM-2026-00427_v1.png,CLM-2026-00427_v1.png
CLM-2026-01058,test,Manual Review,v1,claim_cards/test/Manual Review/CLM-2026-01058_v1.png,CLM-2026-01058_v1.png
CLM-2026-01231,test,Manual Review,v1,claim_cards/test/Manual Review/CLM-2026-01231_v1.png,CLM-2026-01231_v1.png
CLM-2026-00041,test,Valid Claim,v1,claim_cards/test/Valid Claim/CLM-2026-00041_v1.png,CLM-2026-00041_v1.png
CLM-2026-00173,test,Valid Claim,v1,claim_cards/test/Valid Claim/CLM-2026-00173_v1.png,CLM-2026-00173_v1.png
CLM-2026-00362,test,Valid Claim,v1,claim_cards/test/Valid Claim/CLM-2026-00362_v1.png,CLM-2026-00362_v1.png
CLM-2026-01072,test,Manual Review,v1,claim_cards/test/Manual Review/CLM-2026-01072_v1.png,CLM-2026-01072_v1.png
CLM-2026-01018,test,Manual Review,v1,claim_cards/test/Manual Review/CLM-2026-01018_v1.png,CLM-2026-01018_v1.png
CLM-2026-01346,test,Manual Review,v1,claim_cards/test/Manual Review/CLM-2026-01346_v1.png,CLM-2026-01346_v1.png
CLM-2026-00512,test,Invalid Claim,v1,claim_cards/test/Invalid Claim/CLM-2026-00512_v1.png,CLM-2026-00512_v1.png
CLM-2026-00005,test,Valid Claim,v1,claim_cards/test/Valid Claim/CLM-2026-00005_v1.png,CLM-2026-00005_v1.png
CLM-2026-00367,test,Valid Claim,v1,claim_cards/test/Valid Claim/CLM-2026-00367_v1.png,CLM-2026-00367_v1.png
CLM-2026-01214,test,Manual Review,v1,claim_cards/test/Manual Review/CLM-2026-01214_v1.png,CLM-2026-01214_v1.png
CLM-2026-00119,test,Valid Claim,v1,claim_cards/test/Valid Claim/CLM-2026-00119_v1.png,CLM-2026-00119_v1.png
CLM-2026-01203,test,Manual Review,v1,claim_cards/test/Manual Review/CLM-2026-01203_v1.png,CLM-2026-01203_v1.png
CLM-2026-01490,test,Manual Review,v1,claim_cards/test/Manual Review/CLM-2026-01490_v1.png,CLM-2026-01490_v1.png
CLM-2026-01221,test,Manual Review,v1,claim_cards/test/Manual Review/CLM-2026-01221_v1.png,CLM-2026-01221_v1.png
CLM-2026-01127,test,Manual Review,v1,claim_cards/test/Manual Review/CLM-2026-01127_v1.png,CLM-2026-01127_v1.png
CLM-2026-00028,test,Valid Claim,v1,claim_cards/test/Valid Claim/CLM-2026-00028_v1.png,CLM-2026-00028_v1.png
CLM-2026-01032,test,Manual Review,v1,claim_cards/test/Manual Review/CLM-2026-01032_v1.png,CLM-2026-01032_v1.png
CLM-2026-00233,test,Valid Claim,v1,claim_cards/test/Valid Claim/CLM-2026-00233_v1.png,CLM-2026-00233_v1.png
CLM-2026-01106,test,Manual Review,v1,claim_cards/test/Manual Review/CLM-2026-01106_v1.png,CLM-2026-01106_v1.png
CLM-2026-00440,test,Valid Claim,v1,claim_cards/test/Valid Claim/CLM-2026-00440_v1.png,CLM-2026-00440_v1.png
CLM-2026-00655,test,Invalid Claim,v1,claim_cards/test/Invalid Claim/CLM-2026-00655_v1.png,CLM-2026-00655_v1.png
CLM-2026-00530,test,Invalid Claim,v1,claim_cards/test/Invalid Claim/CLM-2026-00530_v1.png,CLM-2026-00530_v1.png
CLM-2026-01156,test,Manual Review,v1,claim_cards/test/Manual Review/CLM-2026-01156_v1.png,CLM-2026-01156_v1.png
CLM-2026-01036,test,Manual Review,v1,claim_cards/test/Manual Review/CLM-2026-01036_v1.png,CLM-2026-01036_v1.png
CLM-2026-00357,test,Valid Claim,v1,claim_cards/test/Valid Claim/CLM-2026-00357_v1.png,CLM-2026-00357_v1.png
CLM-2026-01204,test,Manual Review,v1,claim_cards/test/Manual Review/CLM-2026-01204_v1.png,CLM-2026-01204_v1.png
CLM-2026-01062,test,Manual Review,v1,claim_cards/test/Manual Review/CLM-2026-01062_v1.png,CLM-2026-01062_v1.png
CLM-2026-01465,test,Manual Review,v1,claim_cards/test/Manual Review/CLM-2026-01465_v1.png,CLM-2026-01465_v1.png
CLM-2026-01212,test,Manual Review,v1,claim_cards/test/Manual Review/CLM-2026-01212_v1.png,CLM-2026-01212_v1.png
CLM-2026-00729,test,Invalid Claim,v1,claim_cards/test/Invalid Claim/CLM-2026-00729_v1.png,CLM-2026-00729_v1.png
CLM-2026-00658,test,Invalid Claim,v1,claim_cards/test/Invalid Claim/CLM-2026-00658_v1.png,CLM-2026-00658_v1.png
CLM-2026-01499,test,Manual Review,v1,claim_cards/test/Manual Review/CLM-2026-01499_v1.png,CLM-2026-01499_v1.png
CLM-2026-00088,test,Valid Claim,v1,claim_cards/test/Valid Claim/CLM-2026-00088_v1.png,CLM-2026-00088_v1.png
CLM-2026-00436,test,Valid Claim,v1,claim_cards/test/Valid Claim/CLM-2026-00436_v1.png,CLM-2026-00436_v1.png
CLM-2026-00826,test,Invalid Claim,v1,claim_cards/test/Invalid Claim/CLM-2026-00826_v1.png,CLM-2026-00826_v1.png
CLM-2026-00977,test,Invalid Claim,v1,claim_cards/test/Invalid Claim/CLM-2026-00977_v1.png,CLM-2026-00977_v1.png
CLM-2026-00767,test,Invalid Claim,v1,claim_cards/test/Invalid Claim/CLM-2026-00767_v1.png,CLM-2026-00767_v1.png
CLM-2026-00885,test,Invalid Claim,v1,claim_cards/test/Invalid Claim/CLM-2026-00885_v1.png,CLM-2026-00885_v1.png
CLM-2026-01131,test,Manual Review,v1,claim_cards/test/Manual Review/CLM-2026-01131_v1.png,CLM-2026-01131_v1.png
CLM-2026-00861,test,Invalid Claim,v1,claim_cards/test/Invalid Claim/CLM-2026-00861_v1.png,CLM-2026-00861_v1.png
CLM-2026-00952,test,Invalid Claim,v1,claim_cards/test/Invalid Claim/CLM-2026-00952_v1.png,CLM-2026-00952_v1.png
CLM-2026-00802,test,Invalid Claim,v1,claim_cards/test/Invalid Claim/CLM-2026-00802_v1.png,CLM-2026-00802_v1.png
CLM-2026-00507,test,Invalid Claim,v1,claim_cards/test/Invalid Claim/CLM-2026-00507_v1.png,CLM-2026-00507_v1.png
CLM-2026-01474,test,Manual Review,v1,claim_cards/test/Manual Review/CLM-2026-01474_v1.png,CLM-2026-01474_v1.png
CLM-2026-01121,test,Manual Review,v1,claim_cards/test/Manual Review/CLM-2026-01121_v1.png,CLM-2026-01121_v1.png
CLM-2026-01179,test,Manual Review,v1,claim_cards/test/Manual Review/CLM-2026-01179_v1.png,CLM-2026-01179_v1.png
CLM-2026-00632,test,Invalid Claim,v1,claim_cards/test/Invalid Claim/CLM-2026-00632_v1.png,CLM-2026-00632_v1.png
CLM-2026-01496,test,Manual Review,v1,claim_cards/test/Manual Review/CLM-2026-01496_v1.png,CLM-2026-01496_v1.png
CLM-2026-00389,test,Valid Claim,v1,claim_cards/test/Valid Claim/CLM-2026-00389_v1.png,CLM-2026-00389_v1.png
CLM-2026-00187,test,Valid Claim,v1,claim_cards/test/Valid Claim/CLM-2026-00187_v1.png,CLM-2026-00187_v1.png
CLM-2026-00682,test,Invalid Claim,v1,claim_cards/test/Invalid Claim/CLM-2026-00682_v1.png,CLM-2026-00682_v1.png
CLM-2026-00768,test,Invalid Claim,v1,claim_cards/test/Invalid Claim/CLM-2026-00768_v1.png,CLM-2026-00768_v1.png
CLM-2026-00577,test,Invalid Claim,v1,claim_cards/test/Invalid Claim/CLM-2026-00577_v1.png,CLM-2026-00577_v1.png
CLM-2026-00579,test,Invalid Claim,v1,claim_cards/test/Invalid Claim/CLM-2026-00579_v1.png,CLM-2026-00579_v1.png
CLM-2026-00653,test,Invalid Claim,v1,claim_cards/test/Invalid Claim/CLM-2026-00653_v1.png,CLM-2026-00653_v1.png
CLM-2026-01428,test,Manual Review,v1,claim_cards/test/Manual Review/CLM-2026-01428_v1.png,CLM-2026-01428_v1.png
CLM-2026-01016,test,Manual Review,v1,claim_cards/test/Manual Review/CLM-2026-01016_v1.png,CLM-2026-01016_v1.png
CLM-2026-00078,test,Valid Claim,v1,claim_cards/test/Valid Claim/CLM-2026-00078_v1.png,CLM-2026-00078_v1.png
CLM-2026-00761,test,Invalid Claim,v1,claim_cards/test/Invalid Claim/CLM-2026-00761_v1.png,CLM-2026-00761_v1.png
CLM-2026-00220,test,Valid Claim,v1,claim_cards/test/Valid Claim/CLM-2026-00220_v1.png,CLM-2026-00220_v1.png
CLM-2026-00089,test,Valid Claim,v1,claim_cards/test/Valid Claim/CLM-2026-00089_v1.png,CLM-2026-00089_v1.png
CLM-2026-01038,test,Manual Review,v1,claim_cards/test/Manual Review/CLM-2026-01038_v1.png,CLM-2026-01038_v1.png
CLM-2026-00523,test,Invalid Claim,v1,claim_cards/test/Invalid Claim/CLM-2026-00523_v1.png,CLM-2026-00523_v1.png
CLM-2026-01483,test,Manual Review,v1,claim_cards/test/Manual Review/CLM-2026-01483_v1.png,CLM-2026-01483_v1.png
CLM-2026-01482,test,Manual Review,v1,claim_cards/test/Manual Review/CLM-2026-01482_v1.png,CLM-2026-01482_v1.png
CLM-2026-01456,test,Manual Review,v1,claim_cards/test/Manual Review/CLM-2026-01456_v1.png,CLM-2026-01456_v1.png
CLM-2026-00100,test,Valid Claim,v1,claim_cards/test/Valid Claim/CLM-2026-00100_v1.png,CLM-2026-00100_v1.png
CLM-2026-00756,test,Invalid Claim,v1,claim_cards/test/Invalid Claim/CLM-2026-00756_v1.png,CLM-2026-00756_v1.png
CLM-2026-00309,test,Valid Claim,v1,claim_cards/test/Valid Claim/CLM-2026-00309_v1.png,CLM-2026-00309_v1.png
CLM-2026-00205,test,Valid Claim,v1,claim_cards/test/Valid Claim/CLM-2026-00205_v1.png,CLM-2026-00205_v1.png
CLM-2026-01040,test,Manual Review,v1,claim_cards/test/Manual Review/CLM-2026-01040_v1.png,CLM-2026-01040_v1.png
CLM-2026-00619,test,Invalid Claim,v1,claim_cards/test/Invalid Claim/CLM-2026-00619_v1.png,CLM-2026-00619_v1.png
CLM-2026-00987,test,Invalid Claim,v1,claim_cards/test/Invalid Claim/CLM-2026-00987_v1.png,CLM-2026-00987_v1.png
CLM-2026-01135,test,Manual Review,v1,claim_cards/test/Manual Review/CLM-2026-01135_v1.png,CLM-2026-01135_v1.png
CLM-2026-00646,test,Invalid Claim,v1,claim_cards/test/Invalid Claim/CLM-2026-00646_v1.png,CLM-2026-00646_v1.png
CLM-2026-01150,test,Manual Review,v1,claim_cards/test/Manual Review/CLM-2026-01150_v1.png,CLM-2026-01150_v1.png
CLM-2026-01363,test,Manual Review,v1,claim_cards/test/Manual Review/CLM-2026-01363_v1.png,CLM-2026-01363_v1.png
CLM-2026-01052,test,Manual Review,v1,claim_cards/test/Manual Review/CLM-2026-01052_v1.png,CLM-2026-01052_v1.png
CLM-2026-00481,test,Valid Claim,v1,claim_cards/test/Valid Claim/CLM-2026-00481_v1.png,CLM-2026-00481_v1.png
CLM-2026-01028,test,Manual Review,v1,claim_cards/test/Manual Review/CLM-2026-01028_v1.png,CLM-2026-01028_v1.png
CLM-2026-01317,test,Manual Review,v1,claim_cards/test/Manual Review/CLM-2026-01317_v1.png,CLM-2026-01317_v1.png
CLM-2026-00495,test,Valid Claim,v1,claim_cards/test/Valid Claim/CLM-2026-00495_v1.png,CLM-2026-00495_v1.png
CLM-2026-00352,test,Valid Claim,v1,claim_cards/test/Valid Claim/CLM-2026-00352_v1.png,CLM-2026-00352_v1.png
CLM-2026-01298,test,Manual Review,v1,claim_cards/test/Manual Review/CLM-2026-01298_v1.png,CLM-2026-01298_v1.png
CLM-2026-00675,test,Invalid Claim,v1,claim_cards/test/Invalid Claim/CLM-2026-00675_v1.png,CLM-2026-00675_v1.png
CLM-2026-01291,test,Manual Review,v1,claim_cards/test/Manual Review/CLM-2026-01291_v1.png,CLM-2026-01291_v1.png
CLM-2026-00613,test,Invalid Claim,v1,claim_cards/test/Invalid Claim/CLM-2026-00613_v1.png,CLM-2026-00613_v1.png
CLM-2026-00714,test,Invalid Claim,v1,claim_cards/test/Invalid Claim/CLM-2026-00714_v1.png,CLM-2026-00714_v1.png
CLM-2026-01205,test,Manual Review,v1,claim_cards/test/Manual Review/CLM-2026-01205_v1.png,CLM-2026-01205_v1.png
CLM-2026-00456,test,Valid Claim,v1,claim_cards/test/Valid Claim/CLM-2026-00456_v1.png,CLM-2026-00456_v1.png
CLM-2026-00806,test,Invalid Claim,v1,claim_cards/test/Invalid Claim/CLM-2026-00806_v1.png,CLM-2026-00806_v1.png
CLM-2026-00906,test,Invalid Claim,v1,claim_cards/test/Invalid Claim/CLM-2026-00906_v1.png,CLM-2026-00906_v1.png
CLM-2026-00204,test,Valid Claim,v1,claim_cards/test/Valid Claim/CLM-2026-00204_v1.png,CLM-2026-00204_v1.png
CLM-2026-00090,test,Valid Claim,v1,claim_cards/test/Valid Claim/CLM-2026-00090_v1.png,CLM-2026-00090_v1.png
CLM-2026-00758,test,Invalid Claim,v1,claim_cards/test/Invalid Claim/CLM-2026-00758_v1.png,CLM-2026-00758_v1.png
CLM-2026-00581,test,Invalid Claim,v1,claim_cards/test/Invalid Claim/CLM-2026-00581_v1.png,CLM-2026-00581_v1.png
CLM-2026-01077,test,Manual Review,v1,claim_cards/test/Manual Review/CLM-2026-01077_v1.png,CLM-2026-01077_v1.png
CLM-2026-00189,test,Valid Claim,v1,claim_cards/test/Valid Claim/CLM-2026-00189_v1.png,CLM-2026-00189_v1.png
CLM-2026-00122,test,Valid Claim,v1,claim_cards/test/Valid Claim/CLM-2026-00122_v1.png,CLM-2026-00122_v1.png
CLM-2026-00346,test,Valid Claim,v1,claim_cards/test/Valid Claim/CLM-2026-00346_v1.png,CLM-2026-00346_v1.png
CLM-2026-00609,test,Invalid Claim,v1,claim_cards/test/Invalid Claim/CLM-2026-00609_v1.png,CLM-2026-00609_v1.png
CLM-2026-01092,test,Manual Review,v1,claim_cards/test/Manual Review/CLM-2026-01092_v1.png,CLM-2026-01092_v1.png
CLM-2026-00574,test,Invalid Claim,v1,claim_cards/test/Invalid Claim/CLM-2026-00574_v1.png,CLM-2026-00574_v1.png
CLM-2026-00085,test,Valid Claim,v1,claim_cards/test/Valid Claim/CLM-2026-00085_v1.png,CLM-2026-00085_v1.png
CLM-2026-00851,test,Invalid Claim,v1,claim_cards/test/Invalid Claim/CLM-2026-00851_v1.png,CLM-2026-00851_v1.png
CLM-2026-01378,test,Manual Review,v1,claim_cards/test/Manual Review/CLM-2026-01378_v1.png,CLM-2026-01378_v1.png
CLM-2026-00235,test,Valid Claim,v1,claim_cards/test/Valid Claim/CLM-2026-00235_v1.png,CLM-2026-00235_v1.png
CLM-2026-00277,test,Valid Claim,v1,claim_cards/test/Valid Claim/CLM-2026-00277_v1.png,CLM-2026-00277_v1.png
CLM-2026-00810,test,Invalid Claim,v1,claim_cards/test/Invalid Claim/CLM-2026-00810_v1.png,CLM-2026-00810_v1.png
CLM-2026-00092,test,Valid Claim,v1,claim_cards/test/Valid Claim/CLM-2026-00092_v1.png,CLM-2026-00092_v1.png
CLM-2026-00593,test,Invalid Claim,v1,claim_cards/test/Invalid Claim/CLM-2026-00593_v1.png,CLM-2026-00593_v1.png
CLM-2026-00644,test,Invalid Claim,v1,claim_cards/test/Invalid Claim/CLM-2026-00644_v1.png,CLM-2026-00644_v1.png
CLM-2026-01088,test,Manual Review,v1,claim_cards/test/Manual Review/CLM-2026-01088_v1.png,CLM-2026-01088_v1.png
CLM-2026-00674,test,Invalid Claim,v1,claim_cards/test/Invalid Claim/CLM-2026-00674_v1.png,CLM-2026-00674_v1.png
CLM-2026-01227,test,Manual Review,v1,claim_cards/test/Manual Review/CLM-2026-01227_v1.png,CLM-2026-01227_v1.png
CLM-2026-00898,test,Invalid Claim,v1,claim_cards/test/Invalid Claim/CLM-2026-00898_v1.png,CLM-2026-00898_v1.png
CLM-2026-00157,test,Valid Claim,v1,claim_cards/test/Valid Claim/CLM-2026-00157_v1.png,CLM-2026-00157_v1.png
CLM-2026-00301,test,Valid Claim,v1,claim_cards/test/Valid Claim/CLM-2026-00301_v1.png,CLM-2026-00301_v1.png
CLM-2026-01166,test,Manual Review,v1,claim_cards/test/Manual Review/CLM-2026-01166_v1.png,CLM-2026-01166_v1.png
CLM-2026-00886,test,Invalid Claim,v1,claim_cards/test/Invalid Claim/CLM-2026-00886_v1.png,CLM-2026-00886_v1.png
CLM-2026-00410,test,Valid Claim,v1,claim_cards/test/Valid Claim/CLM-2026-00410_v1.png,CLM-2026-00410_v1.png
CLM-2026-00974,test,Invalid Claim,v1,claim_cards/test/Invalid Claim/CLM-2026-00974_v1.png,CLM-2026-00974_v1.png
CLM-2026-01261,test,Manual Review,v1,claim_cards/test/Manual Review/CLM-2026-01261_v1.png,CLM-2026-01261_v1.png
CLM-2026-00313,test,Valid Claim,v1,claim_cards/test/Valid Claim/CLM-2026-00313_v1.png,CLM-2026-00313_v1.png
CLM-2026-00961,test,Invalid Claim,v1,claim_cards/test/Invalid Claim/CLM-2026-00961_v1.png,CLM-2026-00961_v1.png
CLM-2026-01157,test,Manual Review,v1,claim_cards/test/Manual Review/CLM-2026-01157_v1.png,CLM-2026-01157_v1.png
CLM-2026-00397,test,Valid Claim,v1,claim_cards/test/Valid Claim/CLM-2026-00397_v1.png,CLM-2026-00397_v1.png
CLM-2026-00645,test,Invalid Claim,v1,claim_cards/test/Invalid Claim/CLM-2026-00645_v1.png,CLM-2026-00645_v1.png
CLM-2026-01241,test,Manual Review,v1,claim_cards/test/Manual Review/CLM-2026-01241_v1.png,CLM-2026-01241_v1.png
CLM-2026-00787,test,Invalid Claim,v1,claim_cards/test/Invalid Claim/CLM-2026-00787_v1.png,CLM-2026-00787_v1.png
CLM-2026-01210,test,Manual Review,v1,claim_cards/test/Manual Review/CLM-2026-01210_v1.png,CLM-2026-01210_v1.png
CLM-2026-00126,test,Valid Claim,v1,claim_cards/test/Valid Claim/CLM-2026-00126_v1.png,CLM-2026-00126_v1.png
CLM-2026-00176,test,Valid Claim,v1,claim_cards/test/Valid Claim/CLM-2026-00176_v1.png,CLM-2026-00176_v1.png
CLM-2026-00368,test,Valid Claim,v1,claim_cards/test/Valid Claim/CLM-2026-00368_v1.png,CLM-2026-00368_v1.png
CLM-2026-00904,test,Invalid Claim,v1,claim_cards/test/Invalid Claim/CLM-2026-00904_v1.png,CLM-2026-00904_v1.png
CLM-2026-01078,test,Manual Review,v1,claim_cards/test/Manual Review/CLM-2026-01078_v1.png,CLM-2026-01078_v1.png
CLM-2026-00671,test,Invalid Claim,v1,claim_cards/test/Invalid Claim/CLM-2026-00671_v1.png,CLM-2026-00671_v1.png
CLM-2026-00978,test,Invalid Claim,v1,claim_cards/test/Invalid Claim/CLM-2026-00978_v1.png,CLM-2026-00978_v1.png
CLM-2026-01254,test,Manual Review,v1,claim_cards/test/Manual Review/CLM-2026-01254_v1.png,CLM-2026-01254_v1.png
CLM-2026-01319,test,Manual Review,v1,claim_cards/test/Manual Review/CLM-2026-01319_v1.png,CLM-2026-01319_v1.png
CLM-2026-01026,test,Manual Review,v1,claim_cards/test/Manual Review/CLM-2026-01026_v1.png,CLM-2026-01026_v1.png
CLM-2026-00229,test,Valid Claim,v1,claim_cards/test/Valid Claim/CLM-2026-00229_v1.png,CLM-2026-00229_v1.png
CLM-2026-00200,test,Valid Claim,v1,claim_cards/test/Valid Claim/CLM-2026-00200_v1.png,CLM-2026-00200_v1.png
CLM-2026-01253,test,Manual Review,v1,claim_cards/test/Manual Review/CLM-2026-01253_v1.png,CLM-2026-01253_v1.png
CLM-2026-00816,test,Invalid Claim,v1,claim_cards/test/Invalid Claim/CLM-2026-00816_v1.png,CLM-2026-00816_v1.png
CLM-2026-00905,test,Invalid Claim,v1,claim_cards/test/Invalid Claim/CLM-2026-00905_v1.png,CLM-2026-00905_v1.png
CLM-2026-00657,test,Invalid Claim,v1,claim_cards/test/Invalid Claim/CLM-2026-00657_v1.png,CLM-2026-00657_v1.png
CLM-2026-00070,test,Valid Claim,v1,claim_cards/test/Valid Claim/CLM-2026-00070_v1.png,CLM-2026-00070_v1.png
CLM-2026-01183,test,Manual Review,v1,claim_cards/test/Manual Review/CLM-2026-01183_v1.png,CLM-2026-01183_v1.png
CLM-2026-00594,test,Invalid Claim,v1,claim_cards/test/Invalid Claim/CLM-2026-00594_v1.png,CLM-2026-00594_v1.png
CLM-2026-00444,test,Valid Claim,v1,claim_cards/test/Valid Claim/CLM-2026-00444_v1.png,CLM-2026-00444_v1.png
CLM-2026-00605,test,Invalid Claim,v1,claim_cards/test/Invalid Claim/CLM-2026-00605_v1.png,CLM-2026-00605_v1.png
CLM-2026-00247,test,Valid Claim,v1,claim_cards/test/Valid Claim/CLM-2026-00247_v1.png,CLM-2026-00247_v1.png
CLM-2026-01063,test,Manual Review,v1,claim_cards/test/Manual Review/CLM-2026-01063_v1.png,CLM-2026-01063_v1.png
CLM-2026-00478,test,Valid Claim,v1,claim_cards/test/Valid Claim/CLM-2026-00478_v1.png,CLM-2026-00478_v1.png
CLM-2026-00148,test,Valid Claim,v1,claim_cards/test/Valid Claim/CLM-2026-00148_v1.png,CLM-2026-00148_v1.png
CLM-2026-00631,test,Invalid Claim,v1,claim_cards/test/Invalid Claim/CLM-2026-00631_v1.png,CLM-2026-00631_v1.png
CLM-2026-00681,test,Invalid Claim,v1,claim_cards/test/Invalid Claim/CLM-2026-00681_v1.png,CLM-2026-00681_v1.png
CLM-2026-01380,test,Manual Review,v1,claim_cards/test/Manual Review/CLM-2026-01380_v1.png,CLM-2026-01380_v1.png
CLM-2026-00957,test,Invalid Claim,v1,claim_cards/test/Invalid Claim/CLM-2026-00957_v1.png,CLM-2026-00957_v1.png
CLM-2026-00496,test,Valid Claim,v1,claim_cards/test/Valid Claim/CLM-2026-00496_v1.png,CLM-2026-00496_v1.png
CLM-2026-00063,test,Valid Claim,v1,claim_cards/test/Valid Claim/CLM-2026-00063_v1.png,CLM-2026-00063_v1.png
CLM-2026-00004,test,Valid Claim,v1,claim_cards/test/Valid Claim/CLM-2026-00004_v1.png,CLM-2026-00004_v1.png
CLM-2026-00492,test,Valid Claim,v1,claim_cards/test/Valid Claim/CLM-2026-00492_v1.png,CLM-2026-00492_v1.png
CLM-2026-00673,test,Invalid Claim,v1,claim_cards/test/Invalid Claim/CLM-2026-00673_v1.png,CLM-2026-00673_v1.png
CLM-2026-00972,test,Invalid Claim,v1,claim_cards/test/Invalid Claim/CLM-2026-00972_v1.png,CLM-2026-00972_v1.png
CLM-2026-01453,test,Manual Review,v1,claim_cards/test/Manual Review/CLM-2026-01453_v1.png,CLM-2026-01453_v1.png
CLM-2026-00549,test,Invalid Claim,v1,claim_cards/test/Invalid Claim/CLM-2026-00549_v1.png,CLM-2026-00549_v1.png
CLM-2026-00912,test,Invalid Claim,v1,claim_cards/test/Invalid Claim/CLM-2026-00912_v1.png,CLM-2026-00912_v1.png
CLM-2026-00455,test,Valid Claim,v1,claim_cards/test/Valid Claim/CLM-2026-00455_v1.png,CLM-2026-00455_v1.png
CLM-2026-00487,test,Valid Claim,v1,claim_cards/test/Valid Claim/CLM-2026-00487_v1.png,CLM-2026-00487_v1.png
CLM-2026-00142,test,Valid Claim,v1,claim_cards/test/Valid Claim/CLM-2026-00142_v1.png,CLM-2026-00142_v1.png
CLM-2026-00068,test,Valid Claim,v1,claim_cards/test/Valid Claim/CLM-2026-00068_v1.png,CLM-2026-00068_v1.png
CLM-2026-01226,test,Manual Review,v1,claim_cards/test/Manual Review/CLM-2026-01226_v1.png,CLM-2026-01226_v1.png
CLM-2026-00814,test,Invalid Claim,v1,claim_cards/test/Invalid Claim/CLM-2026-00814_v1.png,CLM-2026-00814_v1.png
CLM-2026-00484,test,Valid Claim,v1,claim_cards/test/Valid Claim/CLM-2026-00484_v1.png,CLM-2026-00484_v1.png
CLM-2026-00135,test,Valid Claim,v1,claim_cards/test/Valid Claim/CLM-2026-00135_v1.png,CLM-2026-00135_v1.png
CLM-2026-00980,test,Invalid Claim,v1,claim_cards/test/Invalid Claim/CLM-2026-00980_v1.png,CLM-2026-00980_v1.png
CLM-2026-00901,test,Invalid Claim,v1,claim_cards/test/Invalid Claim/CLM-2026-00901_v1.png,CLM-2026-00901_v1.png
CLM-2026-01305,test,Manual Review,v1,claim_cards/test/Manual Review/CLM-2026-01305_v1.png,CLM-2026-01305_v1.png
CLM-2026-01098,test,Manual Review,v1,claim_cards/test/Manual Review/CLM-2026-01098_v1.png,CLM-2026-01098_v1.png
CLM-2026-00394,test,Valid Claim,v1,claim_cards/test/Valid Claim/CLM-2026-00394_v1.png,CLM-2026-00394_v1.png
CLM-2026-01002,test,Manual Review,v1,claim_cards/test/Manual Review/CLM-2026-01002_v1.png,CLM-2026-01002_v1.png
CLM-2026-01442,test,Manual Review,v1,claim_cards/test/Manual Review/CLM-2026-01442_v1.png,CLM-2026-01442_v1.png
CLM-2026-01392,test,Manual Review,v1,claim_cards/test/Manual Review/CLM-2026-01392_v1.png,CLM-2026-01392_v1.png
CLM-2026-01158,test,Manual Review,v1,claim_cards/test/Manual Review/CLM-2026-01158_v1.png,CLM-2026-01158_v1.png
CLM-2026-00250,test,Valid Claim,v1,claim_cards/test/Valid Claim/CLM-2026-00250_v1.png,CLM-2026-00250_v1.png
CLM-2026-00983,test,Invalid Claim,v1,claim_cards/test/Invalid Claim/CLM-2026-00983_v1.png,CLM-2026-00983_v1.png
CLM-2026-00454,test,Valid Claim,v1,claim_cards/test/Valid Claim/CLM-2026-00454_v1.png,CLM-2026-00454_v1.png
CLM-2026-01013,test,Manual Review,v1,claim_cards/test/Manual Review/CLM-2026-01013_v1.png,CLM-2026-01013_v1.png
CLM-2026-00082,test,Valid Claim,v1,claim_cards/test/Valid Claim/CLM-2026-00082_v1.png,CLM-2026-00082_v1.png
CLM-2026-00511,test,Invalid Claim,v1,claim_cards/test/Invalid Claim/CLM-2026-00511_v1.png,CLM-2026-00511_v1.png
CLM-2026-00384,test,Valid Claim,v1,claim_cards/test/Valid Claim/CLM-2026-00384_v1.png,CLM-2026-00384_v1.png
CLM-2026-00779,test,Invalid Claim,v1,claim_cards/test/Invalid Claim/CLM-2026-00779_v1.png,CLM-2026-00779_v1.png
CLM-2026-01267,test,Manual Review,v1,claim_cards/test/Manual Review/CLM-2026-01267_v1.png,CLM-2026-01267_v1.png
CLM-2026-00913,test,Invalid Claim,v1,claim_cards/test/Invalid Claim/CLM-2026-00913_v1.png,CLM-2026-00913_v1.png
CLM-2026-01382,test,Manual Review,v1,claim_cards/test/Manual Review/CLM-2026-01382_v1.png,CLM-2026-01382_v1.png
CLM-2026-00407,test,Valid Claim,v1,claim_cards/test/Valid Claim/CLM-2026-00407_v1.png,CLM-2026-00407_v1.png
CLM-2026-01334,test,Manual Review,v1,claim_cards/test/Manual Review/CLM-2026-01334_v1.png,CLM-2026-01334_v1.png
