claim_id,purchase_price,warranty_duration_months,product_age_days,remaining_warranty_days,missing_document_count,days_to_reporting_deadline,repair_count,has_receipt,has_warranty_card,has_product_image,has_serial_evidence,prior_replacement,has_any_contradiction,damage_type_freq,damage_type_invalid_risk,retailer_freq,retailer_is_missing,category_Audio_Soundbar,category_Laptop,category_Smart_TV,category_Smartphone,category_Washing_Machine,class_label
CLM-2026-01427,99500.0,12,255,114,0,4,3,1,1,1,1,0,0,0.037142857142857144,0.3076923076923077,0.11047619047619048,0,0,0,0,0,1,Manual Review
CLM-2026-01075,260900.0,12,78,293,1,2,0,1,0,1,1,0,0,0.03333333333333333,0.11428571428571428,0.09904761904761905,0,0,1,0,0,0,Manual Review
CLM-2026-01402,106500.0,12,159,212,1,2,0,1,1,1,0,0,0,0.05142857142857143,0.3333333333333333,0.10761904761904761,0,1,0,0,0,0,Manual Review
CLM-2026-01366,189300.0,12,160,209,1,4,0,1,1,0,1,0,0,0.03619047619047619,0.3157894736842105,0.09904761904761905,0,0,0,1,0,0,Manual Review
CLM-2026-00596,210200.0,12,129,238,0,6,0,1,1,1,1,0,1,0.03619047619047619,0.3157894736842105,0.09904761904761905,0,0,0,1,0,0,Invalid Claim
CLM-2026-01302,104800.0,24,723,21,0,-6,0,1,1,1,1,0,0,0.04380952380952381,0.1956521739130435,0.10761904761904761,0,0,0,1,0,0,Manual Review
CLM-2026-00514,235400.0,12,31,339,1,3,0,0,1,1,1,0,0,0.03238095238095238,0.14705882352941177,0.1,0,0,0,0,1,0,Invalid Claim
CLM-2026-01031,201000.0,12,269,108,0,-4,0,1,1,1,1,0,0,0.030476190476190476,0.21875,0.08952380952380952,0,0,0,0,1,0,Manual Review
CLM-2026-00524,104000.0,12,124,245,1,4,1,0,1,1,1,0,0,0.06476190476190476,0.3382352941176471,0.11047619047619048,0,1,0,0,0,0,Invalid Claim
CLM-2026-00023,202700.0,12,159,209,0,5,2,1,1,1,1,0,0,0.04380952380952381,0.1956521739130435,0.08952380952380952,0,0,0,1,0,0,Valid Claim
CLM-2026-01314,88400.0,12,257,112,0,4,3,1,1,1,1,0,0,0.05142857142857143,0.3333333333333333,0.08761904761904762,0,1,0,0,0,0,Manual Review
CLM-2026-01176,74800.0,12,102,267,0,4,0,1,1,1,1,0,1,0.06476190476190476,0.3382352941176471,0.1,0,1,0,0,0,0,Manual Review
CLM-2026-00547,153200.0,24,91,698,0,-51,0,1,1,1,1,0,0,0.04380952380952381,0.1956521739130435,0.11047619047619048,0,0,0,1,0,0,Invalid Claim
CLM-2026-01321,230500.0,12,368,3,0,2,0,1,1,1,1,0,0,0.03238095238095238,0.14705882352941177,0.09904761904761905,0,0,0,0,1,0,Manual Review
CLM-2026-01037,206400.0,12,374,-4,0,3,0,1,1,1,1,0,0,0.04380952380952381,0.1956521739130435,0.1,0,0,0,1,0,0,Manual Review
CLM-2026-00381,181000.0,24,253,480,0,5,0,1,1,1,1,0,0,0.030476190476190476,0.25,0.08952380952380952,0,0,0,0,0,1,Valid Claim
CLM-2026-01262,103700.0,12,309,59,0,5,0,1,1,1,1,0,1,0.05142857142857143,0.3333333333333333,0.10571428571428572,0,1,0,0,0,0,Manual Review
CLM-2026-01201,146500.0,24,537,197,0,4,0,1,1,1,1,0,1,0.04,0.23809523809523808,0.08952380952380952,0,0,0,0,0,1,Manual Review
CLM-2026-00398,386100.0,12,137,233,0,2,0,1,1,1,1,0,0,0.030476190476190476,0.21875,0.09523809523809523,0,0,0,0,1,0,Valid Claim
CLM-2026-01365,87100.0,24,702,31,0,5,0,1,1,1,1,0,1,0.04,0.23809523809523808,0.11047619047619048,0,0,0,0,0,1,Manual Review
CLM-2026-00774,47300.0,36,64,1034,0,5,1,1,1,1,1,0,1,0.037142857142857144,0.3076923076923077,0.09523809523809523,0,0,0,0,0,1,Invalid Claim
CLM-2026-00214,140800.0,36,1049,47,0,6,2,1,1,1,1,0,0,0.030476190476190476,0.25,0.1,0,0,0,0,0,1,Valid Claim
CLM-2026-00153,366700.0,12,291,76,0,5,0,1,1,1,1,0,0,0.06190476190476191,0.27692307692307694,0.09904761904761905,0,0,0,0,1,0,Valid Claim
CLM-2026-00364,479000.0,24,393,342,0,2,0,1,1,1,1,0,0,0.04380952380952381,0.1956521739130435,0.11047619047619048,0,0,0,1,0,0,Valid Claim
CLM-2026-01070,204800.0,24,439,301,0,-2,0,1,1,1,1,0,0,0.04380952380952381,0.1956521739130435,0.08761904761904762,0,0,0,1,0,0,Manual Review
CLM-2026-00844,87400.0,12,438,-69,0,4,1,1,1,1,1,0,0,0.030476190476190476,0.25,0.10761904761904761,0,0,0,0,0,1,Invalid Claim
CLM-2026-00516,200000.0,12,150,219,1,4,0,0,1,1,1,0,0,0.06190476190476191,0.27692307692307694,0.08761904761904762,0,0,0,0,1,0,Invalid Claim
CLM-2026-00690,92700.0,24,128,608,0,2,1,1,1,1,1,1,1,0.04666666666666667,1.0,0.1019047619047619,0,0,0,0,0,1,Invalid Claim
CLM-2026-00820,114200.0,12,185,185,0,3,1,1,1,1,1,1,1,0.04666666666666667,1.0,0.1,0,1,0,0,0,0,Invalid Claim
CLM-2026-00795,301200.0,12,19,349,0,5,1,1,1,1,1,0,0,0.010476190476190476,1.0,0.09523809523809523,0,0,1,0,0,0,Invalid Claim
CLM-2026-00782,232300.0,12,152,219,0,2,1,1,1,1,1,0,1,0.06190476190476191,0.27692307692307694,0.10761904761904761,0,0,0,0,1,0,Invalid Claim
CLM-2026-01073,233600.0,12,259,112,0,2,0,1,1,1,1,0,1,0.030476190476190476,0.21875,0.08761904761904762,0,0,0,0,1,0,Manual Review
CLM-2026-01091,120700.0,12,102,266,0,5,0,1,1,1,1,0,1,0.03238095238095238,0.23529411764705882,0.1019047619047619,0,0,0,0,1,0,Manual Review
CLM-2026-00161,84900.0,12,63,304,0,5,0,1,1,1,1,0,0,0.06476190476190476,0.3382352941176471,0.09523809523809523,0,1,0,0,0,0,Valid Claim
CLM-2026-00642,80400.0,12,455,-83,0,1,1,1,1,1,1,0,0,0.058095238095238096,0.2786885245901639,0.09428571428571429,0,1,0,0,0,0,Invalid Claim
CLM-2026-00494,211600.0,24,392,340,0,6,0,1,1,1,1,0,1,0.06190476190476191,0.27692307692307694,0.1,0,0,1,0,0,0,Valid Claim
CLM-2026-01449,456200.0,24,446,290,0,2,2,1,1,1,1,0,0,0.03333333333333333,0.11428571428571428,0.08952380952380952,0,0,1,0,0,0,Manual Review
CLM-2026-00835,393300.0,24,59,675,0,4,1,1,1,1,1,0,1,0.029523809523809525,0.25806451612903225,0.11047619047619048,0,0,1,0,0,0,Invalid Claim
CLM-2026-00373,158600.0,12,78,290,0,4,2,1,1,1,1,0,0,0.054285714285714284,0.14035087719298245,0.09428571428571429,0,0,0,1,0,0,Valid Claim
CLM-2026-00864,330700.0,24,43,694,2,1,1,0,0,1,1,0,0,0.06190476190476191,0.27692307692307694,0.09904761904761905,0,0,1,0,0,0,Invalid Claim
CLM-2026-00366,118600.0,24,331,400,0,6,1,1,1,1,1,0,0,0.02857142857142857,0.16666666666666666,0.08952380952380952,0,0,0,0,0,1,Valid Claim
CLM-2026-00202,116300.0,12,120,251,0,2,0,1,1,1,1,0,0,0.03238095238095238,0.14705882352941177,0.08761904761904762,0,0,0,0,1,0,Valid Claim
CLM-2026-01468,80900.0,12,232,139,0,2,0,1,1,1,1,0,1,0.037142857142857144,0.3076923076923077,0.09523809523809523,0,0,0,0,0,1,Manual Review
CLM-2026-01044,170000.0,12,113,264,0,-4,0,1,1,1,1,0,0,0.03333333333333333,0.11428571428571428,0.09904761904761905,0,0,1,0,0,0,Manual Review
CLM-2026-00949,71000.0,12,149,335,0,-111,1,1,1,1,1,0,0,0.06476190476190476,0.3382352941176471,0.09428571428571429,0,1,0,0,0,0,Invalid Claim
CLM-2026-00928,115900.0,12,182,187,0,4,1,1,1,1,1,1,1,0.04666666666666667,1.0,0.11047619047619048,0,0,0,1,0,0,Invalid Claim
CLM-2026-00550,155700.0,36,42,1058,1,3,1,0,1,1,1,0,0,0.04,0.23809523809523808,0.10761904761904761,0,0,0,0,0,1,Invalid Claim
CLM-2026-01407,180800.0,24,733,3,0,2,0,1,1,1,1,0,0,0.04380952380952381,0.1956521739130435,0.11047619047619048,0,0,0,1,0,0,Manual Review
CLM-2026-00212,104000.0,12,160,210,0,2,0,1,1,1,1,0,0,0.058095238095238096,0.2786885245901639,0.11047619047619048,0,1,0,0,0,0,Valid Claim
CLM-2026-00342,342600.0,24,520,213,0,4,0,1,1,1,1,0,0,0.06190476190476191,0.27692307692307694,0.09904761904761905,0,0,1,0,0,0,Valid Claim
CLM-2026-00439,311300.0,12,162,209,1,2,0,1,1,0,1,0,0,0.03333333333333333,0.11428571428571428,0.11047619047619048,0,0,1,0,0,0,Valid Claim
CLM-2026-00590,70600.0,12,159,305,0,-91,0,1,1,1,1,0,1,0.010476190476190476,1.0,0.11047619047619048,0,1,0,0,0,0,Invalid Claim
CLM-2026-00139,89000.0,12,83,286,0,3,0,1,1,1,1,0,0,0.03238095238095238,0.14705882352941177,0.1019047619047619,0,0,0,0,1,0,Valid Claim
CLM-2026-00375,117400.0,24,701,31,0,6,2,1,1,1,1,0,0,0.04,0.23809523809523808,0.09904761904761905,0,0,0,0,0,1,Valid Claim
CLM-2026-01485,225900.0,24,420,316,1,2,0,1,0,1,1,0,0,0.029523809523809525,0.25806451612903225,0.09904761904761905,0,0,1,0,0,0,Manual Review
CLM-2026-01384,294800.0,12,288,90,0,-5,0,1,1,1,1,0,0,0.06190476190476191,0.27692307692307694,0.08761904761904762,0,0,0,0,1,0,Manual Review
CLM-2026-00931,90600.0,12,126,246,0,1,1,1,1,1,1,0,1,0.05142857142857143,0.3333333333333333,0.09428571428571429,0,1,0,0,0,0,Invalid Claim
CLM-2026-00513,65100.0,12,64,306,0,3,1,1,1,1,1,0,0,0.009523809523809525,1.0,0.1019047619047619,0,1,0,0,0,0,Invalid Claim
CLM-2026-01401,377600.0,12,190,180,2,3,0,1,0,1,0,0,0,0.03238095238095238,0.14705882352941177,0.10571428571428572,0,0,0,0,1,0,Manual Review
CLM-2026-00084,101200.0,36,167,932,0,3,2,1,1,1,1,0,0,0.037142857142857144,0.3076923076923077,0.1019047619047619,0,0,0,0,0,1,Valid Claim
CLM-2026-00181,114600.0,12,147,223,0,3,1,1,1,1,1,0,0,0.04,0.23809523809523808,0.1,0,0,0,0,0,1,Valid Claim
CLM-2026-01029,116700.0,12,30,339,0,4,1,1,1,1,1,0,0,0.058095238095238096,0.2786885245901639,0.11047619047619048,0,1,0,0,0,0,Manual Review
CLM-2026-01034,249600.0,24,736,-3,0,5,0,1,1,1,1,0,1,0.03619047619047619,0.23684210526315788,0.1,0,0,0,1,0,0,Manual Review
CLM-2026-01303,251100.0,24,555,189,0,-6,0,1,1,1,1,0,0,0.03619047619047619,0.23684210526315788,0.10571428571428572,0,0,0,1,0,0,Manual Review
CLM-2026-00622,196900.0,12,107,261,0,5,0,1,1,1,1,0,1,0.010476190476190476,1.0,0.08761904761904762,0,0,1,0,0,0,Invalid Claim
CLM-2026-00003,89100.0,12,46,320,0,6,0,1,1,1,1,0,0,0.02666666666666667,0.21428571428571427,0.08761904761904762,0,0,0,0,1,0,Valid Claim
CLM-2026-01142,273000.0,12,323,48,0,2,0,1,1,1,1,0,1,0.03238095238095238,0.14705882352941177,0.08952380952380952,0,0,0,0,1,0,Manual Review
CLM-2026-00479,83800.0,36,501,598,0,4,2,1,1,1,1,0,0,0.02857142857142857,0.16666666666666666,0.08761904761904762,0,0,0,0,0,1,Valid Claim
CLM-2026-00358,300800.0,24,580,155,0,3,0,1,1,1,1,0,0,0.03428571428571429,0.3333333333333333,0.08761904761904762,0,0,1,0,0,0,Valid Claim
CLM-2026-01211,123500.0,12,265,104,0,4,1,1,1,1,1,0,0,0.05142857142857143,0.3333333333333333,0.09523809523809523,0,1,0,0,0,0,Manual Review
CLM-2026-01202,203600.0,12,374,-5,0,4,0,1,1,1,1,0,0,0.054285714285714284,0.14035087719298245,0.09428571428571429,0,0,0,1,0,0,Manual Review
CLM-2026-00282,82400.0,24,207,526,0,4,2,1,1,1,1,0,0,0.04,0.23809523809523808,0.08952380952380952,0,0,0,0,0,1,Valid Claim
CLM-2026-01397,263700.0,24,102,631,1,5,0,1,0,1,1,0,0,0.03619047619047619,0.23684210526315788,0.11047619047619048,0,0,0,1,0,0,Manual Review
CLM-2026-00287,170600.0,36,946,152,0,4,1,1,1,1,1,0,0,0.021904761904761906,0.34782608695652173,0.10571428571428572,0,0,0,0,0,1,Valid Claim
CLM-2026-01332,173600.0,24,657,76,0,5,0,1,1,1,1,0,1,0.04380952380952381,0.1956521739130435,0.1019047619047619,0,0,0,1,0,0,Manual Review
CLM-2026-00927,101800.0,24,101,635,0,2,1,1,1,1,1,0,0,0.010476190476190476,1.0,0.09904761904761905,0,0,0,1,0,0,Invalid Claim
CLM-2026-00112,305200.0,24,436,297,0,4,0,1,1,1,1,0,0,0.03428571428571429,0.3333333333333333,0.1,0,0,1,0,0,0,Valid Claim
CLM-2026-00943,135700.0,12,418,-48,0,3,1,1,1,1,1,0,0,0.037142857142857144,0.3076923076923077,0.10761904761904761,0,0,0,0,0,1,Invalid Claim
CLM-2026-00170,270600.0,24,514,220,0,4,2,1,1,1,1,0,0,0.03619047619047619,0.3157894736842105,0.1019047619047619,0,0,0,1,0,0,Valid Claim
CLM-2026-01025,277800.0,24,510,224,1,4,0,1,0,1,1,0,0,0.03619047619047619,0.23684210526315788,0.10571428571428572,0,0,0,1,0,0,Manual Review
CLM-2026-00946,393500.0,12,124,245,0,4,1,1,1,1,1,0,1,0.03619047619047619,0.23684210526315788,0.09428571428571429,0,0,0,1,0,0,Invalid Claim
CLM-2026-00258,66700.0,12,223,142,0,8,2,1,1,1,1,0,1,0.06190476190476191,0.27692307692307694,0.10761904761904761,0,0,0,0,1,0,Valid Claim
CLM-2026-01004,230000.0,12,368,5,0,0,0,1,1,1,1,0,0,0.054285714285714284,0.14035087719298245,0.1019047619047619,0,0,0,1,0,0,Manual Review
CLM-2026-00852,71300.0,12,106,262,0,5,1,1,1,1,1,0,1,0.06476190476190476,0.3382352941176471,0.09523809523809523,0,1,0,0,0,0,Invalid Claim
CLM-2026-01461,214400.0,36,1098,4,0,1,0,1,1,1,1,0,0,0.02666666666666667,0.21428571428571427,0.09523809523809523,0,0,0,0,0,1,Manual Review
CLM-2026-00962,163900.0,12,73,299,0,1,1,1,1,1,1,1,1,0.04666666666666667,1.0,0.11047619047619048,0,0,1,0,0,0,Invalid Claim
CLM-2026-00113,194200.0,24,259,474,0,5,0,1,1,1,1,0,0,0.03428571428571429,0.3333333333333333,0.09904761904761905,0,0,1,0,0,0,Valid Claim
CLM-2026-00499,122200.0,12,18,351,0,4,1,1,1,1,1,0,0,0.037142857142857144,0.3076923076923077,0.10571428571428572,0,0,0,0,0,1,Valid Claim
CLM-2026-00508,275100.0,12,152,271,0,-50,1,1,1,1,1,0,0,0.03619047619047619,0.3157894736842105,0.10571428571428572,0,0,0,1,0,0,Invalid Claim
CLM-2026-00539,262400.0,12,137,322,0,-86,1,1,1,1,1,0,0,0.03333333333333333,0.11428571428571428,0.1019047619047619,0,0,1,0,0,0,Invalid Claim
CLM-2026-00871,144000.0,12,125,243,1,5,1,0,1,1,1,0,0,0.03142857142857143,0.18181818181818182,0.0,1,0,1,0,0,0,Invalid Claim
CLM-2026-00130,117500.0,36,925,173,0,4,1,1,1,1,1,0,0,0.04,0.23809523809523808,0.1,0,0,0,0,0,1,Valid Claim
CLM-2026-00548,442000.0,12,116,298,0,-41,1,1,1,1,1,0,0,0.023809523809523808,0.24,0.08761904761904762,0,0,1,0,0,0,Invalid Claim
CLM-2026-00776,80500.0,24,106,710,0,-78,1,1,1,1,1,0,0,0.04380952380952381,0.1956521739130435,0.1019047619047619,0,0,0,1,0,0,Invalid Claim
CLM-2026-01333,119300.0,24,99,637,1,2,0,1,1,0,1,0,0,0.03333333333333333,0.11428571428571428,0.08952380952380952,0,0,1,0,0,0,Manual Review
CLM-2026-00185,90000.0,12,339,31,0,3,1,1,1,1,1,0,1,0.03238095238095238,0.23529411764705882,0.10761904761904761,0,0,0,0,1,0,Valid Claim
CLM-2026-00401,224400.0,24,455,278,0,5,0,1,1,1,1,0,0,0.03619047619047619,0.23684210526315788,0.09428571428571429,0,0,0,1,0,0,Valid Claim
CLM-2026-01300,302200.0,12,349,21,1,3,0,1,1,0,1,0,0,0.06190476190476191,0.27692307692307694,0.1019047619047619,0,0,1,0,0,0,Manual Review
CLM-2026-00784,71600.0,12,559,-191,0,5,0,1,1,1,1,0,0,0.06476190476190476,0.3382352941176471,0.09904761904761905,0,1,0,0,0,0,Invalid Claim
CLM-2026-01444,100200.0,12,369,3,0,1,0,1,1,1,1,0,0,0.06190476190476191,0.27692307692307694,0.09428571428571429,0,0,1,0,0,0,Manual Review
CLM-2026-00571,32900.0,36,164,1052,0,-113,1,1,1,1,1,0,0,0.030476190476190476,0.25,0.1019047619047619,0,0,0,0,0,1,Invalid Claim
CLM-2026-00730,83900.0,12,445,-75,0,3,0,1,1,1,1,0,0,0.05142857142857143,0.3333333333333333,0.09904761904761905,0,1,0,0,0,0,Invalid Claim
CLM-2026-01225,117200.0,12,273,96,2,4,0,1,0,1,0,0,0,0.03142857142857143,0.18181818181818182,0.10761904761904761,0,0,1,0,0,0,Manual Review
CLM-2026-01257,331400.0,24,368,376,0,-6,0,1,1,1,1,0,0,0.03428571428571429,0.3333333333333333,0.09428571428571429,0,0,1,0,0,0,Manual Review
CLM-2026-00543,212200.0,12,146,222,0,5,0,1,1,1,1,0,1,0.06190476190476191,0.27692307692307694,0.09428571428571429,0,0,0,0,1,0,Invalid Claim
CLM-2026-00769,391900.0,24,32,701,0,5,1,1,1,1,1,0,1,0.06190476190476191,0.27692307692307694,0.09428571428571429,0,0,1,0,0,0,Invalid Claim
CLM-2026-00183,100800.0,24,70,666,0,2,2,1,1,1,1,0,0,0.029523809523809525,0.25806451612903225,0.11047619047619048,0,0,1,0,0,0,Valid Claim
CLM-2026-00602,431900.0,12,169,201,0,3,1,1,1,1,1,1,1,0.04666666666666667,1.0,0.1,0,0,0,0,1,0,Invalid Claim
CLM-2026-00951,196000.0,12,108,260,0,5,1,1,1,1,1,0,1,0.02857142857142857,0.4666666666666667,0.10761904761904761,0,0,0,0,1,0,Invalid Claim
CLM-2026-01273,444700.0,12,158,211,1,4,0,1,0,1,1,0,0,0.03238095238095238,0.14705882352941177,0.10761904761904761,0,0,0,0,1,0,Manual Review
CLM-2026-00203,85700.0,12,140,227,0,5,1,1,1,1,1,0,0,0.06476190476190476,0.3382352941176471,0.08952380952380952,0,1,0,0,0,0,Valid Claim
CLM-2026-00420,87900.0,12,153,214,0,5,0,1,1,1,1,0,1,0.03238095238095238,0.14705882352941177,0.08952380952380952,0,0,0,0,1,0,Valid Claim
CLM-2026-00666,120900.0,24,92,643,0,3,1,1,1,1,1,0,1,0.03619047619047619,0.23684210526315788,0.10571428571428572,0,0,0,1,0,0,Invalid Claim
CLM-2026-00691,432500.0,24,772,-38,0,4,0,1,1,1,1,0,0,0.03619047619047619,0.3157894736842105,0.08952380952380952,0,0,0,1,0,0,Invalid Claim
CLM-2026-01240,0.0,24,674,62,2,2,0,1,0,1,0,0,0,0.02666666666666667,0.21428571428571427,0.1,0,0,0,0,0,1,Manual Review
CLM-2026-00422,210800.0,12,135,236,0,2,2,1,1,1,1,0,0,0.030476190476190476,0.21875,0.11047619047619048,0,0,0,0,1,0,Valid Claim
CLM-2026-00289,219000.0,12,329,38,0,5,0,1,1,1,1,0,1,0.030476190476190476,0.21875,0.10761904761904761,0,0,0,0,1,0,Valid Claim
CLM-2026-00465,67600.0,12,47,322,0,4,0,1,1,1,1,0,0,0.06476190476190476,0.3382352941176471,0.08952380952380952,0,1,0,0,0,0,Valid Claim
CLM-2026-00219,61300.0,12,123,248,0,2,1,1,1,1,1,0,1,0.058095238095238096,0.2786885245901639,0.10571428571428572,0,1,0,0,0,0,Valid Claim
CLM-2026-00140,408100.0,12,277,92,0,4,0,1,1,1,1,0,0,0.06190476190476191,0.27692307692307694,0.11047619047619048,0,0,1,0,0,0,Valid Claim
CLM-2026-01170,215600.0,12,370,4,0,-1,0,1,1,1,1,0,0,0.054285714285714284,0.14035087719298245,0.11047619047619048,0,0,0,1,0,0,Manual Review
CLM-2026-01419,159900.0,24,425,315,0,-2,0,1,1,1,1,0,0,0.029523809523809525,0.25806451612903225,0.09428571428571429,0,0,1,0,0,0,Manual Review
CLM-2026-01011,368800.0,12,38,341,0,-6,0,1,1,1,1,0,0,0.03142857142857143,0.18181818181818182,0.09428571428571429,0,0,1,0,0,0,Manual Review
CLM-2026-00319,215100.0,24,438,293,0,6,1,1,1,1,1,0,0,0.03142857142857143,0.18181818181818182,0.09904761904761905,0,0,1,0,0,0,Valid Claim
CLM-2026-00975,281700.0,24,89,648,0,1,1,1,1,1,1,1,1,0.04666666666666667,1.0,0.09428571428571429,0,0,1,0,0,0,Invalid Claim
CLM-2026-00046,165200.0,24,254,481,0,3,0,1,1,1,1,0,0,0.02666666666666667,0.21428571428571427,0.10761904761904761,0,0,0,0,0,1,Valid Claim
CLM-2026-00811,334200.0,24,121,611,0,6,1,1,1,1,1,1,1,0.04666666666666667,1.0,0.09523809523809523,0,0,1,0,0,0,Invalid Claim
CLM-2026-00520,199000.0,24,41,694,0,3,1,1,1,1,1,0,1,0.054285714285714284,0.14035087719298245,0.09523809523809523,0,0,0,1,0,0,Invalid Claim
CLM-2026-00601,321700.0,12,154,214,0,5,0,1,1,1,1,1,1,0.04666666666666667,1.0,0.10571428571428572,0,0,1,0,0,0,Invalid Claim
CLM-2026-00010,43100.0,36,1007,91,0,5,0,1,1,1,1,0,0,0.030476190476190476,0.25,0.1,0,0,0,0,0,1,Valid Claim
CLM-2026-00988,249200.0,24,91,645,2,2,1,0,0,1,1,0,0,0.054285714285714284,0.14035087719298245,0.11047619047619048,0,0,0,1,0,0,Invalid Claim
CLM-2026-00837,70200.0,12,512,-140,0,1,1,1,1,1,1,0,0,0.06476190476190476,0.3382352941176471,0.11047619047619048,0,1,0,0,0,0,Invalid Claim
CLM-2026-00467,237200.0,12,260,111,0,2,0,1,1,1,1,0,0,0.06190476190476191,0.27692307692307694,0.09523809523809523,0,0,0,0,1,0,Valid Claim
CLM-2026-00565,75200.0,12,144,225,2,4,1,0,0,1,1,0,0,0.06476190476190476,0.3382352941176471,0.1019047619047619,0,1,0,0,0,0,Invalid Claim
CLM-2026-01007,253100.0,12,199,169,0,5,0,1,1,1,1,0,1,0.030476190476190476,0.21875,0.08952380952380952,0,0,0,0,1,0,Manual Review
CLM-2026-00722,37400.0,12,108,339,0,-74,0,1,1,1,1,0,0,0.037142857142857144,0.3076923076923077,0.1,0,0,0,0,0,1,Invalid Claim
CLM-2026-00052,363400.0,24,565,168,0,4,2,1,1,1,1,0,0,0.029523809523809525,0.25806451612903225,0.1019047619047619,0,0,1,0,0,0,Valid Claim
CLM-2026-00099,77600.0,12,111,257,0,5,2,1,1,1,1,0,0,0.03619047619047619,0.23684210526315788,0.10571428571428572,0,0,0,1,0,0,Valid Claim
CLM-2026-00934,249500.0,12,34,337,1,2,0,0,1,1,1,0,0,0.03238095238095238,0.14705882352941177,0.10761904761904761,0,0,0,0,1,0,Invalid Claim
CLM-2026-00165,88800.0,12,321,47,0,4,0,1,1,1,1,0,0,0.06476190476190476,0.3382352941176471,0.1,0,1,0,0,0,0,Valid Claim
CLM-2026-00892,196000.0,24,102,632,2,4,0,0,0,1,1,0,0,0.054285714285714284,0.14035087719298245,0.09523809523809523,0,0,0,1,0,0,Invalid Claim
CLM-2026-00743,282800.0,12,81,289,0,3,0,1,1,1,1,0,0,0.0019047619047619048,1.0,0.1019047619047619,0,0,0,0,1,0,Invalid Claim
CLM-2026-00650,95400.0,12,90,322,0,-39,0,1,1,1,1,0,0,0.054285714285714284,0.14035087719298245,0.09904761904761905,0,0,0,1,0,0,Invalid Claim
CLM-2026-00683,108800.0,12,589,-221,0,5,0,1,1,1,1,0,0,0.02666666666666667,0.21428571428571427,0.09904761904761905,0,0,0,0,1,0,Invalid Claim
CLM-2026-00166,262000.0,12,19,350,0,4,0,1,1,1,1,0,0,0.054285714285714284,0.14035087719298245,0.08952380952380952,0,0,0,1,0,0,Valid Claim
CLM-2026-00659,204400.0,24,176,556,0,6,0,1,1,1,1,1,1,0.04666666666666667,1.0,0.08761904761904762,0,0,0,1,0,0,Invalid Claim
CLM-2026-01059,73300.0,12,93,275,0,5,0,1,1,1,1,0,1,0.04,0.23809523809523808,0.09904761904761905,0,0,0,0,0,1,Manual Review
CLM-2026-00995,458800.0,24,102,698,0,-62,1,1,1,1,1,0,0,0.023809523809523808,0.24,0.10571428571428572,0,0,1,0,0,0,Invalid Claim
CLM-2026-00412,128500.0,36,423,673,0,6,0,1,1,1,1,0,0,0.037142857142857144,0.3076923076923077,0.11047619047619048,0,0,0,0,0,1,Valid Claim
CLM-2026-00290,101200.0,12,294,71,0,8,0,1,1,1,1,0,1,0.05142857142857143,0.3333333333333333,0.10761904761904761,0,1,0,0,0,0,Valid Claim
CLM-2026-01213,169300.0,24,617,118,1,3,0,1,1,1,0,0,0,0.03142857142857143,0.18181818181818182,0.11047619047619048,0,0,1,0,0,0,Manual Review
CLM-2026-00907,69900.0,12,47,324,1,2,1,0,1,1,1,0,0,0.03619047619047619,0.3157894736842105,0.09428571428571429,0,0,0,1,0,0,Invalid Claim
CLM-2026-00926,70000.0,12,40,332,2,1,1,0,0,1,1,0,0,0.06476190476190476,0.3382352941176471,0.1019047619047619,0,1,0,0,0,0,Invalid Claim
CLM-2026-00032,168400.0,12,201,166,0,6,0,1,1,1,1,0,0,0.03619047619047619,0.23684210526315788,0.11047619047619048,0,0,0,1,0,0,Valid Claim
CLM-2026-00726,145300.0,36,1145,-43,0,1,0,1,1,1,1,0,0,0.037142857142857144,0.3076923076923077,0.10761904761904761,0,0,0,0,0,1,Invalid Claim
CLM-2026-00386,186800.0,12,229,141,0,3,0,1,1,1,1,0,0,0.03619047619047619,0.23684210526315788,0.09904761904761905,0,0,0,1,0,0,Valid Claim
CLM-2026-01003,263200.0,12,373,-6,0,6,0,1,1,1,1,0,0,0.04380952380952381,0.1956521739130435,0.09523809523809523,0,0,0,1,0,0,Manual Review
CLM-2026-01083,242200.0,12,278,98,0,-3,0,1,1,1,1,0,0,0.03238095238095238,0.23529411764705882,0.10571428571428572,0,0,0,0,1,0,Manual Review
CLM-2026-01155,66900.0,36,1100,4,0,-1,0,1,1,1,1,0,0,0.037142857142857144,0.3076923076923077,0.08952380952380952,0,0,0,0,0,1,Manual Review
CLM-2026-01274,107800.0,12,47,329,0,-3,0,1,1,1,1,0,0,0.058095238095238096,0.2786885245901639,0.09523809523809523,0,1,0,0,0,0,Manual Review
CLM-2026-01035,96900.0,12,372,-3,0,4,0,1,1,1,1,0,1,0.058095238095238096,0.2786885245901639,0.10761904761904761,0,1,0,0,0,0,Manual Review
CLM-2026-01103,62600.0,12,101,269,1,3,0,1,1,1,0,0,1,0.06476190476190476,0.3382352941176471,0.09428571428571429,0,1,0,0,0,0,Manual Review
CLM-2026-00656,82700.0,12,89,280,0,4,0,1,1,1,1,0,0,0.014285714285714285,1.0,0.08761904761904762,0,0,0,0,1,0,Invalid Claim
CLM-2026-01272,223700.0,12,263,107,0,3,3,1,1,1,1,0,0,0.03238095238095238,0.14705882352941177,0.09904761904761905,0,0,0,0,1,0,Manual Review
CLM-2026-00592,168500.0,12,65,302,0,6,1,1,1,1,1,0,1,0.054285714285714284,0.14035087719298245,0.08761904761904762,0,0,0,1,0,0,Invalid Claim
CLM-2026-01229,81400.0,12,368,2,0,3,0,1,1,1,1,0,0,0.06476190476190476,0.3382352941176471,0.09428571428571429,0,1,0,0,0,0,Manual Review
CLM-2026-00262,148000.0,12,245,125,0,3,0,1,1,1,1,0,0,0.03142857142857143,0.18181818181818182,0.09523809523809523,0,0,1,0,0,0,Valid Claim
CLM-2026-00821,205000.0,24,171,565,2,2,1,0,0,1,1,0,0,0.02857142857142857,0.16666666666666666,0.10571428571428572,0,0,0,0,0,1,Invalid Claim
CLM-2026-01147,107000.0,24,568,168,1,2,0,1,1,0,1,0,0,0.06190476190476191,0.27692307692307694,0.08952380952380952,0,0,1,0,0,0,Manual Review
CLM-2026-00302,112500.0,12,20,349,0,3,2,1,1,1,1,0,0,0.058095238095238096,0.2786885245901639,0.11047619047619048,0,1,0,0,0,0,Valid Claim
CLM-2026-01415,84300.0,12,222,148,2,3,0,1,0,1,0,0,0,0.03238095238095238,0.23529411764705882,0.09904761904761905,0,0,0,0,1,0,Manual Review
CLM-2026-00872,150900.0,24,137,659,0,-58,1,1,1,1,1,0,0,0.03333333333333333,0.11428571428571428,0.10761904761904761,0,0,1,0,0,0,Invalid Claim
CLM-2026-00333,121300.0,12,109,260,0,3,2,1,1,1,1,0,0,0.05142857142857143,0.3333333333333333,0.09904761904761905,0,1,0,0,0,0,Valid Claim
CLM-2026-01269,208900.0,24,133,600,0,5,0,1,1,1,1,0,1,0.03619047619047619,0.3157894736842105,0.1019047619047619,0,0,0,1,0,0,Manual Review
CLM-2026-01191,180000.0,12,137,234,1,2,0,1,0,1,1,0,0,0.054285714285714284,0.14035087719298245,0.10761904761904761,0,0,0,1,0,0,Manual Review
CLM-2026-01084,88800.0,12,171,199,0,3,0,1,1,1,1,0,1,0.058095238095238096,0.2786885245901639,0.08952380952380952,0,1,0,0,0,0,Manual Review
CLM-2026-00808,384300.0,12,84,288,0,1,0,1,1,1,1,1,1,0.04666666666666667,1.0,0.08952380952380952,0,0,1,0,0,0,Invalid Claim
CLM-2026-00209,99600.0,12,310,56,0,6,0,1,1,1,1,0,0,0.06190476190476191,0.27692307692307694,0.09523809523809523,0,0,1,0,0,0,Valid Claim
CLM-2026-00469,150800.0,24,307,428,0,2,0,1,1,1,1,0,0,0.03333333333333333,0.11428571428571428,0.09523809523809523,0,0,1,0,0,0,Valid Claim
CLM-2026-00678,98200.0,12,453,-81,0,1,0,1,1,1,1,0,0,0.02857142857142857,0.4666666666666667,0.10571428571428572,0,0,0,0,1,0,Invalid Claim
CLM-2026-01107,82000.0,12,307,73,0,-7,0,1,1,1,1,0,0,0.06476190476190476,0.3382352941176471,0.11047619047619048,0,1,0,0,0,0,Manual Review
CLM-2026-01489,0.0,12,372,-4,0,5,0,1,1,1,1,0,0,0.05142857142857143,0.3333333333333333,0.10571428571428572,0,1,0,0,0,0,Manual Review
CLM-2026-01136,202000.0,24,713,20,0,5,0,1,1,1,1,0,1,0.03428571428571429,0.3333333333333333,0.10761904761904761,0,0,1,0,0,0,Manual Review
CLM-2026-00211,190800.0,24,176,556,0,5,2,1,1,1,1,0,0,0.023809523809523808,0.24,0.10571428571428572,0,0,1,0,0,0,Valid Claim
CLM-2026-00062,75100.0,12,310,60,0,2,0,1,1,1,1,0,0,0.058095238095238096,0.2786885245901639,0.11047619047619048,0,1,0,0,0,0,Valid Claim
CLM-2026-00692,244100.0,24,66,669,0,3,0,1,1,1,1,1,1,0.04666666666666667,1.0,0.09523809523809523,0,0,1,0,0,0,Invalid Claim
CLM-2026-00895,124600.0,12,43,325,0,5,0,1,1,1,1,1,1,0.04666666666666667,1.0,0.1,0,1,0,0,0,0,Invalid Claim
CLM-2026-00299,262700.0,24,521,213,0,3,0,1,1,1,1,0,0,0.03333333333333333,0.11428571428571428,0.11047619047619048,0,0,1,0,0,0,Valid Claim
CLM-2026-00969,283400.0,24,150,585,0,3,1,1,1,1,1,0,1,0.023809523809523808,0.24,0.1,0,0,1,0,0,0,Invalid Claim
CLM-2026-00830,239900.0,12,113,257,0,3,0,1,1,1,1,0,1,0.03619047619047619,0.3157894736842105,0.10571428571428572,0,0,0,1,0,0,Invalid Claim
CLM-2026-01124,259400.0,12,337,44,0,-8,0,1,1,1,1,0,0,0.02666666666666667,0.21428571428571427,0.10571428571428572,0,0,0,0,1,0,Manual Review
CLM-2026-00684,301000.0,24,125,654,0,-41,1,1,1,1,1,0,0,0.03333333333333333,0.11428571428571428,0.10571428571428572,0,0,1,0,0,0,Invalid Claim
CLM-2026-00502,83700.0,12,141,228,0,4,1,1,1,1,1,0,1,0.05142857142857143,0.3333333333333333,0.11047619047619048,0,1,0,0,0,0,Invalid Claim
CLM-2026-00055,339700.0,12,313,55,0,5,0,1,1,1,1,0,0,0.03238095238095238,0.23529411764705882,0.1,0,0,0,0,1,0,Valid Claim
CLM-2026-00819,150500.0,36,1294,-195,0,4,0,1,1,1,1,0,0,0.04,0.23809523809523808,0.1,0,0,0,0,0,1,Invalid Claim
CLM-2026-00876,144000.0,36,1334,-235,0,4,1,1,1,1,1,0,0,0.02857142857142857,0.16666666666666666,0.0,1,0,0,0,0,1,Invalid Claim
CLM-2026-00994,319000.0,12,120,248,0,5,1,1,1,1,1,0,0,0.004761904761904762,1.0,0.11047619047619048,0,0,1,0,0,0,Invalid Claim
CLM-2026-00586,178800.0,12,33,336,0,4,1,1,1,1,1,0,1,0.021904761904761906,0.34782608695652173,0.1,0,0,0,0,0,1,Invalid Claim
CLM-2026-00686,103100.0,12,87,285,0,1,1,1,1,1,1,1,1,0.04666666666666667,1.0,0.1,0,1,0,0,0,0,Invalid Claim
CLM-2026-01232,212200.0,12,310,67,0,-4,0,1,1,1,1,0,0,0.02857142857142857,0.4666666666666667,0.10571428571428572,0,0,0,0,1,0,Manual Review
CLM-2026-01413,57600.0,12,335,47,0,-9,0,1,1,1,1,0,0,0.06476190476190476,0.3382352941176471,0.09523809523809523,0,1,0,0,0,0,Manual Review
CLM-2026-00111,65000.0,36,82,1017,0,3,0,1,1,1,1,0,0,0.030476190476190476,0.25,0.09904761904761905,0,0,0,0,0,1,Valid Claim
CLM-2026-00330,384300.0,12,323,44,0,5,2,1,1,1,1,0,0,0.030476190476190476,0.21875,0.09428571428571429,0,0,0,0,1,0,Valid Claim
CLM-2026-01071,209000.0,12,33,335,2,5,0,1,0,1,0,0,0,0.06190476190476191,0.27692307692307694,0.09428571428571429,0,0,0,0,1,0,Manual Review
CLM-2026-01435,324800.0,12,314,55,0,4,0,1,1,1,1,0,1,0.029523809523809525,0.25806451612903225,0.11047619047619048,0,0,1,0,0,0,Manual Review
CLM-2026-01223,328600.0,24,174,561,0,3,0,1,1,1,1,0,1,0.029523809523809525,0.25806451612903225,0.08952380952380952,0,0,1,0,0,0,Manual Review
CLM-2026-01463,75100.0,12,193,178,0,2,1,1,1,1,1,0,0,0.030476190476190476,0.25,0.10761904761904761,0,0,0,0,0,1,Manual Review
CLM-2026-01235,167900.0,12,372,-5,0,6,0,1,1,1,1,0,0,0.03619047619047619,0.3157894736842105,0.10761904761904761,0,0,0,1,0,0,Manual Review
CLM-2026-01341,253200.0,12,223,145,0,5,1,1,1,1,1,0,0,0.03238095238095238,0.23529411764705882,0.10571428571428572,0,0,0,0,1,0,Manual Review
CLM-2026-00522,106300.0,36,135,964,0,4,1,1,1,1,1,1,1,0.04666666666666667,1.0,0.10571428571428572,0,0,0,0,0,1,Invalid Claim
CLM-2026-01055,184700.0,12,74,294,0,5,0,1,1,1,1,0,1,0.030476190476190476,0.25,0.09523809523809523,0,0,0,0,0,1,Manual Review
CLM-2026-00128,134400.0,24,484,248,0,5,0,1,1,1,1,0,0,0.04380952380952381,0.1956521739130435,0.10761904761904761,0,0,0,1,0,0,Valid Claim
CLM-2026-01030,157600.0,24,505,240,0,-7,0,1,1,1,1,0,0,0.02666666666666667,0.21428571428571427,0.1019047619047619,0,0,0,0,0,1,Manual Review
CLM-2026-01391,175200.0,36,737,362,1,4,0,1,0,1,1,0,0,0.02857142857142857,0.16666666666666666,0.10761904761904761,0,0,0,0,0,1,Manual Review
CLM-2026-01020,125400.0,36,193,908,0,2,1,1,1,1,1,0,0,0.037142857142857144,0.3076923076923077,0.08952380952380952,0,0,0,0,0,1,Manual Review
CLM-2026-00748,191200.0,12,140,230,0,3,1,1,1,1,1,0,0,0.009523809523809525,1.0,0.09904761904761905,0,0,1,0,0,0,Invalid Claim
CLM-2026-01033,90900.0,12,48,320,0,5,3,1,1,1,1,0,0,0.06476190476190476,0.3382352941176471,0.09523809523809523,0,1,0,0,0,0,Manual Review
CLM-2026-00272,93600.0,12,57,309,0,6,1,1,1,1,1,0,0,0.06476190476190476,0.3382352941176471,0.08952380952380952,0,1,0,0,0,0,Valid Claim
CLM-2026-00790,72100.0,12,87,284,0,2,1,1,1,1,1,0,1,0.037142857142857144,0.3076923076923077,0.10571428571428572,0,0,0,0,0,1,Invalid Claim
CLM-2026-00343,261100.0,12,232,136,0,5,1,1,1,1,1,0,0,0.03238095238095238,0.14705882352941177,0.08952380952380952,0,0,0,0,1,0,Valid Claim
CLM-2026-01429,78000.0,12,257,111,0,5,0,1,1,1,1,0,1,0.05142857142857143,0.3333333333333333,0.10571428571428572,0,1,0,0,0,0,Manual Review
CLM-2026-01061,282000.0,12,371,-4,0,6,0,1,1,1,1,0,0,0.02857142857142857,0.4666666666666667,0.09428571428571429,0,0,0,0,1,0,Manual Review
CLM-2026-00264,106900.0,36,422,678,0,2,2,1,1,1,1,0,0,0.04,0.23809523809523808,0.09904761904761905,0,0,0,0,0,1,Valid Claim
CLM-2026-01480,98400.0,12,248,123,0,2,0,1,1,1,1,0,1,0.058095238095238096,0.2786885245901639,0.11047619047619048,0,1,0,0,0,0,Manual Review
CLM-2026-00763,71200.0,12,454,-82,0,1,1,1,1,1,1,0,0,0.02857142857142857,0.4666666666666667,0.10761904761904761,0,0,0,0,1,0,Invalid Claim
CLM-2026-00011,170400.0,24,266,466,0,5,2,1,1,1,1,0,0,0.054285714285714284,0.14035087719298245,0.1019047619047619,0,0,0,1,0,0,Valid Claim
CLM-2026-00115,84400.0,12,215,152,0,5,0,1,1,1,1,0,0,0.06476190476190476,0.3382352941176471,0.10761904761904761,0,1,0,0,0,0,Valid Claim
CLM-2026-01181,244600.0,12,57,314,0,2,2,1,1,1,1,0,0,0.03428571428571429,0.3333333333333333,0.09428571428571429,0,0,1,0,0,0,Manual Review
CLM-2026-01417,157700.0,12,313,56,0,4,1,1,1,1,1,0,0,0.04380952380952381,0.1956521739130435,0.1019047619047619,0,0,0,1,0,0,Manual Review
CLM-2026-01455,93500.0,12,174,194,0,5,1,1,1,1,1,0,0,0.03238095238095238,0.23529411764705882,0.1,0,0,0,0,1,0,Manual Review
CLM-2026-00993,76400.0,36,129,968,0,6,1,1,1,1,1,0,1,0.04,0.23809523809523808,0.09523809523809523,0,0,0,0,0,1,Invalid Claim
CLM-2026-00741,145700.0,24,826,-93,0,5,1,1,1,1,1,0,0,0.03619047619047619,0.3157894736842105,0.10571428571428572,0,0,0,1,0,0,Invalid Claim
CLM-2026-00408,127900.0,24,604,128,0,6,0,1,1,1,1,0,0,0.03142857142857143,0.18181818181818182,0.10761904761904761,0,0,1,0,0,0,Valid Claim
CLM-2026-01105,86800.0,12,155,222,0,-4,0,1,1,1,1,0,0,0.02857142857142857,0.4666666666666667,0.09523809523809523,0,0,0,0,1,0,Manual Review
CLM-2026-00518,129700.0,12,93,321,0,-41,0,1,1,1,1,0,0,0.030476190476190476,0.21875,0.09523809523809523,0,0,0,0,1,0,Invalid Claim
CLM-2026-00131,317600.0,24,366,364,0,8,1,1,1,1,1,0,1,0.03142857142857143,0.18181818181818182,0.08952380952380952,0,0,1,0,0,0,Valid Claim
CLM-2026-00967,242600.0,12,40,327,2,6,1,0,0,1,1,0,0,0.030476190476190476,0.21875,0.08952380952380952,0,0,0,0,1,0,Invalid Claim
CLM-2026-01046,418500.0,12,372,-5,0,6,0,1,1,1,1,0,0,0.03238095238095238,0.14705882352941177,0.11047619047619048,0,0,0,0,1,0,Manual Review
CLM-2026-01389,256100.0,24,662,72,0,4,3,1,1,1,1,0,0,0.029523809523809525,0.25806451612903225,0.11047619047619048,0,0,1,0,0,0,Manual Review
CLM-2026-00472,105200.0,24,21,711,0,6,1,1,1,1,1,0,0,0.04,0.23809523809523808,0.08761904761904762,0,0,0,0,0,1,Valid Claim
CLM-2026-00253,90100.0,12,200,167,0,6,0,1,1,1,1,0,0,0.06476190476190476,0.3382352941176471,0.09904761904761905,0,1,0,0,0,0,Valid Claim
CLM-2026-00459,181400.0,24,680,55,0,3,1,1,1,1,1,0,0,0.037142857142857144,0.3076923076923077,0.09904761904761905,0,0,0,0,0,1,Valid Claim
CLM-2026-00042,120300.0,36,669,428,0,6,0,1,1,1,1,0,0,0.02857142857142857,0.16666666666666666,0.11047619047619048,0,0,0,0,0,1,Valid Claim
CLM-2026-00854,347600.0,12,149,271,0,-47,1,1,1,1,1,0,0,0.02666666666666667,0.21428571428571427,0.10571428571428572,0,0,0,0,1,0,Invalid Claim
CLM-2026-01454,109300.0,12,369,3,0,1,0,1,1,1,1,0,0,0.058095238095238096,0.2786885245901639,0.09523809523809523,0,1,0,0,0,0,Manual Review
CLM-2026-00323,183900.0,12,152,219,1,2,1,1,1,0,1,0,0,0.06190476190476191,0.27692307692307694,0.09904761904761905,0,0,1,0,0,0,Valid Claim
CLM-2026-00534,129600.0,12,114,255,1,4,1,0,1,1,1,0,0,0.021904761904761906,0.34782608695652173,0.09523809523809523,0,0,0,0,0,1,Invalid Claim
CLM-2026-00532,218700.0,12,146,224,0,3,1,1,1,1,1,0,1,0.03428571428571429,0.3333333333333333,0.1019047619047619,0,0,1,0,0,0,Invalid Claim
CLM-2026-00477,359300.0,12,186,183,0,3,0,1,1,1,1,0,0,0.03333333333333333,0.11428571428571428,0.10761904761904761,0,0,1,0,0,0,Valid Claim
CLM-2026-00896,208800.0,24,98,704,0,-64,0,1,1,1,1,0,0,0.030476190476190476,0.25,0.10571428571428572,0,0,0,0,0,1,Invalid Claim
CLM-2026-01180,160800.0,24,367,380,0,-9,0,1,1,1,1,0,0,0.03619047619047619,0.23684210526315788,0.08761904761904762,0,0,0,1,0,0,Manual Review
CLM-2026-00829,78100.0,12,488,-116,0,1,1,1,1,1,1,0,0,0.058095238095238096,0.2786885245901639,0.08952380952380952,0,1,0,0,0,0,Invalid Claim
CLM-2026-01163,319300.0,12,68,302,2,3,0,1,0,1,0,0,0,0.04380952380952381,0.1956521739130435,0.08952380952380952,0,0,0,1,0,0,Manual Review
CLM-2026-01263,204800.0,24,84,650,0,4,0,1,1,1,1,0,1,0.03428571428571429,0.3333333333333333,0.1019047619047619,0,0,1,0,0,0,Manual Review
CLM-2026-00563,94200.0,12,559,-192,0,6,0,1,1,1,1,0,0,0.058095238095238096,0.2786885245901639,0.09523809523809523,0,1,0,0,0,0,Invalid Claim
CLM-2026-00431,146100.0,12,79,292,0,2,0,1,1,1,1,0,0,0.04380952380952381,0.1956521739130435,0.09904761904761905,0,0,0,1,0,0,Valid Claim
CLM-2026-00818,146400.0,24,838,-102,0,2,0,1,1,1,1,0,0,0.03619047619047619,0.3157894736842105,0.11047619047619048,0,0,0,1,0,0,Invalid Claim
CLM-2026-00582,131800.0,12,126,244,0,3,1,1,1,1,1,1,1,0.04666666666666667,1.0,0.1019047619047619,0,0,0,1,0,0,Invalid Claim
CLM-2026-00195,282300.0,12,271,96,0,5,1,1,1,1,1,0,0,0.04380952380952381,0.1956521739130435,0.08761904761904762,0,0,0,1,0,0,Valid Claim
CLM-2026-00902,309000.0,12,159,209,1,5,1,0,1,1,1,0,0,0.030476190476190476,0.21875,0.08761904761904762,0,0,0,0,1,0,Invalid Claim
CLM-2026-01372,115900.0,12,53,317,2,3,0,1,0,1,0,0,0,0.030476190476190476,0.25,0.09428571428571429,0,0,0,0,0,1,Manual Review
CLM-2026-01342,229800.0,24,735,1,0,2,0,1,1,1,1,0,0,0.054285714285714284,0.14035087719298245,0.10571428571428572,0,0,0,1,0,0,Manual Review
CLM-2026-00612,73000.0,12,174,193,1,6,1,0,1,1,1,0,0,0.02857142857142857,0.4666666666666667,0.09523809523809523,0,0,0,0,1,0,Invalid Claim
CLM-2026-00879,361200.0,24,30,704,0,4,0,1,1,1,1,1,1,0.04666666666666667,1.0,0.09904761904761905,0,0,1,0,0,0,Invalid Claim
CLM-2026-00519,171500.0,12,538,-166,0,1,1,1,1,1,1,0,0,0.03428571428571429,0.3333333333333333,0.11047619047619048,0,0,1,0,0,0,Invalid Claim
CLM-2026-00849,175100.0,12,140,307,0,-74,1,1,1,1,1,0,0,0.029523809523809525,0.25806451612903225,0.1,0,0,1,0,0,0,Invalid Claim
CLM-2026-01199,58100.0,12,370,-1,0,4,0,1,1,1,1,0,0,0.058095238095238096,0.2786885245901639,0.10761904761904761,0,1,0,0,0,0,Manual Review
CLM-2026-00237,84400.0,12,186,183,0,3,2,1,1,1,1,0,0,0.06476190476190476,0.3382352941176471,0.10761904761904761,0,1,0,0,0,0,Valid Claim
CLM-2026-00841,113400.0,12,61,311,1,1,1,0,1,1,1,0,0,0.06476190476190476,0.3382352941176471,0.09428571428571429,0,1,0,0,0,0,Invalid Claim
CLM-2026-01411,121600.0,12,370,5,0,-2,0,1,1,1,1,0,0,0.058095238095238096,0.2786885245901639,0.09523809523809523,0,1,0,0,0,0,Manual Review
CLM-2026-01128,438200.0,12,27,341,0,5,2,1,1,1,1,0,0,0.02666666666666667,0.21428571428571427,0.1,0,0,0,0,1,0,Manual Review
CLM-2026-00695,140200.0,24,104,629,0,5,1,1,1,1,1,1,1,0.04666666666666667,1.0,0.10571428571428572,0,0,0,0,0,1,Invalid Claim
CLM-2026-01400,387800.0,24,645,88,2,5,0,1,0,1,0,0,0,0.03428571428571429,0.3333333333333333,0.10571428571428572,0,0,1,0,0,0,Manual Review
CLM-2026-00474,77200.0,12,258,110,0,4,1,1,1,1,1,0,0,0.03238095238095238,0.14705882352941177,0.09523809523809523,0,0,0,0,1,0,Valid Claim
CLM-2026-00908,60800.0,12,438,-71,0,6,1,1,1,1,1,0,0,0.05142857142857143,0.3333333333333333,0.08952380952380952,0,1,0,0,0,0,Invalid Claim
CLM-2026-00327,66400.0,24,199,534,0,5,0,1,1,1,1,0,0,0.021904761904761906,0.34782608695652173,0.10571428571428572,0,0,0,0,0,1,Valid Claim
CLM-2026-00019,429100.0,12,95,272,0,5,0,1,1,1,1,0,0,0.03238095238095238,0.23529411764705882,0.08952380952380952,0,0,0,0,1,0,Valid Claim
CLM-2026-00558,143600.0,36,181,919,2,3,0,0,0,1,1,0,0,0.04,0.23809523809523808,0.10761904761904761,0,0,0,0,0,1,Invalid Claim
CLM-2026-00617,104900.0,12,155,277,0,-59,0,1,1,1,1,0,0,0.06476190476190476,0.3382352941176471,0.09428571428571429,0,1,0,0,0,0,Invalid Claim
CLM-2026-01065,0.0,12,151,218,0,4,2,1,1,1,1,0,0,0.054285714285714284,0.14035087719298245,0.10761904761904761,0,0,0,1,0,0,Manual Review
CLM-2026-01288,131800.0,12,181,187,0,5,3,1,1,1,1,0,0,0.03619047619047619,0.3157894736842105,0.09523809523809523,0,0,0,1,0,0,Manual Review
CLM-2026-01238,84400.0,12,206,164,0,3,0,1,1,1,1,0,1,0.05142857142857143,0.3333333333333333,0.1019047619047619,0,1,0,0,0,0,Manual Review
CLM-2026-01339,412100.0,12,304,66,1,3,0,1,1,1,0,0,0,0.02666666666666667,0.21428571428571427,0.08761904761904762,0,0,0,0,1,0,Manual Review
CLM-2026-00335,243900.0,24,606,125,0,6,0,1,1,1,1,0,0,0.054285714285714284,0.14035087719298245,0.1019047619047619,0,0,0,1,0,0,Valid Claim
CLM-2026-00860,95600.0,12,409,-37,0,1,1,1,1,1,1,0,0,0.058095238095238096,0.2786885245901639,0.08761904761904762,0,1,0,0,0,0,Invalid Claim
CLM-2026-01008,70100.0,36,576,531,0,-4,0,1,1,1,1,0,0,0.04,0.23809523809523808,0.10761904761904761,0,0,0,0,0,1,Manual Review
CLM-2026-01006,121100.0,24,282,463,0,-7,0,1,1,1,1,0,0,0.021904761904761906,0.34782608695652173,0.11047619047619048,0,0,0,0,0,1,Manual Review
CLM-2026-00920,256900.0,12,28,342,0,3,0,1,1,1,1,0,0,0.014285714285714285,1.0,0.1,0,0,0,0,1,0,Invalid Claim
CLM-2026-00836,75600.0,12,551,-179,0,1,0,1,1,1,1,0,0,0.02666666666666667,0.21428571428571427,0.09523809523809523,0,0,0,0,1,0,Invalid Claim
CLM-2026-00600,63200.0,24,907,-173,0,4,1,1,1,1,1,0,0,0.037142857142857144,0.3076923076923077,0.09523809523809523,0,0,0,0,0,1,Invalid Claim
CLM-2026-01488,111800.0,12,235,133,2,5,0,1,0,1,0,0,0,0.03428571428571429,0.3333333333333333,0.1,0,0,1,0,0,0,Manual Review
CLM-2026-00525,186200.0,12,580,-210,0,3,1,1,1,1,1,0,0,0.06190476190476191,0.27692307692307694,0.08761904761904762,0,0,0,0,1,0,Invalid Claim
CLM-2026-00635,186100.0,24,116,663,0,-41,1,1,1,1,1,0,0,0.03619047619047619,0.23684210526315788,0.10761904761904761,0,0,0,1,0,0,Invalid Claim
CLM-2026-00280,278100.0,24,228,507,0,2,0,1,1,1,1,0,0,0.03619047619047619,0.23684210526315788,0.1019047619047619,0,0,0,1,0,0,Valid Claim
CLM-2026-01308,35700.0,36,1097,1,0,5,0,1,1,1,1,0,0,0.04,0.23809523809523808,0.10571428571428572,0,0,0,0,0,1,Manual Review
CLM-2026-01410,170300.0,24,625,110,0,3,0,1,1,1,1,0,1,0.04380952380952381,0.1956521739130435,0.1019047619047619,0,0,0,1,0,0,Manual Review
CLM-2026-00630,404100.0,24,33,700,0,5,1,1,1,1,1,0,0,0.009523809523809525,1.0,0.1,0,0,1,0,0,0,Invalid Claim
CLM-2026-00733,214300.0,12,50,321,0,2,1,1,1,1,1,0,0,0.014285714285714285,1.0,0.10571428571428572,0,0,1,0,0,0,Invalid Claim
CLM-2026-00266,116600.0,24,475,261,0,2,0,1,1,1,1,0,0,0.054285714285714284,0.14035087719298245,0.1019047619047619,0,0,0,1,0,0,Valid Claim
CLM-2026-00566,88700.0,12,63,307,0,3,1,1,1,1,1,1,1,0.04666666666666667,1.0,0.08761904761904762,0,0,0,0,0,1,Invalid Claim
CLM-2026-01049,475400.0,12,333,35,0,5,0,1,1,1,1,0,1,0.03238095238095238,0.23529411764705882,0.1019047619047619,0,0,0,0,1,0,Manual Review
CLM-2026-01493,179200.0,12,372,-2,0,3,0,1,1,1,1,0,0,0.03619047619047619,0.23684210526315788,0.10761904761904761,0,0,0,1,0,0,Manual Review
CLM-2026-01168,188400.0,24,204,529,1,5,0,1,0,1,1,0,0,0.054285714285714284,0.14035087719298245,0.09904761904761905,0,0,0,1,0,0,Manual Review
CLM-2026-01224,275600.0,12,78,299,0,-4,0,1,1,1,1,0,0,0.03333333333333333,0.11428571428571428,0.1,0,0,1,0,0,0,Manual Review
CLM-2026-01271,250400.0,24,135,599,0,4,0,1,1,1,1,0,1,0.03619047619047619,0.3157894736842105,0.09428571428571429,0,0,0,1,0,0,Manual Review
CLM-2026-00129,285400.0,12,199,171,0,2,0,1,1,1,1,0,0,0.029523809523809525,0.25806451612903225,0.10571428571428572,0,0,1,0,0,0,Valid Claim
CLM-2026-00680,81500.0,12,123,244,0,6,1,1,1,1,1,0,1,0.06476190476190476,0.3382352941176471,0.1019047619047619,0,1,0,0,0,0,Invalid Claim
CLM-2026-00785,63300.0,36,110,1057,0,-64,1,1,1,1,1,0,0,0.04,0.23809523809523808,0.10571428571428572,0,0,0,0,0,1,Invalid Claim
CLM-2026-01209,149700.0,12,210,158,0,5,0,1,1,1,1,0,1,0.02857142857142857,0.16666666666666666,0.09523809523809523,0,0,0,0,0,1,Manual Review
CLM-2026-00718,321600.0,24,22,710,0,6,1,1,1,1,1,0,1,0.029523809523809525,0.25806451612903225,0.09904761904761905,0,0,1,0,0,0,Invalid Claim
CLM-2026-00963,86400.0,24,62,674,0,2,0,1,1,1,1,0,0,0.009523809523809525,1.0,0.08761904761904762,0,0,0,1,0,0,Invalid Claim
CLM-2026-00217,293100.0,24,608,128,0,2,0,1,1,1,1,0,0,0.029523809523809525,0.25806451612903225,0.10761904761904761,0,0,1,0,0,0,Valid Claim
CLM-2026-00230,273400.0,12,280,91,1,2,0,1,1,0,1,0,0,0.03142857142857143,0.18181818181818182,0.09428571428571429,0,0,1,0,0,0,Valid Claim
CLM-2026-01228,206300.0,12,230,141,0,2,0,1,1,1,1,0,1,0.030476190476190476,0.21875,0.09904761904761905,0,0,0,0,1,0,Manual Review
CLM-2026-00413,99100.0,24,249,485,0,3,0,1,1,1,1,0,0,0.054285714285714284,0.14035087719298245,0.08952380952380952,0,0,0,1,0,0,Valid Claim
CLM-2026-00850,59300.0,12,61,308,0,4,1,1,1,1,1,0,0,0.009523809523809525,1.0,0.08761904761904762,0,1,0,0,0,0,Invalid Claim
CLM-2026-00796,432900.0,12,182,271,0,-80,1,1,1,1,1,0,0,0.04380952380952381,0.1956521739130435,0.1,0,0,0,1,0,0,Invalid Claim
CLM-2026-01242,380100.0,24,297,436,0,5,1,1,1,1,1,0,0,0.03142857142857143,0.18181818181818182,0.09428571428571429,0,0,1,0,0,0,Manual Review
CLM-2026-01355,60700.0,36,683,418,2,2,0,1,0,1,0,0,0,0.030476190476190476,0.25,0.10761904761904761,0,0,0,0,0,1,Manual Review
CLM-2026-01021,65900.0,12,169,199,0,5,2,1,1,1,1,0,0,0.06476190476190476,0.3382352941176471,0.08952380952380952,0,1,0,0,0,0,Manual Review
CLM-2026-01326,388300.0,12,272,97,2,4,0,1,0,1,0,0,0,0.02857142857142857,0.4666666666666667,0.10571428571428572,0,0,0,0,1,0,Manual Review
CLM-2026-00213,75800.0,12,197,171,0,5,0,1,1,1,1,0,0,0.06476190476190476,0.3382352941176471,0.11047619047619048,0,1,0,0,0,0,Valid Claim
CLM-2026-00098,115200.0,12,44,324,0,5,0,1,1,1,1,0,0,0.06476190476190476,0.3382352941176471,0.08952380952380952,0,1,0,0,0,0,Valid Claim
CLM-2026-00817,429600.0,12,106,263,0,4,1,1,1,1,1,0,0,0.014285714285714285,1.0,0.09523809523809523,0,0,0,0,1,0,Invalid Claim
CLM-2026-01220,194800.0,24,479,268,0,-9,0,1,1,1,1,0,0,0.054285714285714284,0.14035087719298245,0.10571428571428572,0,0,0,1,0,0,Manual Review
CLM-2026-00764,222300.0,24,65,672,2,1,0,0,0,1,1,0,1,0.010476190476190476,1.0,0.08761904761904762,0,0,1,0,0,0,Invalid Claim
CLM-2026-01171,0.0,12,20,349,0,4,0,1,1,1,1,0,1,0.03238095238095238,0.23529411764705882,0.08952380952380952,0,0,0,0,1,0,Manual Review
CLM-2026-00066,75200.0,12,271,99,0,2,0,1,1,1,1,0,0,0.06476190476190476,0.3382352941176471,0.10761904761904761,0,1,0,0,0,0,Valid Claim
CLM-2026-00383,306600.0,12,270,96,0,6,0,1,1,1,1,0,0,0.06190476190476191,0.27692307692307694,0.08952380952380952,0,0,0,0,1,0,Valid Claim
CLM-2026-00564,100400.0,12,140,315,0,-82,1,1,1,1,1,0,0,0.058095238095238096,0.2786885245901639,0.09523809523809523,0,1,0,0,0,0,Invalid Claim
CLM-2026-00044,103500.0,24,579,155,0,3,0,1,1,1,1,0,0,0.03142857142857143,0.18181818181818182,0.11047619047619048,0,0,1,0,0,0,Valid Claim
CLM-2026-00614,238800.0,12,132,235,0,6,0,1,1,1,1,0,1,0.06190476190476191,0.27692307692307694,0.09428571428571429,0,0,0,0,1,0,Invalid Claim
CLM-2026-01362,141600.0,24,734,1,0,3,0,1,1,1,1,0,0,0.029523809523809525,0.25806451612903225,0.10761904761904761,0,0,1,0,0,0,Manual Review
CLM-2026-00781,256500.0,12,108,260,0,5,0,1,1,1,1,1,1,0.04666666666666667,1.0,0.1,0,0,0,0,1,0,Invalid Claim
CLM-2026-01386,86300.0,12,304,66,0,3,0,1,1,1,1,0,1,0.03238095238095238,0.14705882352941177,0.09523809523809523,0,0,0,0,1,0,Manual Review
CLM-2026-01385,157600.0,36,921,178,0,4,3,1,1,1,1,0,0,0.037142857142857144,0.3076923076923077,0.1,0,0,0,0,0,1,Manual Review
CLM-2026-01116,106900.0,12,121,250,0,2,3,1,1,1,1,0,0,0.03428571428571429,0.3333333333333333,0.11047619047619048,0,0,1,0,0,0,Manual Review
CLM-2026-00953,368200.0,24,172,560,2,6,0,0,0,1,1,0,0,0.03428571428571429,0.3333333333333333,0.10761904761904761,0,0,1,0,0,0,Invalid Claim
CLM-2026-01486,69300.0,12,125,254,0,-6,0,1,1,1,1,0,0,0.06476190476190476,0.3382352941176471,0.09428571428571429,0,1,0,0,0,0,Manual Review
CLM-2026-00966,138000.0,12,161,299,0,-87,1,1,1,1,1,0,0,0.02666666666666667,0.21428571428571427,0.09428571428571429,0,0,0,0,0,1,Invalid Claim
CLM-2026-00143,107000.0,24,545,189,0,3,0,1,1,1,1,0,0,0.02666666666666667,0.21428571428571427,0.08761904761904762,0,0,0,0,0,1,Valid Claim
CLM-2026-01360,207000.0,24,403,332,0,3,0,1,1,1,1,0,1,0.04380952380952381,0.1956521739130435,0.09428571428571429,0,0,0,1,0,0,Manual Review
CLM-2026-01266,254000.0,12,85,283,0,5,2,1,1,1,1,0,0,0.03142857142857143,0.18181818181818182,0.08952380952380952,0,0,1,0,0,0,Manual Review
CLM-2026-00973,316800.0,24,186,638,0,-86,0,1,1,1,1,0,0,0.023809523809523808,0.24,0.0,1,0,1,0,0,0,Invalid Claim
CLM-2026-00395,324200.0,12,331,39,0,2,0,1,1,1,1,0,0,0.030476190476190476,0.21875,0.09523809523809523,0,0,0,0,1,0,Valid Claim
CLM-2026-01019,102100.0,12,373,-5,0,5,0,1,1,1,1,0,0,0.05142857142857143,0.3333333333333333,0.08952380952380952,0,1,0,0,0,0,Manual Review
CLM-2026-00411,96900.0,12,175,196,0,2,0,1,1,1,1,0,0,0.06476190476190476,0.3382352941176471,0.11047619047619048,0,1,0,0,0,0,Valid Claim
CLM-2026-00616,187800.0,12,401,-29,0,1,0,1,1,1,1,0,0,0.02857142857142857,0.4666666666666667,0.08761904761904762,0,0,0,0,1,0,Invalid Claim
CLM-2026-00072,201100.0,12,57,314,0,2,0,1,1,1,1,0,0,0.054285714285714284,0.14035087719298245,0.10761904761904761,0,0,0,1,0,0,Valid Claim
CLM-2026-01149,88000.0,24,286,449,2,3,0,1,0,1,0,0,0,0.04,0.23809523809523808,0.08952380952380952,0,0,0,0,0,1,Manual Review
CLM-2026-01014,221400.0,12,292,79,0,2,0,1,1,1,1,0,1,0.03619047619047619,0.3157894736842105,0.10761904761904761,0,0,0,1,0,0,Manual Review
CLM-2026-01329,142400.0,24,21,712,0,5,0,1,1,1,1,0,1,0.054285714285714284,0.14035087719298245,0.09523809523809523,0,0,0,1,0,0,Manual Review
CLM-2026-01234,369100.0,12,80,289,2,4,0,1,0,1,0,0,0,0.03142857142857143,0.18181818181818182,0.09428571428571429,0,0,1,0,0,0,Manual Review
CLM-2026-01197,249500.0,12,270,101,0,2,1,1,1,1,1,0,0,0.03238095238095238,0.14705882352941177,0.1019047619047619,0,0,0,0,1,0,Manual Review
CLM-2026-01351,66900.0,12,243,128,0,2,0,1,1,1,1,0,1,0.06476190476190476,0.3382352941176471,0.1,0,1,0,0,0,0,Manual Review
CLM-2026-00882,123300.0,24,181,554,0,3,1,1,1,1,1,0,1,0.04380952380952381,0.1956521739130435,0.10571428571428572,0,0,0,1,0,0,Invalid Claim
CLM-2026-00762,113400.0,24,46,688,0,4,1,1,1,1,1,0,0,0.002857142857142857,1.0,0.1,0,0,0,0,0,1,Invalid Claim
CLM-2026-01177,80300.0,36,451,661,0,-9,0,1,1,1,1,0,0,0.02857142857142857,0.16666666666666666,0.08952380952380952,0,0,0,0,0,1,Manual Review
CLM-2026-01500,125600.0,24,185,551,2,2,0,1,0,1,0,0,0,0.021904761904761906,0.34782608695652173,0.10761904761904761,0,0,0,0,0,1,Manual Review
CLM-2026-00847,113000.0,24,71,665,2,2,1,0,0,1,1,0,0,0.02857142857142857,0.16666666666666666,0.1,0,0,0,0,0,1,Invalid Claim
CLM-2026-00727,193500.0,12,112,258,2,3,0,0,0,1,1,0,0,0.03428571428571429,0.3333333333333333,0.09428571428571429,0,0,1,0,0,0,Invalid Claim
CLM-2026-01350,121900.0,12,186,182,1,5,0,1,1,1,0,0,0,0.04,0.23809523809523808,0.08761904761904762,0,0,0,0,0,1,Manual Review
CLM-2026-00339,334200.0,12,54,315,0,3,0,1,1,1,1,0,0,0.02666666666666667,0.21428571428571427,0.09904761904761905,0,0,0,0,1,0,Valid Claim
CLM-2026-00393,478600.0,24,600,134,0,4,1,1,1,1,1,0,0,0.029523809523809525,0.25806451612903225,0.10761904761904761,0,0,1,0,0,0,Valid Claim
CLM-2026-01079,464400.0,12,171,198,2,4,0,1,0,1,0,0,0,0.03238095238095238,0.23529411764705882,0.09904761904761905,0,0,0,0,1,0,Manual Review
CLM-2026-00106,124100.0,24,642,91,0,5,0,1,1,1,1,0,0,0.02857142857142857,0.16666666666666666,0.1019047619047619,0,0,0,0,0,1,Valid Claim
CLM-2026-00423,388600.0,12,203,164,0,5,0,1,1,1,1,0,0,0.030476190476190476,0.21875,0.09904761904761905,0,0,0,0,1,0,Valid Claim
CLM-2026-00137,64200.0,24,466,269,0,2,1,1,1,1,1,0,0,0.02857142857142857,0.16666666666666666,0.10571428571428572,0,0,0,0,0,1,Valid Claim
CLM-2026-00371,173200.0,36,809,290,0,3,0,1,1,1,1,0,0,0.037142857142857144,0.3076923076923077,0.09428571428571429,0,0,0,0,0,1,Valid Claim
CLM-2026-01094,0.0,24,265,468,0,5,3,1,1,1,1,0,0,0.04,0.23809523809523808,0.1,0,0,0,0,0,1,Manual Review
CLM-2026-01162,267300.0,24,735,-1,0,4,0,1,1,1,1,0,0,0.029523809523809525,0.25806451612903225,0.1019047619047619,0,0,1,0,0,0,Manual Review
CLM-2026-01104,113000.0,12,89,279,1,5,0,1,0,1,1,0,0,0.06190476190476191,0.27692307692307694,0.10571428571428572,0,0,0,0,1,0,Manual Review
CLM-2026-00029,173000.0,12,38,330,0,4,0,1,1,1,1,0,0,0.04380952380952381,0.1956521739130435,0.11047619047619048,0,0,0,1,0,0,Valid Claim
CLM-2026-00141,255800.0,12,231,136,0,5,0,1,1,1,1,0,0,0.03238095238095238,0.23529411764705882,0.09428571428571429,0,0,0,0,1,0,Valid Claim
CLM-2026-00986,154700.0,12,576,-208,0,5,1,1,1,1,1,0,0,0.023809523809523808,0.24,0.1019047619047619,0,0,1,0,0,0,Invalid Claim
CLM-2026-00668,241700.0,12,145,284,0,-56,1,1,1,1,1,0,0,0.03142857142857143,0.18181818181818182,0.08952380952380952,0,0,1,0,0,0,Invalid Claim
CLM-2026-01457,256100.0,24,736,-1,0,3,0,1,1,1,1,0,0,0.04380952380952381,0.1956521739130435,0.08761904761904762,0,0,0,1,0,0,Manual Review
CLM-2026-00329,347400.0,24,358,374,0,6,1,1,1,1,1,0,0,0.06190476190476191,0.27692307692307694,0.1019047619047619,0,0,1,0,0,0,Valid Claim
CLM-2026-00833,290900.0,24,171,564,0,3,1,1,1,1,1,0,1,0.06190476190476191,0.27692307692307694,0.11047619047619048,0,0,1,0,0,0,Invalid Claim
CLM-2026-00061,248100.0,12,54,312,0,6,0,1,1,1,1,0,0,0.03238095238095238,0.23529411764705882,0.1019047619047619,0,0,0,0,1,0,Valid Claim
CLM-2026-00780,82200.0,12,86,337,0,-50,0,1,1,1,1,0,0,0.06476190476190476,0.3382352941176471,0.08761904761904762,0,1,0,0,0,0,Invalid Claim
CLM-2026-00985,240700.0,12,86,286,0,1,1,1,1,1,1,0,1,0.03619047619047619,0.23684210526315788,0.1019047619047619,0,0,0,1,0,0,Invalid Claim
CLM-2026-00517,397800.0,12,98,269,1,6,0,0,1,1,1,0,0,0.06190476190476191,0.27692307692307694,0.1,0,0,0,0,1,0,Invalid Claim
CLM-2026-01307,209700.0,24,58,676,0,4,3,1,1,1,1,0,0,0.03619047619047619,0.23684210526315788,0.09904761904761905,0,0,0,1,0,0,Manual Review
CLM-2026-01095,123300.0,24,732,5,0,1,0,1,1,1,1,0,0,0.021904761904761906,0.34782608695652173,0.1,0,0,0,0,0,1,Manual Review
CLM-2026-01126,100000.0,12,368,5,0,0,0,1,1,1,1,0,0,0.06476190476190476,0.3382352941176471,0.1,0,1,0,0,0,0,Manual Review
CLM-2026-00274,392100.0,24,434,301,0,3,2,1,1,1,1,0,0,0.03142857142857143,0.18181818181818182,0.09904761904761905,0,0,1,0,0,0,Valid Claim
CLM-2026-00964,139400.0,36,72,1029,2,2,0,0,0,1,1,0,0,0.037142857142857144,0.3076923076923077,0.08952380952380952,0,0,0,0,0,1,Invalid Claim
CLM-2026-01164,80800.0,12,69,301,0,3,3,1,1,1,1,0,0,0.058095238095238096,0.2786885245901639,0.1,0,1,0,0,0,0,Manual Review
CLM-2026-00883,84600.0,12,128,241,0,4,1,1,1,1,1,1,1,0.04666666666666667,1.0,0.09523809523809523,0,1,0,0,0,0,Invalid Claim
CLM-2026-01256,67900.0,12,176,192,0,5,3,1,1,1,1,0,0,0.06476190476190476,0.3382352941176471,0.1,0,1,0,0,0,0,Manual Review
CLM-2026-00573,228700.0,12,95,275,2,3,0,0,0,1,1,0,0,0.03238095238095238,0.23529411764705882,0.1019047619047619,0,0,0,0,1,0,Invalid Claim
CLM-2026-01160,318900.0,24,623,111,0,4,1,1,1,1,1,0,0,0.06190476190476191,0.27692307692307694,0.09428571428571429,0,0,1,0,0,0,Manual Review
CLM-2026-01390,266400.0,12,237,133,1,3,0,1,1,1,0,0,0,0.04380952380952381,0.1956521739130435,0.09428571428571429,0,0,0,1,0,0,Manual Review
CLM-2026-01097,55700.0,12,297,71,1,5,0,1,0,1,1,0,0,0.058095238095238096,0.2786885245901639,0.1019047619047619,0,1,0,0,0,0,Manual Review
CLM-2026-00254,157000.0,12,70,301,0,2,1,1,1,1,1,0,0,0.037142857142857144,0.3076923076923077,0.10761904761904761,0,0,0,0,0,1,Valid Claim
CLM-2026-00208,427000.0,12,46,319,0,8,1,1,1,1,1,0,1,0.03238095238095238,0.14705882352941177,0.09904761904761905,0,0,0,0,1,0,Valid Claim
CLM-2026-00997,89200.0,12,159,210,0,4,0,1,1,1,1,0,1,0.02857142857142857,0.4666666666666667,0.0,1,0,0,0,1,0,Invalid Claim
CLM-2026-00402,232900.0,24,21,711,0,5,2,1,1,1,1,0,0,0.04380952380952381,0.1956521739130435,0.10761904761904761,0,0,0,1,0,0,Valid Claim
CLM-2026-01462,181900.0,24,439,306,0,-7,0,1,1,1,1,0,0,0.02666666666666667,0.21428571428571427,0.09428571428571429,0,0,0,0,0,1,Manual Review
CLM-2026-00640,85500.0,12,553,-181,0,1,1,1,1,1,1,0,0,0.058095238095238096,0.2786885245901639,0.10761904761904761,0,1,0,0,0,0,Invalid Claim
CLM-2026-00446,228900.0,12,219,146,0,8,2,1,1,1,1,0,1,0.02666666666666667,0.21428571428571427,0.1019047619047619,0,0,0,0,1,0,Valid Claim
CLM-2026-01367,69900.0,12,199,169,1,5,0,1,1,0,1,0,0,0.058095238095238096,0.2786885245901639,0.09523809523809523,0,1,0,0,0,0,Manual Review
CLM-2026-01270,77000.0,12,106,265,0,2,0,1,1,1,1,0,1,0.06476190476190476,0.3382352941176471,0.08761904761904762,0,1,0,0,0,0,Manual Review
CLM-2026-00261,68600.0,12,100,269,0,4,1,1,1,1,1,0,0,0.06476190476190476,0.3382352941176471,0.1019047619047619,0,1,0,0,0,0,Valid Claim
CLM-2026-00101,94900.0,12,283,84,0,5,0,1,1,1,1,0,0,0.054285714285714284,0.14035087719298245,0.10761904761904761,0,0,0,1,0,0,Valid Claim
CLM-2026-00033,164200.0,36,673,425,0,5,0,1,1,1,1,0,0,0.02666666666666667,0.21428571428571427,0.10571428571428572,0,0,0,0,0,1,Valid Claim
CLM-2026-00958,86900.0,12,27,344,0,2,1,1,1,1,1,0,0,0.0009523809523809524,1.0,0.1,0,0,0,0,0,1,Invalid Claim
CLM-2026-00856,123500.0,24,159,576,2,3,1,0,0,1,1,0,0,0.03619047619047619,0.3157894736842105,0.11047619047619048,0,0,0,1,0,0,Invalid Claim
CLM-2026-01460,243100.0,12,238,142,0,-7,0,1,1,1,1,0,0,0.03142857142857143,0.18181818181818182,0.09523809523809523,0,0,1,0,0,0,Manual Review
CLM-2026-01154,238700.0,12,369,3,0,1,0,1,1,1,1,0,0,0.03238095238095238,0.23529411764705882,0.08952380952380952,0,0,0,0,1,0,Manual Review
CLM-2026-01237,86700.0,24,575,160,1,3,0,1,1,1,0,0,0,0.030476190476190476,0.25,0.10761904761904761,0,0,0,0,0,1,Manual Review
CLM-2026-00425,187000.0,24,47,688,0,2,0,1,1,1,1,0,0,0.04380952380952381,0.1956521739130435,0.10571428571428572,0,0,0,1,0,0,Valid Claim
CLM-2026-00838,69100.0,12,32,339,0,2,1,1,1,1,1,0,1,0.03238095238095238,0.23529411764705882,0.10761904761904761,0,0,0,0,1,0,Invalid Claim
CLM-2026-00445,65300.0,12,203,164,0,5,0,1,1,1,1,0,0,0.054285714285714284,0.14035087719298245,0.1019047619047619,0,0,0,1,0,0,Valid Claim
CLM-2026-00773,357100.0,24,962,-224,0,0,0,1,1,1,1,0,0,0.03428571428571429,0.3333333333333333,0.08761904761904762,0,0,1,0,0,0,Invalid Claim
CLM-2026-01068,123500.0,12,75,294,0,4,0,1,1,1,1,0,1,0.058095238095238096,0.2786885245901639,0.08952380952380952,0,1,0,0,0,0,Manual Review
CLM-2026-00824,90800.0,12,143,227,0,3,1,1,1,1,1,0,0,0.014285714285714285,1.0,0.1019047619047619,0,0,0,0,1,0,Invalid Claim
CLM-2026-00399,186700.0,24,267,468,0,2,0,1,1,1,1,0,0,0.054285714285714284,0.14035087719298245,0.10761904761904761,0,0,0,1,0,0,Valid Claim
CLM-2026-00160,242400.0,24,404,329,0,4,2,1,1,1,1,0,0,0.03333333333333333,0.11428571428571428,0.08952380952380952,0,0,1,0,0,0,Valid Claim
CLM-2026-00921,89100.0,12,156,327,0,-110,0,1,1,1,1,0,0,0.030476190476190476,0.21875,0.10761904761904761,0,0,0,0,1,0,Invalid Claim
CLM-2026-00959,104100.0,12,117,254,0,2,0,1,1,1,1,0,0,0.002857142857142857,1.0,0.1019047619047619,0,0,0,0,1,0,Invalid Claim
CLM-2026-00702,115500.0,12,169,200,0,4,1,1,1,1,1,0,1,0.021904761904761906,0.34782608695652173,0.11047619047619048,0,0,0,0,0,1,Invalid Claim
CLM-2026-00641,231500.0,12,109,262,0,2,1,1,1,1,1,0,1,0.04380952380952381,0.1956521739130435,0.10571428571428572,0,0,0,1,0,0,Invalid Claim
CLM-2026-00497,109000.0,12,212,155,0,5,2,1,1,1,1,0,0,0.02666666666666667,0.21428571428571427,0.08761904761904762,0,0,0,0,1,0,Valid Claim
CLM-2026-00825,123900.0,12,32,335,0,6,1,1,1,1,1,1,1,0.04666666666666667,1.0,0.11047619047619048,0,1,0,0,0,0,Invalid Claim
CLM-2026-00848,109300.0,12,492,-120,0,1,1,1,1,1,1,0,1,0.010476190476190476,1.0,0.10571428571428572,0,0,0,0,1,0,Invalid Claim
CLM-2026-00404,161000.0,24,520,216,0,2,0,1,1,1,1,0,0,0.023809523809523808,0.24,0.10761904761904761,0,0,1,0,0,0,Valid Claim
CLM-2026-00354,87300.0,12,88,279,0,5,0,1,1,1,1,0,0,0.02666666666666667,0.21428571428571427,0.11047619047619048,0,0,0,0,0,1,Valid Claim
CLM-2026-00012,203700.0,12,222,147,0,3,0,1,1,1,1,0,0,0.04,0.23809523809523808,0.09904761904761905,0,0,0,0,0,1,Valid Claim
CLM-2026-00940,211000.0,12,165,205,0,3,0,1,1,1,1,1,1,0.04666666666666667,1.0,0.1019047619047619,0,0,0,0,1,0,Invalid Claim
CLM-2026-00451,89900.0,12,136,231,0,5,0,1,1,1,1,0,0,0.058095238095238096,0.2786885245901639,0.10761904761904761,0,1,0,0,0,0,Valid Claim
CLM-2026-00256,222400.0,24,319,413,0,5,0,1,1,1,1,0,0,0.023809523809523808,0.24,0.09428571428571429,0,0,1,0,0,0,Valid Claim
CLM-2026-00649,69300.0,12,87,281,1,5,0,0,1,1,1,0,0,0.06476190476190476,0.3382352941176471,0.09428571428571429,0,1,0,0,0,0,Invalid Claim
CLM-2026-00536,84600.0,12,169,200,2,4,1,0,0,1,1,0,0,0.05142857142857143,0.3333333333333333,0.09904761904761905,0,1,0,0,0,0,Invalid Claim
CLM-2026-01196,175500.0,12,375,-5,0,3,0,1,1,1,1,0,0,0.03619047619047619,0.23684210526315788,0.10571428571428572,0,0,0,1,0,0,Manual Review
CLM-2026-00709,104300.0,12,74,297,1,2,1,0,1,1,1,0,0,0.029523809523809525,0.25806451612903225,0.09428571428571429,0,0,1,0,0,0,Invalid Claim
CLM-2026-00447,187100.0,12,123,247,0,2,1,1,1,1,1,0,0,0.03619047619047619,0.3157894736842105,0.09523809523809523,0,0,0,1,0,0,Valid Claim
CLM-2026-00307,150500.0,12,40,327,0,6,2,1,1,1,1,0,0,0.03619047619047619,0.23684210526315788,0.08761904761904762,0,0,0,1,0,0,Valid Claim
CLM-2026-01393,0.0,12,123,246,1,4,0,1,1,1,0,0,0,0.03238095238095238,0.14705882352941177,0.09904761904761905,0,0,0,0,1,0,Manual Review
CLM-2026-00385,176700.0,24,465,267,0,5,2,1,1,1,1,0,0,0.03619047619047619,0.3157894736842105,0.08761904761904762,0,0,0,1,0,0,Valid Claim
CLM-2026-00933,293900.0,12,95,272,0,6,1,1,1,1,1,0,1,0.03238095238095238,0.23529411764705882,0.09428571428571429,0,0,0,0,1,0,Invalid Claim
CLM-2026-01470,79300.0,12,32,344,0,-3,0,1,1,1,1,0,0,0.030476190476190476,0.21875,0.10761904761904761,0,0,0,0,1,0,Manual Review
CLM-2026-00839,97300.0,12,70,300,0,3,1,1,1,1,1,0,0,0.010476190476190476,1.0,0.09523809523809523,0,1,0,0,0,0,Invalid Claim
CLM-2026-00615,75800.0,12,140,294,0,-61,1,1,1,1,1,0,1,0.010476190476190476,1.0,0.09428571428571429,0,1,0,0,0,0,Invalid Claim
CLM-2026-00867,129900.0,12,111,258,1,4,1,0,1,1,1,0,0,0.037142857142857144,0.3076923076923077,0.09904761904761905,0,0,0,0,0,1,Invalid Claim
CLM-2026-00350,312200.0,24,599,136,0,3,2,1,1,1,1,0,0,0.03428571428571429,0.3333333333333333,0.11047619047619048,0,0,1,0,0,0,Valid Claim
CLM-2026-01178,88500.0,24,302,438,0,-2,0,1,1,1,1,0,0,0.030476190476190476,0.25,0.08952380952380952,0,0,0,0,0,1,Manual Review
CLM-2026-00049,100400.0,12,311,57,0,5,1,1,1,1,1,0,0,0.02857142857142857,0.16666666666666666,0.09428571428571429,0,0,0,0,0,1,Valid Claim
CLM-2026-00037,369700.0,12,260,110,0,3,0,1,1,1,1,0,0,0.02857142857142857,0.4666666666666667,0.09428571428571429,0,0,0,0,1,0,Valid Claim
CLM-2026-00526,49400.0,24,132,605,0,1,1,1,1,1,1,0,1,0.04,0.23809523809523808,0.08761904761904762,0,0,0,0,0,1,Invalid Claim
CLM-2026-00276,84000.0,12,163,206,0,3,0,1,1,1,1,0,0,0.058095238095238096,0.2786885245901639,0.08952380952380952,0,1,0,0,0,0,Valid Claim
CLM-2026-01119,232900.0,12,346,25,0,2,3,1,1,1,1,0,0,0.02666666666666667,0.21428571428571427,0.09428571428571429,0,0,0,0,1,0,Manual Review
CLM-2026-00562,120600.0,36,126,971,1,6,1,0,1,1,1,0,0,0.030476190476190476,0.25,0.09428571428571429,0,0,0,0,0,1,Invalid Claim
CLM-2026-00610,243300.0,12,134,237,0,2,1,1,1,1,1,0,1,0.03238095238095238,0.23529411764705882,0.08761904761904762,0,0,0,0,1,0,Invalid Claim
CLM-2026-00169,319600.0,24,59,670,0,8,2,1,1,1,1,0,1,0.029523809523809525,0.25806451612903225,0.1019047619047619,0,0,1,0,0,0,Valid Claim
CLM-2026-00697,143200.0,24,149,585,1,4,1,0,1,1,1,0,0,0.03619047619047619,0.23684210526315788,0.11047619047619048,0,0,0,1,0,0,Invalid Claim
CLM-2026-00575,98600.0,12,48,321,0,4,1,1,1,1,1,0,0,0.014285714285714285,1.0,0.08761904761904762,0,1,0,0,0,0,Invalid Claim
CLM-2026-00717,165100.0,36,94,1004,0,5,1,1,1,1,1,0,0,0.002857142857142857,1.0,0.08952380952380952,0,0,0,0,0,1,Invalid Claim
CLM-2026-00006,77400.0,12,333,34,0,5,1,1,1,1,1,0,0,0.06476190476190476,0.3382352941176471,0.08761904761904762,0,1,0,0,0,0,Valid Claim
CLM-2026-00792,466900.0,12,52,315,0,6,0,1,1,1,1,0,1,0.02857142857142857,0.4666666666666667,0.09523809523809523,0,0,0,0,1,0,Invalid Claim
CLM-2026-00152,207300.0,24,85,650,0,3,0,1,1,1,1,0,0,0.03619047619047619,0.23684210526315788,0.08761904761904762,0,0,0,1,0,0,Valid Claim
CLM-2026-00093,74900.0,12,23,344,0,6,2,1,1,1,1,0,0,0.04380952380952381,0.1956521739130435,0.10571428571428572,0,0,0,1,0,0,Valid Claim
CLM-2026-00156,92100.0,12,121,249,1,3,1,1,1,0,1,0,0,0.037142857142857144,0.3076923076923077,0.08761904761904762,0,0,0,0,0,1,Valid Claim
CLM-2026-01050,129100.0,12,367,4,0,2,0,1,1,1,1,0,0,0.037142857142857144,0.3076923076923077,0.08761904761904762,0,0,0,0,0,1,Manual Review
CLM-2026-00528,213600.0,24,51,682,0,5,0,1,1,1,1,0,0,0.010476190476190476,1.0,0.11047619047619048,0,0,0,1,0,0,Invalid Claim
CLM-2026-00669,170700.0,24,62,674,2,2,0,0,0,1,1,0,0,0.021904761904761906,0.34782608695652173,0.08952380952380952,0,0,0,0,0,1,Invalid Claim
CLM-2026-00116,96700.0,24,160,571,0,6,2,1,1,1,1,0,0,0.037142857142857144,0.3076923076923077,0.1,0,0,0,0,0,1,Valid Claim
CLM-2026-00735,239400.0,12,151,312,0,-90,0,1,1,1,1,0,0,0.03238095238095238,0.14705882352941177,0.09904761904761905,0,0,0,0,1,0,Invalid Claim
CLM-2026-01148,83600.0,12,274,103,0,-4,0,1,1,1,1,0,0,0.03238095238095238,0.14705882352941177,0.1,0,0,0,0,1,0,Manual Review
CLM-2026-00553,472000.0,12,133,341,0,-101,0,1,1,1,1,0,0,0.030476190476190476,0.21875,0.08952380952380952,0,0,0,0,1,0,Invalid Claim
CLM-2026-01130,96200.0,12,221,156,0,-4,0,1,1,1,1,0,1,0.058095238095238096,0.2786885245901639,0.09523809523809523,0,1,0,0,0,0,Manual Review
CLM-2026-00284,450300.0,12,115,253,0,5,0,1,1,1,1,0,0,0.02857142857142857,0.4666666666666667,0.08952380952380952,0,0,0,0,1,0,Valid Claim
CLM-2026-00194,257600.0,24,698,35,0,4,1,1,1,1,1,0,0,0.03619047619047619,0.3157894736842105,0.10571428571428572,0,0,0,1,0,0,Valid Claim
CLM-2026-01186,96200.0,24,684,49,0,5,1,1,1,1,1,0,0,0.023809523809523808,0.24,0.08952380952380952,0,0,1,0,0,0,Manual Review
CLM-2026-00308,116900.0,24,154,577,0,6,0,1,1,1,1,0,0,0.02857142857142857,0.16666666666666666,0.10571428571428572,0,0,0,0,0,1,Valid Claim
CLM-2026-01043,177900.0,36,630,469,0,4,1,1,1,1,1,0,0,0.04,0.23809523809523808,0.09904761904761905,0,0,0,0,0,1,Manual Review
CLM-2026-00591,125700.0,36,97,1003,2,3,0,0,0,1,1,0,0,0.030476190476190476,0.25,0.08952380952380952,0,0,0,0,0,1,Invalid Claim
CLM-2026-01340,298800.0,24,572,164,0,2,1,1,1,1,1,0,0,0.029523809523809525,0.25806451612903225,0.09428571428571429,0,0,1,0,0,0,Manual Review
CLM-2026-01377,128400.0,12,288,81,1,4,0,1,1,0,1,0,0,0.02666666666666667,0.21428571428571427,0.09428571428571429,0,0,0,0,1,0,Manual Review
CLM-2026-00461,114800.0,12,117,249,0,6,2,1,1,1,1,0,0,0.023809523809523808,0.24,0.09904761904761905,0,0,1,0,0,0,Valid Claim
CLM-2026-01277,160000.0,24,320,426,0,-8,0,1,1,1,1,0,0,0.02857142857142857,0.16666666666666666,0.1019047619047619,0,0,0,0,0,1,Manual Review
CLM-2026-00207,159700.0,36,671,429,0,2,0,1,1,1,1,0,0,0.02666666666666667,0.21428571428571427,0.09523809523809523,0,0,0,0,0,1,Valid Claim
CLM-2026-00147,142900.0,36,453,644,0,6,1,1,1,1,1,0,0,0.02666666666666667,0.21428571428571427,0.09428571428571429,0,0,0,0,0,1,Valid Claim
CLM-2026-00827,155900.0,24,117,616,0,5,0,1,1,1,1,0,1,0.021904761904761906,0.34782608695652173,0.0,1,0,0,0,0,1,Invalid Claim
CLM-2026-00846,100300.0,12,175,196,0,2,0,1,1,1,1,0,1,0.05142857142857143,0.3333333333333333,0.09523809523809523,0,1,0,0,0,0,Invalid Claim
CLM-2026-01301,457800.0,12,235,134,0,4,2,1,1,1,1,0,0,0.03333333333333333,0.11428571428571428,0.11047619047619048,0,0,1,0,0,0,Manual Review
CLM-2026-00365,189200.0,36,23,1075,0,4,2,1,1,1,1,0,0,0.030476190476190476,0.25,0.09428571428571429,0,0,0,0,0,1,Valid Claim
CLM-2026-00441,90000.0,36,843,257,0,3,0,1,1,1,1,0,0,0.04,0.23809523809523808,0.11047619047619048,0,0,0,0,0,1,Valid Claim
CLM-2026-01085,152700.0,24,510,223,0,5,1,1,1,1,1,0,0,0.054285714285714284,0.14035087719298245,0.11047619047619048,0,0,0,1,0,0,Manual Review
CLM-2026-00334,107100.0,24,198,537,0,3,0,1,1,1,1,0,0,0.021904761904761906,0.34782608695652173,0.08761904761904762,0,0,0,0,0,1,Valid Claim
CLM-2026-00845,104900.0,12,407,-34,0,0,0,1,1,1,1,0,0,0.05142857142857143,0.3333333333333333,0.11047619047619048,0,1,0,0,0,0,Invalid Claim
CLM-2026-00240,78900.0,12,25,341,0,6,0,1,1,1,1,0,0,0.02666666666666667,0.21428571428571427,0.11047619047619048,0,0,0,0,1,0,Valid Claim
CLM-2026-00060,66400.0,12,244,124,0,5,0,1,1,1,1,0,0,0.05142857142857143,0.3333333333333333,0.10761904761904761,0,1,0,0,0,0,Valid Claim
CLM-2026-00017,116900.0,12,337,31,0,4,1,1,1,1,1,0,0,0.06476190476190476,0.3382352941176471,0.09904761904761905,0,1,0,0,0,0,Valid Claim
CLM-2026-01354,152700.0,24,609,125,0,4,2,1,1,1,1,0,0,0.03333333333333333,0.11428571428571428,0.09428571428571429,0,0,1,0,0,0,Manual Review
CLM-2026-01145,76200.0,24,31,702,0,5,2,1,1,1,1,0,0,0.02666666666666667,0.21428571428571427,0.11047619047619048,0,0,0,0,0,1,Manual Review
CLM-2026-01364,57100.0,12,332,48,0,-7,0,1,1,1,1,0,0,0.06476190476190476,0.3382352941176471,0.08761904761904762,0,1,0,0,0,0,Manual Review
CLM-2026-00636,78900.0,12,575,-205,0,3,1,1,1,1,1,0,0,0.058095238095238096,0.2786885245901639,0.1,0,1,0,0,0,0,Invalid Claim
CLM-2026-00954,51100.0,36,141,960,1,2,1,0,1,1,1,0,0,0.04,0.23809523809523808,0.11047619047619048,0,0,0,0,0,1,Invalid Claim
CLM-2026-00180,72500.0,12,46,323,0,4,0,1,1,1,1,0,0,0.05142857142857143,0.3333333333333333,0.09428571428571429,0,1,0,0,0,0,Valid Claim
CLM-2026-01475,46100.0,12,158,210,0,5,0,1,1,1,1,0,1,0.030476190476190476,0.25,0.11047619047619048,0,0,0,0,0,1,Manual Review
CLM-2026-01448,451100.0,12,310,58,0,5,0,1,1,1,1,0,1,0.03238095238095238,0.23529411764705882,0.08761904761904762,0,0,0,0,1,0,Manual Review
CLM-2026-01379,192100.0,12,368,2,0,3,0,1,1,1,1,0,0,0.030476190476190476,0.25,0.09904761904761905,0,0,0,0,0,1,Manual Review
CLM-2026-01102,250500.0,12,372,-2,0,3,0,1,1,1,1,0,0,0.04380952380952381,0.1956521739130435,0.11047619047619048,0,0,0,1,0,0,Manual Review
CLM-2026-00568,198700.0,12,125,246,0,2,0,1,1,1,1,0,0,0.014285714285714285,1.0,0.1,0,0,0,1,0,0,Invalid Claim
CLM-2026-00771,192800.0,12,166,206,0,1,0,1,1,1,1,1,1,0.04666666666666667,1.0,0.09904761904761905,0,0,0,0,1,0,Invalid Claim
CLM-2026-01283,124600.0,24,488,246,0,4,0,1,1,1,1,0,1,0.054285714285714284,0.14035087719298245,0.1019047619047619,0,0,0,1,0,0,Manual Review
CLM-2026-00747,80400.0,12,508,-140,0,5,1,1,1,1,1,0,0,0.05142857142857143,0.3333333333333333,0.10761904761904761,0,1,0,0,0,0,Invalid Claim
CLM-2026-00881,107700.0,12,43,328,0,2,1,1,1,1,1,0,0,0.009523809523809525,1.0,0.08952380952380952,0,1,0,0,0,0,Invalid Claim
CLM-2026-01129,269300.0,12,143,225,0,5,3,1,1,1,1,0,0,0.03619047619047619,0.23684210526315788,0.08761904761904762,0,0,0,1,0,0,Manual Review
CLM-2026-01260,55700.0,12,372,-4,0,5,0,1,1,1,1,0,1,0.058095238095238096,0.2786885245901639,0.08761904761904762,0,1,0,0,0,0,Manual Review
CLM-2026-00149,202900.0,24,181,553,0,3,2,1,1,1,1,0,0,0.03428571428571429,0.3333333333333333,0.09428571428571429,0,0,1,0,0,0,Valid Claim
CLM-2026-00899,75500.0,12,25,343,0,5,0,1,1,1,1,0,0,0.010476190476190476,1.0,0.10761904761904761,0,1,0,0,0,0,Invalid Claim
CLM-2026-01312,237800.0,24,735,4,0,-1,0,1,1,1,1,0,0,0.054285714285714284,0.14035087719298245,0.09428571428571429,0,0,0,1,0,0,Manual Review
CLM-2026-01047,180400.0,12,298,70,0,5,0,1,1,1,1,0,1,0.054285714285714284,0.14035087719298245,0.09904761904761905,0,0,0,1,0,0,Manual Review
CLM-2026-01418,91300.0,24,288,459,0,-9,0,1,1,1,1,0,0,0.04,0.23809523809523808,0.09904761904761905,0,0,0,0,0,1,Manual Review
CLM-2026-01215,155400.0,12,184,196,0,-7,0,1,1,1,1,0,0,0.04380952380952381,0.1956521739130435,0.09904761904761905,0,0,0,1,0,0,Manual Review
CLM-2026-01108,341300.0,24,620,116,0,2,1,1,1,1,1,0,0,0.03142857142857143,0.18181818181818182,0.1019047619047619,0,0,1,0,0,0,Manual Review
CLM-2026-00336,257800.0,12,275,92,0,5,0,1,1,1,1,0,0,0.02666666666666667,0.21428571428571427,0.1,0,0,0,0,1,0,Valid Claim
CLM-2026-01371,108200.0,12,212,158,1,3,0,1,1,1,0,0,0,0.06476190476190476,0.3382352941176471,0.08761904761904762,0,1,0,0,0,0,Manual Review
CLM-2026-01048,60000.0,12,194,175,0,4,0,1,1,1,1,0,1,0.02857142857142857,0.16666666666666666,0.1,0,0,0,0,0,1,Manual Review
CLM-2026-01293,112400.0,12,330,41,0,2,0,1,1,1,1,0,1,0.06190476190476191,0.27692307692307694,0.09523809523809523,0,0,0,0,1,0,Manual Review
CLM-2026-00279,136200.0,36,689,409,0,4,1,1,1,1,1,0,0,0.021904761904761906,0.34782608695652173,0.09904761904761905,0,0,0,0,0,1,Valid Claim
CLM-2026-01087,94700.0,12,372,-4,0,5,0,1,1,1,1,0,0,0.058095238095238096,0.2786885245901639,0.1,0,1,0,0,0,0,Manual Review
CLM-2026-01316,385300.0,12,250,119,0,4,0,1,1,1,1,0,1,0.03238095238095238,0.14705882352941177,0.09523809523809523,0,0,0,0,1,0,Manual Review
CLM-2026-00588,441100.0,12,186,185,0,2,0,1,1,1,1,0,1,0.03238095238095238,0.23529411764705882,0.09523809523809523,0,0,0,0,1,0,Invalid Claim
CLM-2026-00045,235800.0,24,296,438,0,3,2,1,1,1,1,0,0,0.03428571428571429,0.3333333333333333,0.09904761904761905,0,0,1,0,0,0,Valid Claim
CLM-2026-01383,94100.0,24,159,574,1,5,0,1,0,1,1,0,0,0.054285714285714284,0.14035087719298245,0.10571428571428572,0,0,0,1,0,0,Manual Review
CLM-2026-01416,219900.0,12,329,41,0,3,0,1,1,1,1,0,1,0.06190476190476191,0.27692307692307694,0.11047619047619048,0,0,0,0,1,0,Manual Review
CLM-2026-00930,136800.0,36,186,915,2,2,0,0,0,1,1,0,0,0.02666666666666667,0.21428571428571427,0.08952380952380952,0,0,0,0,0,1,Invalid Claim
CLM-2026-01491,102000.0,12,371,-1,0,3,0,1,1,1,1,0,0,0.06190476190476191,0.27692307692307694,0.10571428571428572,0,0,0,0,1,0,Manual Review
CLM-2026-00740,79000.0,36,156,945,2,2,1,0,0,1,1,0,0,0.04,0.23809523809523808,0.0,1,0,0,0,0,1,Invalid Claim
CLM-2026-00273,66400.0,12,171,198,0,4,1,1,1,1,1,0,0,0.06476190476190476,0.3382352941176471,0.1019047619047619,0,1,0,0,0,0,Valid Claim
CLM-2026-00144,145800.0,12,50,320,0,2,2,1,1,1,1,0,0,0.03619047619047619,0.3157894736842105,0.1019047619047619,0,0,0,1,0,0,Valid Claim
CLM-2026-00222,261400.0,12,282,88,0,3,0,1,1,1,1,0,0,0.03428571428571429,0.3333333333333333,0.10761904761904761,0,0,1,0,0,0,Valid Claim
CLM-2026-01012,280100.0,12,142,229,0,2,2,1,1,1,1,0,0,0.030476190476190476,0.21875,0.09523809523809523,0,0,0,0,1,0,Manual Review
CLM-2026-00603,39200.0,12,138,233,0,2,0,1,1,1,1,1,1,0.04666666666666667,1.0,0.1,0,0,0,0,0,1,Invalid Claim
CLM-2026-01117,123100.0,12,41,329,0,3,0,1,1,1,1,0,1,0.030476190476190476,0.21875,0.1019047619047619,0,0,0,0,1,0,Manual Review
CLM-2026-01443,360800.0,12,308,63,0,2,1,1,1,1,1,0,0,0.03428571428571429,0.3333333333333333,0.10761904761904761,0,0,1,0,0,0,Manual Review
CLM-2026-00647,79500.0,12,62,305,0,6,0,1,1,1,1,1,1,0.04666666666666667,1.0,0.08952380952380952,0,0,0,0,0,1,Invalid Claim
CLM-2026-00737,77100.0,24,144,590,0,4,0,1,1,1,1,1,1,0.04666666666666667,1.0,0.11047619047619048,0,0,0,1,0,0,Invalid Claim
CLM-2026-01265,115700.0,12,75,294,0,4,0,1,1,1,1,0,1,0.05142857142857143,0.3333333333333333,0.09904761904761905,0,1,0,0,0,0,Manual Review
CLM-2026-00059,101400.0,12,54,314,0,4,0,1,1,1,1,0,0,0.06476190476190476,0.3382352941176471,0.1019047619047619,0,1,0,0,0,0,Valid Claim
CLM-2026-01445,105000.0,12,369,2,0,2,0,1,1,1,1,0,0,0.021904761904761906,0.34782608695652173,0.09904761904761905,0,0,0,0,0,1,Manual Review
CLM-2026-01151,476900.0,12,216,155,1,2,0,1,1,0,1,0,0,0.030476190476190476,0.21875,0.10571428571428572,0,0,0,0,1,0,Manual Review
CLM-2026-00132,110600.0,12,184,186,0,2,1,1,1,1,1,0,0,0.03238095238095238,0.23529411764705882,0.10761904761904761,0,0,0,0,1,0,Valid Claim
CLM-2026-00136,351200.0,12,263,105,0,5,2,1,1,1,1,0,0,0.03238095238095238,0.14705882352941177,0.10571428571428572,0,0,0,0,1,0,Valid Claim
CLM-2026-00196,117100.0,12,276,95,0,2,1,1,1,1,1,0,0,0.058095238095238096,0.2786885245901639,0.08952380952380952,0,1,0,0,0,0,Valid Claim
CLM-2026-01093,234600.0,12,246,122,1,5,0,1,1,1,0,0,0,0.023809523809523808,0.24,0.09904761904761905,0,0,1,0,0,0,Manual Review
CLM-2026-00538,191100.0,36,133,967,2,3,1,0,0,1,1,0,0,0.02666666666666667,0.21428571428571427,0.09428571428571429,0,0,0,0,0,1,Invalid Claim
CLM-2026-00890,56800.0,12,54,313,0,6,0,1,1,1,1,0,1,0.06476190476190476,0.3382352941176471,0.09428571428571429,0,1,0,0,0,0,Invalid Claim
CLM-2026-00685,116500.0,24,81,651,1,6,0,0,1,1,1,0,0,0.04,0.23809523809523808,0.0,1,0,0,0,0,1,Invalid Claim
CLM-2026-01143,241700.0,12,369,5,0,-1,0,1,1,1,1,0,0,0.04380952380952381,0.1956521739130435,0.1,0,0,0,1,0,0,Manual Review
CLM-2026-00621,157000.0,12,47,322,2,4,0,0,0,1,1,0,0,0.03619047619047619,0.3157894736842105,0.10761904761904761,0,0,0,1,0,0,Invalid Claim
CLM-2026-00184,98800.0,12,173,194,0,5,1,1,1,1,1,0,0,0.058095238095238096,0.2786885245901639,0.1019047619047619,0,1,0,0,0,0,Valid Claim
CLM-2026-00572,75200.0,12,97,272,2,4,1,0,0,1,1,0,0,0.05142857142857143,0.3333333333333333,0.1019047619047619,0,1,0,0,0,0,Invalid Claim
CLM-2026-00791,70200.0,12,57,311,0,5,1,1,1,1,1,1,1,0.04666666666666667,1.0,0.10571428571428572,0,1,0,0,0,0,Invalid Claim
CLM-2026-00561,59900.0,12,107,264,0,2,1,1,1,1,1,0,0,0.009523809523809525,1.0,0.1,0,1,0,0,0,0,Invalid Claim
CLM-2026-01398,435200.0,12,136,245,0,-8,0,1,1,1,1,0,0,0.02857142857142857,0.4666666666666667,0.1,0,0,0,0,1,0,Manual Review
CLM-2026-00540,96400.0,24,174,562,0,2,0,1,1,1,1,1,1,0.04666666666666667,1.0,0.1019047619047619,0,0,0,0,0,1,Invalid Claim
CLM-2026-01464,253600.0,24,34,699,0,5,0,1,1,1,1,0,1,0.054285714285714284,0.14035087719298245,0.08952380952380952,0,0,0,1,0,0,Manual Review
CLM-2026-00022,77000.0,12,333,36,0,4,0,1,1,1,1,0,0,0.06476190476190476,0.3382352941176471,0.09523809523809523,0,1,0,0,0,0,Valid Claim
CLM-2026-00294,203000.0,12,249,122,0,2,2,1,1,1,1,0,0,0.03238095238095238,0.23529411764705882,0.11047619047619048,0,0,0,0,1,0,Valid Claim
CLM-2026-00491,63600.0,36,16,1081,0,5,0,1,1,1,1,0,0,0.021904761904761906,0.34782608695652173,0.1019047619047619,0,0,0,0,0,1,Valid Claim
CLM-2026-00888,295000.0,12,182,186,0,5,1,1,1,1,1,0,1,0.03238095238095238,0.23529411764705882,0.10761904761904761,0,0,0,0,1,0,Invalid Claim
CLM-2026-01236,83700.0,12,240,129,0,4,0,1,1,1,1,0,1,0.06476190476190476,0.3382352941176471,0.08761904761904762,0,1,0,0,0,0,Manual Review
CLM-2026-01233,431300.0,12,371,-4,0,6,0,1,1,1,1,0,0,0.03238095238095238,0.23529411764705882,0.11047619047619048,0,0,0,0,1,0,Manual Review
CLM-2026-00283,208500.0,12,170,196,0,6,2,1,1,1,1,0,0,0.02666666666666667,0.21428571428571427,0.08952380952380952,0,0,0,0,1,0,Valid Claim
CLM-2026-00788,402600.0,12,110,313,0,-50,1,1,1,1,1,0,0,0.02857142857142857,0.4666666666666667,0.09523809523809523,0,0,0,0,1,0,Invalid Claim
CLM-2026-00344,139700.0,12,185,182,0,5,0,1,1,1,1,0,0,0.04380952380952381,0.1956521739130435,0.10761904761904761,0,0,0,1,0,0,Valid Claim
CLM-2026-00569,84100.0,24,866,-132,0,4,0,1,1,1,1,0,0,0.030476190476190476,0.25,0.08761904761904762,0,0,0,0,0,1,Invalid Claim
CLM-2026-01412,151200.0,24,733,-1,0,6,0,1,1,1,1,0,0,0.03428571428571429,0.3333333333333333,0.08761904761904762,0,0,1,0,0,0,Manual Review
CLM-2026-00696,88200.0,24,168,564,0,6,1,1,1,1,1,1,1,0.04666666666666667,1.0,0.10761904761904761,0,0,0,0,0,1,Invalid Claim
CLM-2026-00377,267300.0,12,336,35,0,2,0,1,1,1,1,0,0,0.06190476190476191,0.27692307692307694,0.11047619047619048,0,0,0,0,1,0,Valid Claim
CLM-2026-00679,56400.0,12,115,255,0,3,0,1,1,1,1,0,0,0.014285714285714285,1.0,0.1019047619047619,0,1,0,0,0,0,Invalid Claim
CLM-2026-00338,166000.0,12,321,50,0,2,0,1,1,1,1,0,0,0.03428571428571429,0.3333333333333333,0.09904761904761905,0,0,1,0,0,0,Valid Claim
CLM-2026-01193,192600.0,12,49,321,0,3,2,1,1,1,1,0,0,0.030476190476190476,0.21875,0.1,0,0,0,0,1,0,Manual Review
CLM-2026-00812,55300.0,12,89,283,0,1,0,1,1,1,1,1,1,0.04666666666666667,1.0,0.08952380952380952,0,1,0,0,0,0,Invalid Claim
CLM-2026-00531,77200.0,12,555,-183,0,1,0,1,1,1,1,0,0,0.021904761904761906,0.34782608695652173,0.10761904761904761,0,0,0,0,0,1,Invalid Claim
CLM-2026-00252,212200.0,12,31,339,0,2,1,1,1,1,1,0,0,0.02666666666666667,0.21428571428571427,0.11047619047619048,0,0,0,0,1,0,Valid Claim
CLM-2026-01113,64400.0,24,738,-6,0,6,0,1,1,1,1,0,0,0.02666666666666667,0.21428571428571427,0.09428571428571429,0,0,0,0,0,1,Manual Review
CLM-2026-01173,185600.0,24,215,520,2,3,0,1,0,1,0,0,0,0.04380952380952381,0.1956521739130435,0.10761904761904761,0,0,0,1,0,0,Manual Review
CLM-2026-00775,119600.0,12,144,227,0,2,1,1,1,1,1,0,0,0.010476190476190476,1.0,0.10571428571428572,0,1,0,0,0,0,Invalid Claim
CLM-2026-00894,61900.0,12,69,300,0,4,1,1,1,1,1,0,1,0.06476190476190476,0.3382352941176471,0.08761904761904762,0,1,0,0,0,0,Invalid Claim
CLM-2026-00663,206600.0,12,63,305,2,5,1,0,0,1,1,0,0,0.03428571428571429,0.3333333333333333,0.08761904761904762,0,0,1,0,0,0,Invalid Claim
CLM-2026-01141,315300.0,12,134,234,1,5,0,1,1,1,0,0,0,0.06190476190476191,0.27692307692307694,0.08761904761904762,0,0,1,0,0,0,Manual Review
CLM-2026-01082,127300.0,24,180,556,0,2,0,1,1,1,1,0,1,0.03619047619047619,0.23684210526315788,0.1,0,0,0,1,0,0,Manual Review
CLM-2026-00706,234000.0,24,120,616,1,2,1,0,1,1,1,0,0,0.04380952380952381,0.1956521739130435,0.09904761904761905,0,0,0,1,0,0,Invalid Claim
CLM-2026-00150,152600.0,12,43,327,0,3,0,1,1,1,1,0,0,0.029523809523809525,0.25806451612903225,0.1019047619047619,0,0,1,0,0,0,Valid Claim
CLM-2026-01432,0.0,12,97,281,0,-5,0,1,1,1,1,0,0,0.03619047619047619,0.3157894736842105,0.09904761904761905,0,0,0,1,0,0,Manual Review
CLM-2026-01089,84000.0,12,375,-5,0,3,0,1,1,1,1,0,0,0.05142857142857143,0.3333333333333333,0.08952380952380952,0,1,0,0,0,0,Manual Review
CLM-2026-01404,437500.0,24,325,408,0,5,2,1,1,1,1,0,0,0.03619047619047619,0.3157894736842105,0.09428571428571429,0,0,0,1,0,0,Manual Review
CLM-2026-00510,77400.0,12,114,309,0,-50,1,1,1,1,1,0,0,0.02666666666666667,0.21428571428571427,0.08761904761904762,0,0,0,0,0,1,Invalid Claim
CLM-2026-00760,136200.0,24,66,670,0,2,1,1,1,1,1,1,1,0.04666666666666667,1.0,0.1,0,0,0,0,0,1,Invalid Claim
CLM-2026-01376,84200.0,36,873,227,0,3,3,1,1,1,1,0,0,0.02666666666666667,0.21428571428571427,0.1,0,0,0,0,0,1,Manual Review
CLM-2026-00124,230200.0,24,117,616,0,5,0,1,1,1,1,0,0,0.03142857142857143,0.18181818181818182,0.11047619047619048,0,0,1,0,0,0,Valid Claim
CLM-2026-00793,161700.0,12,171,198,1,4,0,0,1,1,1,0,0,0.03142857142857143,0.18181818181818182,0.08952380952380952,0,0,1,0,0,0,Invalid Claim
CLM-2026-00197,240400.0,24,120,612,0,6,1,1,1,1,1,0,0,0.023809523809523808,0.24,0.10761904761904761,0,0,1,0,0,0,Valid Claim
CLM-2026-00001,366800.0,12,28,339,0,6,0,1,1,1,1,0,0,0.03238095238095238,0.14705882352941177,0.09523809523809523,0,0,0,0,1,0,Valid Claim
CLM-2026-01123,125800.0,24,218,528,0,-8,0,1,1,1,1,0,0,0.054285714285714284,0.14035087719298245,0.1,0,0,0,1,0,0,Manual Review
CLM-2026-00960,400200.0,12,105,327,0,-59,0,1,1,1,1,0,0,0.054285714285714284,0.14035087719298245,0.11047619047619048,0,0,0,1,0,0,Invalid Claim
CLM-2026-00862,442700.0,12,169,199,0,5,0,1,1,1,1,0,1,0.03238095238095238,0.23529411764705882,0.08952380952380952,0,0,0,0,1,0,Invalid Claim
CLM-2026-00941,114200.0,12,61,306,0,6,0,1,1,1,1,0,1,0.05142857142857143,0.3333333333333333,0.09428571428571429,0,1,0,0,0,0,Invalid Claim
CLM-2026-00738,62500.0,12,68,301,0,4,1,1,1,1,1,0,0,0.010476190476190476,1.0,0.10761904761904761,0,1,0,0,0,0,Invalid Claim
CLM-2026-00707,468900.0,12,169,199,2,5,0,0,0,1,1,0,0,0.054285714285714284,0.14035087719298245,0.11047619047619048,0,0,0,1,0,0,Invalid Claim
CLM-2026-00285,345200.0,12,120,250,0,2,2,1,1,1,1,0,0,0.02857142857142857,0.4666666666666667,0.09428571428571429,0,0,0,0,1,0,Valid Claim
CLM-2026-00421,67300.0,36,31,1068,0,4,0,1,1,1,1,0,0,0.037142857142857144,0.3076923076923077,0.10761904761904761,0,0,0,0,0,1,Valid Claim
CLM-2026-00239,299200.0,24,40,694,0,3,0,1,1,1,1,0,0,0.029523809523809525,0.25806451612903225,0.09428571428571429,0,0,1,0,0,0,Valid Claim
CLM-2026-00893,358800.0,12,105,264,0,4,1,1,1,1,1,0,0,0.014285714285714285,1.0,0.10761904761904761,0,0,0,0,1,0,Invalid Claim
CLM-2026-01336,126600.0,12,326,42,1,5,0,1,1,0,1,0,0,0.03428571428571429,0.3333333333333333,0.1019047619047619,0,0,1,0,0,0,Manual Review
CLM-2026-00418,119300.0,24,474,258,0,5,0,1,1,1,1,0,0,0.03333333333333333,0.11428571428571428,0.10761904761904761,0,0,1,0,0,0,Valid Claim
CLM-2026-00909,115900.0,12,474,-101,0,0,1,1,1,1,1,0,0,0.058095238095238096,0.2786885245901639,0.10571428571428572,0,1,0,0,0,0,Invalid Claim
CLM-2026-00813,214100.0,12,105,266,1,2,0,0,1,1,1,0,0,0.03619047619047619,0.3157894736842105,0.09523809523809523,0,0,0,1,0,0,Invalid Claim
CLM-2026-00039,99300.0,12,91,275,0,6,1,1,1,1,1,0,0,0.04,0.23809523809523808,0.11047619047619048,0,0,0,0,0,1,Valid Claim
CLM-2026-00626,280900.0,24,100,694,0,-56,0,1,1,1,1,0,0,0.029523809523809525,0.25806451612903225,0.10761904761904761,0,0,1,0,0,0,Invalid Claim
CLM-2026-00660,106900.0,12,205,272,0,-104,1,1,1,1,1,0,0,0.03238095238095238,0.14705882352941177,0.10761904761904761,0,0,0,0,1,0,Invalid Claim
CLM-2026-00803,92300.0,12,31,340,0,2,1,1,1,1,1,0,1,0.010476190476190476,1.0,0.11047619047619048,0,1,0,0,0,0,Invalid Claim
CLM-2026-00311,70700.0,12,176,191,1,5,2,1,1,0,1,0,0,0.058095238095238096,0.2786885245901639,0.08952380952380952,0,1,0,0,0,0,Valid Claim
CLM-2026-00127,79900.0,36,426,674,0,3,0,1,1,1,1,0,0,0.037142857142857144,0.3076923076923077,0.08952380952380952,0,0,0,0,0,1,Valid Claim
CLM-2026-00589,389700.0,12,65,303,0,5,1,1,1,1,1,1,1,0.04666666666666667,1.0,0.09523809523809523,0,0,0,0,1,0,Invalid Claim
CLM-2026-01439,396600.0,24,587,147,0,4,0,1,1,1,1,0,1,0.023809523809523808,0.24,0.09523809523809523,0,0,1,0,0,0,Manual Review
CLM-2026-00190,106700.0,12,307,62,0,3,0,1,1,1,1,0,0,0.058095238095238096,0.2786885245901639,0.08761904761904762,0,1,0,0,0,0,Valid Claim
CLM-2026-00509,84700.0,12,154,218,0,1,1,1,1,1,1,1,1,0.04666666666666667,1.0,0.10761904761904761,0,1,0,0,0,0,Invalid Claim
CLM-2026-01217,167400.0,12,182,187,0,4,1,1,1,1,1,0,0,0.037142857142857144,0.3076923076923077,0.10761904761904761,0,0,0,0,0,1,Manual Review
CLM-2026-01337,104200.0,24,304,430,1,4,0,1,1,0,1,0,0,0.04,0.23809523809523808,0.08952380952380952,0,0,0,0,0,1,Manual Review
CLM-2026-00359,190700.0,24,660,74,0,4,1,1,1,1,1,0,0,0.06190476190476191,0.27692307692307694,0.09428571428571429,0,0,1,0,0,0,Valid Claim
CLM-2026-00731,364400.0,12,430,-58,0,1,0,1,1,1,1,0,0,0.029523809523809525,0.25806451612903225,0.09904761904761905,0,0,1,0,0,0,Invalid Claim
CLM-2026-00798,288800.0,12,529,-162,0,6,1,1,1,1,1,0,0,0.03428571428571429,0.3333333333333333,0.08952380952380952,0,0,1,0,0,0,Invalid Claim
CLM-2026-00164,397700.0,12,175,193,0,5,2,1,1,1,1,0,0,0.06190476190476191,0.27692307692307694,0.08952380952380952,0,0,1,0,0,0,Valid Claim
CLM-2026-00434,149600.0,24,80,653,0,4,2,1,1,1,1,0,1,0.06190476190476191,0.27692307692307694,0.09904761904761905,0,0,1,0,0,0,Valid Claim
CLM-2026-00426,100300.0,36,870,229,0,3,0,1,1,1,1,0,0,0.021904761904761906,0.34782608695652173,0.10571428571428572,0,0,0,0,0,1,Valid Claim
CLM-2026-01285,315500.0,12,132,238,0,3,0,1,1,1,1,0,1,0.023809523809523808,0.24,0.09523809523809523,0,0,1,0,0,0,Manual Review
CLM-2026-01327,115300.0,12,221,150,1,2,0,1,1,0,1,0,0,0.05142857142857143,0.3333333333333333,0.10761904761904761,0,1,0,0,0,0,Manual Review
CLM-2026-01252,78900.0,12,118,258,0,-3,0,1,1,1,1,0,0,0.05142857142857143,0.3333333333333333,0.09523809523809523,0,1,0,0,0,0,Manual Review
CLM-2026-00537,404200.0,24,100,632,2,6,0,0,0,1,1,0,1,0.010476190476190476,1.0,0.09904761904761905,0,0,1,0,0,0,Invalid Claim
CLM-2026-00712,89600.0,12,82,285,0,6,1,1,1,1,1,1,1,0.04666666666666667,1.0,0.08952380952380952,0,1,0,0,0,0,Invalid Claim
CLM-2026-00868,89400.0,12,178,194,2,1,1,0,0,1,1,0,0,0.037142857142857144,0.3076923076923077,0.09428571428571429,0,0,0,0,0,1,Invalid Claim
CLM-2026-00155,235500.0,12,79,289,0,5,0,1,1,1,1,0,0,0.02857142857142857,0.4666666666666667,0.10761904761904761,0,0,0,0,1,0,Valid Claim
CLM-2026-00460,110300.0,12,64,307,0,2,1,1,1,1,1,0,0,0.06190476190476191,0.27692307692307694,0.10761904761904761,0,0,0,0,1,0,Valid Claim
CLM-2026-00424,145600.0,36,691,409,0,2,2,1,1,1,1,0,0,0.021904761904761906,0.34782608695652173,0.1,0,0,0,0,0,1,Valid Claim
CLM-2026-00378,313200.0,12,181,185,0,6,1,1,1,1,1,0,0,0.03619047619047619,0.3157894736842105,0.11047619047619048,0,0,0,1,0,0,Valid Claim
CLM-2026-00805,224000.0,12,74,297,0,2,1,1,1,1,1,1,1,0.04666666666666667,1.0,0.08761904761904762,0,0,0,0,1,0,Invalid Claim
CLM-2026-01140,200900.0,24,363,380,0,-5,0,1,1,1,1,0,0,0.03619047619047619,0.3157894736842105,0.08761904761904762,0,0,0,1,0,0,Manual Review
CLM-2026-00557,154800.0,24,976,-240,0,2,0,1,1,1,1,0,0,0.02857142857142857,0.16666666666666666,0.09523809523809523,0,0,0,0,0,1,Invalid Claim
CLM-2026-01009,90800.0,24,312,424,0,2,2,1,1,1,1,0,0,0.030476190476190476,0.25,0.09523809523809523,0,0,0,0,0,1,Manual Review
CLM-2026-00372,101100.0,12,229,139,1,4,1,1,1,0,1,0,0,0.054285714285714284,0.14035087719298245,0.10761904761904761,0,0,0,1,0,0,Valid Claim
CLM-2026-01138,174200.0,24,207,527,0,4,2,1,1,1,1,0,0,0.04380952380952381,0.1956521739130435,0.1,0,0,0,1,0,0,Manual Review
CLM-2026-00403,270300.0,12,102,265,0,6,1,1,1,1,1,0,0,0.03238095238095238,0.14705882352941177,0.10571428571428572,0,0,0,0,1,0,Valid Claim
CLM-2026-00716,77000.0,12,74,295,0,4,1,1,1,1,1,1,1,0.04666666666666667,1.0,0.10761904761904761,0,0,0,0,1,0,Invalid Claim
CLM-2026-00715,326100.0,12,178,298,0,-103,1,1,1,1,1,0,0,0.06190476190476191,0.27692307692307694,0.10571428571428572,0,0,0,0,1,0,Invalid Claim
CLM-2026-00501,169100.0,12,113,258,0,2,1,1,1,1,1,0,0,0.004761904761904762,1.0,0.10761904761904761,0,0,1,0,0,0,Invalid Claim
CLM-2026-00914,107100.0,12,142,228,0,3,0,1,1,1,1,1,1,0.04666666666666667,1.0,0.09428571428571429,0,0,0,0,1,0,Invalid Claim
CLM-2026-00120,82100.0,24,429,305,0,3,2,1,1,1,1,0,0,0.04,0.23809523809523808,0.09904761904761905,0,0,0,0,0,1,Valid Claim
CLM-2026-00030,162700.0,12,138,229,0,5,2,1,1,1,1,0,0,0.03619047619047619,0.3157894736842105,0.10571428571428572,0,0,0,1,0,0,Valid Claim
CLM-2026-00857,90200.0,12,31,336,0,6,0,1,1,1,1,1,1,0.04666666666666667,1.0,0.09523809523809523,0,0,0,0,0,1,Invalid Claim
CLM-2026-00698,103800.0,12,112,255,0,6,0,1,1,1,1,0,0,0.009523809523809525,1.0,0.10571428571428572,0,0,0,0,1,0,Invalid Claim
CLM-2026-01139,146500.0,24,252,495,0,-9,0,1,1,1,1,0,0,0.054285714285714284,0.14035087719298245,0.09523809523809523,0,0,0,1,0,0,Manual Review
CLM-2026-01375,148200.0,36,956,145,0,2,3,1,1,1,1,0,0,0.037142857142857144,0.3076923076923077,0.10571428571428572,0,0,0,0,0,1,Manual Review
CLM-2026-00828,175200.0,12,152,220,1,1,1,0,1,1,1,0,0,0.04380952380952381,0.1956521739130435,0.09904761904761905,0,0,0,1,0,0,Invalid Claim
CLM-2026-00604,83900.0,12,133,236,0,4,1,1,1,1,1,1,1,0.04666666666666667,1.0,0.10761904761904761,0,0,0,1,0,0,Invalid Claim
CLM-2026-00074,145400.0,12,319,50,0,3,0,1,1,1,1,0,0,0.02857142857142857,0.16666666666666666,0.1,0,0,0,0,0,1,Valid Claim
CLM-2026-00493,138800.0,24,586,149,0,3,0,1,1,1,1,0,0,0.054285714285714284,0.14035087719298245,0.08952380952380952,0,0,0,1,0,0,Valid Claim
CLM-2026-00292,125800.0,24,393,342,0,2,0,1,1,1,1,0,0,0.02666666666666667,0.21428571428571427,0.08952380952380952,0,0,0,0,0,1,Valid Claim
CLM-2026-00102,281000.0,12,305,62,0,5,0,1,1,1,1,0,0,0.03619047619047619,0.3157894736842105,0.1019047619047619,0,0,0,1,0,0,Valid Claim
CLM-2026-00305,60600.0,12,64,303,0,6,0,1,1,1,1,0,0,0.02666666666666667,0.21428571428571427,0.09428571428571429,0,0,0,0,0,1,Valid Claim
CLM-2026-01492,134600.0,12,118,259,0,-4,0,1,1,1,1,0,0,0.06190476190476191,0.27692307692307694,0.1019047619047619,0,0,1,0,0,0,Manual Review
CLM-2026-01056,77600.0,12,376,-6,0,3,0,1,1,1,1,0,0,0.06476190476190476,0.3382352941176471,0.09904761904761905,0,1,0,0,0,0,Manual Review
CLM-2026-00900,284300.0,12,102,266,0,5,1,1,1,1,1,0,0,0.014285714285714285,1.0,0.1,0,0,0,0,1,0,Invalid Claim
CLM-2026-00020,130000.0,12,24,343,0,5,0,1,1,1,1,0,0,0.04380952380952381,0.1956521739130435,0.08761904761904762,0,0,0,1,0,0,Valid Claim
CLM-2026-00786,275400.0,24,96,637,1,5,1,0,1,1,1,0,0,0.03428571428571429,0.3333333333333333,0.1019047619047619,0,0,1,0,0,0,Invalid Claim
CLM-2026-00317,153900.0,12,117,252,0,4,0,1,1,1,1,0,0,0.023809523809523808,0.24,0.09904761904761905,0,0,1,0,0,0,Valid Claim
CLM-2026-00938,74500.0,12,28,344,0,1,1,1,1,1,1,1,1,0.010476190476190476,1.0,0.1,0,1,0,0,0,0,Invalid Claim
CLM-2026-00956,78600.0,12,150,218,1,5,0,0,1,1,1,0,0,0.06476190476190476,0.3382352941176471,0.09904761904761905,0,1,0,0,0,0,Invalid Claim
CLM-2026-01343,217800.0,12,34,335,0,4,3,1,1,1,1,0,0,0.06190476190476191,0.27692307692307694,0.10571428571428572,0,0,1,0,0,0,Manual Review
CLM-2026-00878,112600.0,12,29,338,0,6,1,1,1,1,1,0,1,0.030476190476190476,0.21875,0.09428571428571429,0,0,0,0,1,0,Invalid Claim
CLM-2026-00936,200100.0,12,167,201,0,5,1,1,1,1,1,1,1,0.04666666666666667,1.0,0.1019047619047619,0,0,0,0,1,0,Invalid Claim
CLM-2026-00315,381900.0,12,64,302,0,6,0,1,1,1,1,0,0,0.030476190476190476,0.21875,0.09904761904761905,0,0,0,0,1,0,Valid Claim
CLM-2026-01414,103800.0,12,369,2,0,2,0,1,1,1,1,0,0,0.03238095238095238,0.14705882352941177,0.09904761904761905,0,0,0,0,1,0,Manual Review
CLM-2026-00452,124600.0,12,287,82,0,3,0,1,1,1,1,0,0,0.03238095238095238,0.14705882352941177,0.1,0,0,0,0,1,0,Valid Claim
CLM-2026-00047,332700.0,24,493,240,0,4,2,1,1,1,1,0,0,0.03428571428571429,0.3333333333333333,0.08761904761904762,0,0,1,0,0,0,Valid Claim
CLM-2026-01403,0.0,24,644,103,0,-9,0,1,1,1,1,0,0,0.04,0.23809523809523808,0.09523809523809523,0,0,0,0,0,1,Manual Review
CLM-2026-00639,220000.0,24,890,-156,0,4,0,1,1,1,1,0,0,0.03142857142857143,0.18181818181818182,0.10761904761904761,0,0,1,0,0,0,Invalid Claim
CLM-2026-00500,104000.0,12,160,207,0,5,1,1,1,1,1,0,0,0.054285714285714284,0.14035087719298245,0.08761904761904762,0,0,0,1,0,0,Valid Claim
CLM-2026-00094,106100.0,36,761,336,0,6,0,1,1,1,1,0,0,0.04,0.23809523809523808,0.09523809523809523,0,0,0,0,0,1,Valid Claim
CLM-2026-00704,234300.0,12,432,-63,0,4,1,1,1,1,1,0,0,0.02857142857142857,0.4666666666666667,0.09904761904761905,0,0,0,0,1,0,Invalid Claim
CLM-2026-00770,193600.0,12,128,239,0,6,0,1,1,1,1,0,1,0.030476190476190476,0.21875,0.09428571428571429,0,0,0,0,1,0,Invalid Claim
CLM-2026-00035,230300.0,12,195,175,0,3,0,1,1,1,1,0,0,0.03428571428571429,0.3333333333333333,0.10571428571428572,0,0,1,0,0,0,Valid Claim
CLM-2026-01287,188300.0,12,230,149,0,-6,0,1,1,1,1,0,0,0.02857142857142857,0.4666666666666667,0.1019047619047619,0,0,0,0,1,0,Manual Review
CLM-2026-00428,191900.0,12,140,228,0,5,1,1,1,1,1,0,0,0.04380952380952381,0.1956521739130435,0.1019047619047619,0,0,0,1,0,0,Valid Claim
CLM-2026-01345,81900.0,12,215,153,1,5,0,1,0,1,1,0,0,0.058095238095238096,0.2786885245901639,0.10571428571428572,0,1,0,0,0,0,Manual Review
CLM-2026-00859,58300.0,12,106,261,0,6,0,1,1,1,1,0,0,0.014285714285714285,1.0,0.10571428571428572,0,1,0,0,0,0,Invalid Claim
CLM-2026-00627,277500.0,12,60,311,0,2,1,1,1,1,1,0,0,0.0009523809523809524,1.0,0.09523809523809523,0,0,1,0,0,0,Invalid Claim
CLM-2026-01311,200500.0,12,235,134,0,4,2,1,1,1,1,0,0,0.03619047619047619,0.23684210526315788,0.08761904761904762,0,0,0,1,0,0,Manual Review
CLM-2026-00448,108300.0,36,742,356,0,4,0,1,1,1,1,0,0,0.02666666666666667,0.21428571428571427,0.10761904761904761,0,0,0,0,0,1,Valid Claim
CLM-2026-01066,112000.0,12,223,146,0,4,0,1,1,1,1,0,1,0.05142857142857143,0.3333333333333333,0.09428571428571429,0,1,0,0,0,0,Manual Review
CLM-2026-01294,353500.0,12,269,102,2,2,0,1,0,1,0,0,0,0.03333333333333333,0.11428571428571428,0.09523809523809523,0,0,1,0,0,0,Manual Review
CLM-2026-00328,67600.0,12,74,293,0,6,1,1,1,1,1,0,0,0.04,0.23809523809523808,0.11047619047619048,0,0,0,0,0,1,Valid Claim
CLM-2026-01408,80400.0,12,21,347,1,5,0,1,1,1,0,0,0,0.030476190476190476,0.25,0.09904761904761905,0,0,0,0,0,1,Manual Review
CLM-2026-00490,352200.0,12,195,171,0,6,2,1,1,1,1,0,0,0.03238095238095238,0.14705882352941177,0.1019047619047619,0,0,0,0,1,0,Valid Claim
CLM-2026-00067,393600.0,12,160,207,0,6,0,1,1,1,1,0,0,0.03238095238095238,0.23529411764705882,0.1019047619047619,0,0,0,0,1,0,Valid Claim
CLM-2026-00391,81200.0,12,262,107,0,3,2,1,1,1,1,0,0,0.058095238095238096,0.2786885245901639,0.08761904761904762,0,1,0,0,0,0,Valid Claim
CLM-2026-00620,112400.0,12,145,227,0,1,1,1,1,1,1,0,1,0.058095238095238096,0.2786885245901639,0.08761904761904762,0,1,0,0,0,0,Invalid Claim
CLM-2026-00370,219600.0,12,332,37,0,3,2,1,1,1,1,0,0,0.02857142857142857,0.4666666666666667,0.10571428571428572,0,0,0,0,1,0,Valid Claim
CLM-2026-00087,253500.0,12,74,293,0,5,0,1,1,1,1,0,0,0.054285714285714284,0.14035087719298245,0.09904761904761905,0,0,0,1,0,0,Valid Claim
CLM-2026-01282,243300.0,24,436,299,0,3,0,1,1,1,1,0,1,0.04380952380952381,0.1956521739130435,0.1,0,0,0,1,0,0,Manual Review
CLM-2026-00246,241700.0,12,278,89,0,5,1,1,1,1,1,0,0,0.03333333333333333,0.11428571428571428,0.09428571428571429,0,0,1,0,0,0,Valid Claim
CLM-2026-00103,236800.0,12,160,210,0,3,2,1,1,1,1,0,0,0.02666666666666667,0.21428571428571427,0.11047619047619048,0,0,0,0,1,0,Valid Claim
CLM-2026-01053,86900.0,12,185,184,0,4,0,1,1,1,1,0,1,0.058095238095238096,0.2786885245901639,0.09523809523809523,0,1,0,0,0,0,Manual Review
CLM-2026-00711,224500.0,24,138,599,0,1,1,1,1,1,1,1,1,0.04666666666666667,1.0,0.10761904761904761,0,0,0,1,0,0,Invalid Claim
CLM-2026-01189,454800.0,24,232,501,0,5,0,1,1,1,1,0,1,0.029523809523809525,0.25806451612903225,0.10571428571428572,0,0,1,0,0,0,Manual Review
CLM-2026-00752,103500.0,24,117,615,0,6,0,1,1,1,1,0,1,0.03619047619047619,0.23684210526315788,0.10571428571428572,0,0,0,1,0,0,Invalid Claim
CLM-2026-00321,200300.0,24,292,444,0,2,0,1,1,1,1,0,0,0.054285714285714284,0.14035087719298245,0.08952380952380952,0,0,0,1,0,0,Valid Claim
CLM-2026-00486,156800.0,12,140,230,0,3,1,1,1,1,1,0,0,0.06190476190476191,0.27692307692307694,0.09523809523809523,0,0,1,0,0,0,Valid Claim
CLM-2026-00701,126100.0,36,80,1020,2,3,1,0,0,1,1,0,0,0.037142857142857144,0.3076923076923077,0.10571428571428572,0,0,0,0,0,1,Invalid Claim
CLM-2026-00435,228500.0,12,182,185,0,5,1,1,1,1,1,0,0,0.03619047619047619,0.23684210526315788,0.08952380952380952,0,0,0,1,0,0,Valid Claim
CLM-2026-00322,105000.0,12,200,168,0,5,2,1,1,1,1,0,0,0.02666666666666667,0.21428571428571427,0.09523809523809523,0,0,0,0,1,0,Valid Claim
CLM-2026-00392,242100.0,24,326,408,0,4,0,1,1,1,1,0,0,0.03619047619047619,0.23684210526315788,0.09904761904761905,0,0,0,1,0,0,Valid Claim
CLM-2026-00551,104100.0,12,40,328,2,5,1,0,0,1,1,0,0,0.05142857142857143,0.3333333333333333,0.09523809523809523,0,1,0,0,0,0,Invalid Claim
CLM-2026-00911,104200.0,24,193,650,0,-105,0,1,1,1,1,0,0,0.06190476190476191,0.27692307692307694,0.11047619047619048,0,0,1,0,0,0,Invalid Claim
CLM-2026-00374,90700.0,12,248,119,0,5,1,1,1,1,1,0,0,0.058095238095238096,0.2786885245901639,0.08761904761904762,0,1,0,0,0,0,Valid Claim
CLM-2026-00935,320900.0,12,118,252,0,3,0,1,1,1,1,0,0,0.004761904761904762,1.0,0.1019047619047619,0,0,0,0,1,0,Invalid Claim
CLM-2026-01190,252800.0,12,169,200,2,4,0,1,0,1,0,0,0,0.054285714285714284,0.14035087719298245,0.08952380952380952,0,0,0,1,0,0,Manual Review
CLM-2026-01279,129100.0,12,23,348,0,2,0,1,1,1,1,0,1,0.054285714285714284,0.14035087719298245,0.09904761904761905,0,0,0,1,0,0,Manual Review
CLM-2026-00215,89500.0,12,83,287,0,3,2,1,1,1,1,0,0,0.030476190476190476,0.21875,0.10761904761904761,0,0,0,0,1,0,Valid Claim
CLM-2026-01434,73200.0,24,47,687,0,4,0,1,1,1,1,0,1,0.04,0.23809523809523808,0.10571428571428572,0,0,0,0,0,1,Manual Review
CLM-2026-00073,202600.0,12,274,95,0,4,0,1,1,1,1,0,0,0.03238095238095238,0.14705882352941177,0.1019047619047619,0,0,0,0,1,0,Valid Claim
CLM-2026-01244,230600.0,12,150,227,0,-4,0,1,1,1,1,0,0,0.030476190476190476,0.21875,0.09904761904761905,0,0,0,0,1,0,Manual Review
CLM-2026-00527,277900.0,24,36,696,0,6,1,1,1,1,1,0,1,0.010476190476190476,1.0,0.10571428571428572,0,0,1,0,0,0,Invalid Claim
CLM-2026-00688,80600.0,12,61,311,2,1,1,0,0,1,1,0,0,0.06476190476190476,0.3382352941176471,0.10571428571428572,0,1,0,0,0,0,Invalid Claim
CLM-2026-00950,118800.0,12,41,326,1,6,0,0,1,1,1,0,0,0.06476190476190476,0.3382352941176471,0.09523809523809523,0,1,0,0,0,0,Invalid Claim
CLM-2026-01344,44000.0,24,28,707,0,3,1,1,1,1,1,0,0,0.037142857142857144,0.3076923076923077,0.11047619047619048,0,0,0,0,0,1,Manual Review
CLM-2026-00226,264900.0,12,56,315,0,2,1,1,1,1,1,0,0,0.03238095238095238,0.14705882352941177,0.1,0,0,0,0,1,0,Valid Claim
CLM-2026-00597,106000.0,12,133,239,2,1,0,0,0,1,1,0,0,0.06476190476190476,0.3382352941176471,0.08761904761904762,0,1,0,0,0,0,Invalid Claim
CLM-2026-01112,372300.0,12,163,206,0,4,0,1,1,1,1,0,1,0.04380952380952381,0.1956521739130435,0.08952380952380952,0,0,0,1,0,0,Manual Review
CLM-2026-00192,430000.0,12,203,165,0,4,0,1,1,1,1,0,0,0.06190476190476191,0.27692307692307694,0.10761904761904761,0,0,0,0,1,0,Valid Claim
CLM-2026-00178,244600.0,24,238,494,0,5,0,1,1,1,1,0,0,0.054285714285714284,0.14035087719298245,0.10761904761904761,0,0,0,1,0,0,Valid Claim
CLM-2026-00529,83500.0,12,510,-142,0,5,0,1,1,1,1,0,0,0.05142857142857143,0.3333333333333333,0.11047619047619048,0,1,0,0,0,0,Invalid Claim
CLM-2026-00430,94800.0,12,214,152,0,6,0,1,1,1,1,0,0,0.058095238095238096,0.2786885245901639,0.1019047619047619,0,1,0,0,0,0,Valid Claim
CLM-2026-00750,346700.0,12,96,274,0,3,1,1,1,1,1,1,1,0.04666666666666667,1.0,0.11047619047619048,0,0,0,0,1,0,Invalid Claim
CLM-2026-01042,89200.0,36,1105,-6,0,4,0,1,1,1,1,0,0,0.021904761904761906,0.34782608695652173,0.1019047619047619,0,0,0,0,0,1,Manual Review
CLM-2026-01275,149900.0,24,513,220,2,5,0,1,0,1,0,0,0,0.054285714285714284,0.14035087719298245,0.08761904761904762,0,0,0,1,0,0,Manual Review
CLM-2026-00789,393400.0,12,153,218,0,2,1,1,1,1,1,1,1,0.04666666666666667,1.0,0.1019047619047619,0,0,0,1,0,0,Invalid Claim
CLM-2026-00866,462100.0,12,488,-117,0,2,0,1,1,1,1,0,0,0.06190476190476191,0.27692307692307694,0.10571428571428572,0,0,0,0,1,0,Invalid Claim
CLM-2026-00075,384000.0,12,203,167,0,2,1,1,1,1,1,0,0,0.03333333333333333,0.11428571428571428,0.10761904761904761,0,0,1,0,0,0,Valid Claim
CLM-2026-01099,122400.0,12,368,5,0,0,0,1,1,1,1,0,0,0.030476190476190476,0.25,0.10571428571428572,0,0,0,0,0,1,Manual Review
CLM-2026-01430,204500.0,24,145,589,0,4,0,1,1,1,1,0,1,0.03619047619047619,0.23684210526315788,0.1,0,0,0,1,0,0,Manual Review
CLM-2026-00193,110400.0,36,910,188,0,5,1,1,1,1,1,0,1,0.030476190476190476,0.25,0.1,0,0,0,0,0,1,Valid Claim
CLM-2026-00036,354000.0,12,130,239,0,4,0,1,1,1,1,0,0,0.023809523809523808,0.24,0.09523809523809523,0,0,1,0,0,0,Valid Claim
CLM-2026-00634,175600.0,24,105,630,0,3,0,1,1,1,1,0,1,0.03428571428571429,0.3333333333333333,0.1,0,0,1,0,0,0,Invalid Claim
CLM-2026-01122,94200.0,12,37,333,0,3,1,1,1,1,1,0,0,0.03238095238095238,0.23529411764705882,0.10571428571428572,0,0,0,0,1,0,Manual Review
CLM-2026-00855,338500.0,24,31,705,0,2,1,1,1,1,1,0,1,0.03428571428571429,0.3333333333333333,0.09428571428571429,0,0,1,0,0,0,Invalid Claim
CLM-2026-01051,214900.0,12,331,40,0,2,0,1,1,1,1,0,1,0.02666666666666667,0.21428571428571427,0.11047619047619048,0,0,0,0,1,0,Manual Review
CLM-2026-00611,153800.0,36,132,967,0,4,1,1,1,1,1,1,1,0.04666666666666667,1.0,0.09428571428571429,0,0,0,0,0,1,Invalid Claim
CLM-2026-00449,279700.0,24,666,67,0,4,0,1,1,1,1,0,0,0.03142857142857143,0.18181818181818182,0.08952380952380952,0,0,1,0,0,0,Valid Claim
CLM-2026-01259,285300.0,12,93,283,0,-3,0,1,1,1,1,0,0,0.054285714285714284,0.14035087719298245,0.08761904761904762,0,0,0,1,0,0,Manual Review
CLM-2026-00210,99400.0,24,662,71,0,5,0,1,1,1,1,0,0,0.037142857142857144,0.3076923076923077,0.09523809523809523,0,0,0,0,0,1,Valid Claim
CLM-2026-01017,78600.0,24,285,451,0,2,2,1,1,1,1,0,0,0.02666666666666667,0.21428571428571427,0.10761904761904761,0,0,0,0,0,1,Manual Review
CLM-2026-00175,277900.0,24,515,217,0,6,0,1,1,1,1,0,0,0.054285714285714284,0.14035087719298245,0.11047619047619048,0,0,0,1,0,0,Valid Claim
CLM-2026-01086,323300.0,24,296,450,0,-8,0,1,1,1,1,0,0,0.03428571428571429,0.3333333333333333,0.11047619047619048,0,0,1,0,0,0,Manual Review
CLM-2026-00340,301600.0,12,107,261,0,4,0,1,1,1,1,0,0,0.03619047619047619,0.3157894736842105,0.09428571428571429,0,0,0,1,0,0,Valid Claim
CLM-2026-00625,209500.0,12,156,288,0,-71,1,1,1,1,1,0,1,0.010476190476190476,1.0,0.1,0,0,0,0,1,0,Invalid Claim
CLM-2026-00799,146800.0,12,165,304,0,-96,0,1,1,1,1,0,0,0.023809523809523808,0.24,0.09428571428571429,0,0,1,0,0,0,Invalid Claim
CLM-2026-00483,76200.0,12,284,82,0,6,0,1,1,1,1,0,0,0.058095238095238096,0.2786885245901639,0.1,0,1,0,0,0,0,Valid Claim
CLM-2026-00415,111000.0,12,121,248,0,4,0,1,1,1,1,0,0,0.03333333333333333,0.11428571428571428,0.08952380952380952,0,0,1,0,0,0,Valid Claim
CLM-2026-00310,111200.0,12,334,32,0,6,0,1,1,1,1,0,0,0.05142857142857143,0.3333333333333333,0.1,0,1,0,0,0,0,Valid Claim
CLM-2026-00188,104400.0,24,469,266,0,3,2,1,1,1,1,0,0,0.02666666666666667,0.21428571428571427,0.11047619047619048,0,0,0,0,0,1,Valid Claim
CLM-2026-01484,482300.0,24,734,5,0,-1,0,1,1,1,1,0,0,0.029523809523809525,0.25806451612903225,0.10761904761904761,0,0,1,0,0,0,Manual Review
CLM-2026-00580,163500.0,12,49,322,0,2,0,1,1,1,1,0,0,0.014285714285714285,1.0,0.1019047619047619,0,0,0,1,0,0,Invalid Claim
CLM-2026-01297,103000.0,12,180,188,0,5,1,1,1,1,1,0,0,0.02666666666666667,0.21428571428571427,0.08761904761904762,0,0,0,0,0,1,Manual Review
CLM-2026-00923,117600.0,12,157,211,0,5,0,1,1,1,1,0,1,0.02857142857142857,0.4666666666666667,0.10761904761904761,0,0,0,0,1,0,Invalid Claim
CLM-2026-00560,229800.0,12,99,272,0,2,1,1,1,1,1,1,1,0.04666666666666667,1.0,0.10761904761904761,0,0,0,0,1,0,Invalid Claim
CLM-2026-00874,133700.0,36,1134,-35,0,4,0,1,1,1,1,0,0,0.030476190476190476,0.25,0.09523809523809523,0,0,0,0,0,1,Invalid Claim
CLM-2026-00043,144100.0,24,68,665,0,5,2,1,1,1,1,0,0,0.03619047619047619,0.23684210526315788,0.11047619047619048,0,0,0,1,0,0,Valid Claim
CLM-2026-01452,101300.0,12,370,3,0,0,0,1,1,1,1,0,0,0.02857142857142857,0.16666666666666666,0.10571428571428572,0,0,0,0,0,1,Manual Review
CLM-2026-00842,192000.0,12,182,190,0,1,1,1,1,1,1,0,1,0.03428571428571429,0.3333333333333333,0.10571428571428572,0,0,1,0,0,0,Invalid Claim
CLM-2026-00013,303400.0,12,110,258,1,4,0,1,1,0,1,0,0,0.06190476190476191,0.27692307692307694,0.09523809523809523,0,0,0,0,1,0,Valid Claim
CLM-2026-00269,72400.0,24,699,33,0,5,0,1,1,1,1,0,0,0.054285714285714284,0.14035087719298245,0.11047619047619048,0,0,0,1,0,0,Valid Claim
CLM-2026-00917,188900.0,12,452,-79,0,0,0,1,1,1,1,0,0,0.02857142857142857,0.16666666666666666,0.11047619047619048,0,0,0,0,0,1,Invalid Claim
CLM-2026-01060,138000.0,36,819,280,0,4,1,1,1,1,1,0,0,0.02857142857142857,0.16666666666666666,0.08952380952380952,0,0,0,0,0,1,Manual Review
CLM-2026-00922,90500.0,12,100,271,0,2,0,1,1,1,1,0,0,0.014285714285714285,1.0,0.0,1,1,0,0,0,0,Invalid Claim
CLM-2026-00739,112300.0,12,73,299,0,1,1,1,1,1,1,0,1,0.05142857142857143,0.3333333333333333,0.10571428571428572,0,1,0,0,0,0,Invalid Claim
CLM-2026-00171,209000.0,24,616,117,0,5,1,1,1,1,1,0,0,0.03619047619047619,0.3157894736842105,0.10761904761904761,0,0,0,1,0,0,Valid Claim
CLM-2026-01335,57700.0,12,371,-1,0,3,0,1,1,1,1,0,0,0.058095238095238096,0.2786885245901639,0.08952380952380952,0,1,0,0,0,0,Manual Review
CLM-2026-00843,91600.0,12,53,317,0,3,1,1,1,1,1,0,1,0.06476190476190476,0.3382352941176471,0.1019047619047619,0,1,0,0,0,0,Invalid Claim
CLM-2026-00840,104000.0,12,196,287,0,-110,1,1,1,1,1,0,0,0.058095238095238096,0.2786885245901639,0.08761904761904762,0,1,0,0,0,0,Invalid Claim
CLM-2026-00542,76000.0,12,170,266,0,-63,1,1,1,1,1,0,0,0.058095238095238096,0.2786885245901639,0.09904761904761905,0,1,0,0,0,0,Invalid Claim
CLM-2026-01361,159900.0,12,306,65,0,2,0,1,1,1,1,0,1,0.04,0.23809523809523808,0.09904761904761905,0,0,0,0,0,1,Manual Review
CLM-2026-00598,78800.0,12,54,315,2,4,1,0,0,1,1,0,0,0.05142857142857143,0.3333333333333333,0.08761904761904762,0,1,0,0,0,0,Invalid Claim
CLM-2026-01396,158600.0,24,346,388,0,4,0,1,1,1,1,0,1,0.037142857142857144,0.3076923076923077,0.1019047619047619,0,0,0,0,0,1,Manual Review
CLM-2026-00468,216800.0,24,377,358,0,3,0,1,1,1,1,0,0,0.029523809523809525,0.25806451612903225,0.10761904761904761,0,0,1,0,0,0,Valid Claim
CLM-2026-00360,223400.0,24,476,256,0,6,0,1,1,1,1,0,0,0.03619047619047619,0.3157894736842105,0.11047619047619048,0,0,0,1,0,0,Valid Claim
CLM-2026-00409,345400.0,12,63,303,0,6,0,1,1,1,1,0,0,0.030476190476190476,0.21875,0.10761904761904761,0,0,0,0,1,0,Valid Claim
CLM-2026-00228,251800.0,12,46,320,0,6,0,1,1,1,1,0,0,0.030476190476190476,0.21875,0.1,0,0,0,0,1,0,Valid Claim
CLM-2026-00134,88900.0,24,700,32,0,5,0,1,1,1,1,0,0,0.03619047619047619,0.23684210526315788,0.09428571428571429,0,0,0,1,0,0,Valid Claim
CLM-2026-00506,82200.0,12,133,236,0,4,1,1,1,1,1,0,1,0.037142857142857144,0.3076923076923077,0.10571428571428572,0,0,0,0,0,1,Invalid Claim
CLM-2026-01110,168700.0,12,370,-1,0,4,0,1,1,1,1,0,0,0.03333333333333333,0.11428571428571428,0.10571428571428572,0,0,1,0,0,0,Manual Review
CLM-2026-01284,86000.0,12,194,182,0,-3,0,1,1,1,1,0,0,0.058095238095238096,0.2786885245901639,0.08761904761904762,0,1,0,0,0,0,Manual Review
CLM-2026-00236,143900.0,36,716,381,0,6,0,1,1,1,1,0,0,0.04,0.23809523809523808,0.1,0,0,0,0,0,1,Valid Claim
CLM-2026-00248,453200.0,12,266,100,0,6,2,1,1,1,1,0,1,0.02666666666666667,0.21428571428571427,0.09904761904761905,0,0,0,0,1,0,Valid Claim
CLM-2026-00133,192600.0,12,200,168,0,4,1,1,1,1,1,0,0,0.023809523809523808,0.24,0.09428571428571429,0,0,1,0,0,0,Valid Claim
CLM-2026-00121,173400.0,24,289,443,0,6,0,1,1,1,1,0,0,0.03142857142857143,0.18181818181818182,0.1,0,0,1,0,0,0,Valid Claim
CLM-2026-00989,453000.0,12,150,267,0,-44,1,1,1,1,1,0,0,0.06190476190476191,0.27692307692307694,0.11047619047619048,0,0,1,0,0,0,Invalid Claim
CLM-2026-01109,125000.0,24,276,458,0,4,0,1,1,1,1,0,1,0.030476190476190476,0.25,0.09904761904761905,0,0,0,0,0,1,Manual Review
CLM-2026-00107,108600.0,12,284,85,0,4,2,1,1,1,1,0,0,0.058095238095238096,0.2786885245901639,0.09904761904761905,0,1,0,0,0,0,Valid Claim
CLM-2026-00267,228900.0,12,107,261,0,4,0,1,1,1,1,0,0,0.023809523809523808,0.24,0.10761904761904761,0,0,1,0,0,0,Valid Claim
CLM-2026-00433,250900.0,12,96,270,0,6,2,1,1,1,1,0,0,0.03333333333333333,0.11428571428571428,0.08952380952380952,0,0,1,0,0,0,Valid Claim
CLM-2026-00218,81900.0,12,321,46,0,6,0,1,1,1,1,0,0,0.030476190476190476,0.21875,0.1019047619047619,0,0,0,0,1,0,Valid Claim
CLM-2026-01281,207900.0,12,128,240,0,5,2,1,1,1,1,0,0,0.03333333333333333,0.11428571428571428,0.11047619047619048,0,0,1,0,0,0,Manual Review
CLM-2026-00097,280600.0,12,312,59,0,2,0,1,1,1,1,0,0,0.06190476190476191,0.27692307692307694,0.11047619047619048,0,0,0,0,1,0,Valid Claim
CLM-2026-00232,359100.0,12,331,38,0,4,2,1,1,1,1,0,0,0.03333333333333333,0.11428571428571428,0.11047619047619048,0,0,1,0,0,0,Valid Claim
CLM-2026-01015,293600.0,12,171,199,1,3,0,1,1,1,0,0,0,0.02857142857142857,0.4666666666666667,0.1,0,0,0,0,1,0,Manual Review
CLM-2026-00056,39400.0,24,295,438,0,5,1,1,1,1,1,0,0,0.02666666666666667,0.21428571428571427,0.10571428571428572,0,0,0,0,0,1,Valid Claim
CLM-2026-00387,76000.0,12,165,201,0,6,2,1,1,1,1,0,0,0.058095238095238096,0.2786885245901639,0.10761904761904761,0,1,0,0,0,0,Valid Claim
CLM-2026-01100,92000.0,36,571,527,1,5,0,1,1,0,1,0,0,0.037142857142857144,0.3076923076923077,0.09904761904761905,0,0,0,0,0,1,Manual Review
CLM-2026-00979,466800.0,12,182,303,0,-112,0,1,1,1,1,0,0,0.02857142857142857,0.4666666666666667,0.11047619047619048,0,0,0,0,1,0,Invalid Claim
CLM-2026-00040,113400.0,24,675,57,0,5,0,1,1,1,1,0,0,0.03428571428571429,0.3333333333333333,0.09904761904761905,0,0,1,0,0,0,Valid Claim
CLM-2026-01022,84300.0,12,348,21,2,4,0,1,0,1,0,0,0,0.058095238095238096,0.2786885245901639,0.09523809523809523,0,1,0,0,0,0,Manual Review
CLM-2026-01081,235200.0,12,263,107,0,3,3,1,1,1,1,0,0,0.03333333333333333,0.11428571428571428,0.10761904761904761,0,0,1,0,0,0,Manual Review
CLM-2026-00880,199600.0,12,87,281,0,5,1,1,1,1,1,0,0,0.002857142857142857,1.0,0.10761904761904761,0,0,0,0,0,1,Invalid Claim
CLM-2026-01132,0.0,24,610,137,0,-9,0,1,1,1,1,0,0,0.03428571428571429,0.3333333333333333,0.09428571428571429,0,0,1,0,0,0,Manual Review
CLM-2026-00664,143800.0,36,59,1041,2,3,1,0,0,1,1,0,0,0.02666666666666667,0.21428571428571427,0.1,0,0,0,0,0,1,Invalid Claim
CLM-2026-00265,96900.0,12,210,157,0,6,0,1,1,1,1,0,0,0.06476190476190476,0.3382352941176471,0.1019047619047619,0,1,0,0,0,0,Valid Claim
CLM-2026-01473,90300.0,12,274,94,0,5,1,1,1,1,1,0,0,0.03619047619047619,0.3157894736842105,0.1,0,0,0,1,0,0,Manual Review
CLM-2026-01039,299900.0,12,156,212,1,5,0,1,1,0,1,0,0,0.03238095238095238,0.23529411764705882,0.10571428571428572,0,0,0,0,1,0,Manual Review
CLM-2026-01111,162100.0,12,368,1,0,4,0,1,1,1,1,0,0,0.054285714285714284,0.14035087719298245,0.09904761904761905,0,0,0,1,0,0,Manual Review
CLM-2026-01251,105500.0,24,494,246,0,-2,0,1,1,1,1,0,0,0.037142857142857144,0.3076923076923077,0.1019047619047619,0,0,0,0,0,1,Manual Review
CLM-2026-00206,204300.0,12,191,178,0,3,2,1,1,1,1,0,0,0.054285714285714284,0.14035087719298245,0.10571428571428572,0,0,0,1,0,0,Valid Claim
CLM-2026-00865,359100.0,24,118,617,0,3,1,1,1,1,1,1,1,0.04666666666666667,1.0,0.1019047619047619,0,0,1,0,0,0,Invalid Claim
CLM-2026-00347,248300.0,12,298,70,0,4,0,1,1,1,1,0,0,0.02666666666666667,0.21428571428571427,0.10761904761904761,0,0,0,0,1,0,Valid Claim
CLM-2026-00458,134700.0,12,62,306,0,4,0,1,1,1,1,0,0,0.03333333333333333,0.11428571428571428,0.08761904761904762,0,0,1,0,0,0,Valid Claim
CLM-2026-01347,69200.0,12,91,286,0,-4,0,1,1,1,1,0,0,0.02857142857142857,0.4666666666666667,0.09904761904761905,0,0,0,0,1,0,Manual Review
CLM-2026-00618,100300.0,12,111,260,0,2,0,1,1,1,1,0,0,0.009523809523809525,1.0,0.09904761904761905,0,1,0,0,0,0,Invalid Claim
CLM-2026-01216,59300.0,12,367,2,0,4,0,1,1,1,1,0,0,0.05142857142857143,0.3333333333333333,0.09523809523809523,0,1,0,0,0,0,Manual Review
CLM-2026-01045,254900.0,12,272,97,1,4,0,1,1,0,1,0,0,0.03142857142857143,0.18181818181818182,0.1,0,0,1,0,0,0,Manual Review
CLM-2026-00081,75900.0,36,993,105,0,5,0,1,1,1,1,0,0,0.02857142857142857,0.16666666666666666,0.09904761904761905,0,0,0,0,0,1,Valid Claim
CLM-2026-00485,99800.0,12,201,167,0,5,0,1,1,1,1,0,0,0.04380952380952381,0.1956521739130435,0.1019047619047619,0,0,0,1,0,0,Valid Claim
CLM-2026-01188,98200.0,12,192,187,0,-6,0,1,1,1,1,0,0,0.030476190476190476,0.21875,0.1,0,0,0,0,1,0,Manual Review
CLM-2026-00599,463600.0,12,105,267,0,1,0,1,1,1,1,0,1,0.054285714285714284,0.14035087719298245,0.09428571428571429,0,0,0,1,0,0,Invalid Claim
CLM-2026-00480,278000.0,12,34,333,0,5,1,1,1,1,1,0,0,0.023809523809523808,0.24,0.09428571428571429,0,0,1,0,0,0,Valid Claim
CLM-2026-01219,129000.0,12,371,-3,0,5,0,1,1,1,1,0,0,0.037142857142857144,0.3076923076923077,0.09428571428571429,0,0,0,0,0,1,Manual Review
CLM-2026-01172,198800.0,12,262,108,1,3,0,1,0,1,1,0,0,0.02666666666666667,0.21428571428571427,0.11047619047619048,0,0,0,0,1,0,Manual Review
CLM-2026-00587,192600.0,12,157,214,2,2,1,0,0,1,1,0,0,0.02666666666666667,0.21428571428571427,0.08761904761904762,0,0,0,0,1,0,Invalid Claim
CLM-2026-01295,361800.0,12,370,4,0,-1,0,1,1,1,1,0,0,0.04380952380952381,0.1956521739130435,0.11047619047619048,0,0,0,1,0,0,Manual Review
CLM-2026-01064,404700.0,24,67,668,0,3,3,1,1,1,1,0,0,0.03333333333333333,0.11428571428571428,0.1019047619047619,0,0,1,0,0,0,Manual Review
CLM-2026-00991,117100.0,12,27,345,1,1,0,0,1,1,1,0,0,0.030476190476190476,0.25,0.10571428571428572,0,0,0,0,0,1,Invalid Claim
CLM-2026-00199,102700.0,12,213,157,0,2,0,1,1,1,1,0,0,0.030476190476190476,0.21875,0.10761904761904761,0,0,0,0,1,0,Valid Claim
CLM-2026-00341,182700.0,36,19,1077,0,6,2,1,1,1,1,0,0,0.02857142857142857,0.16666666666666666,0.08952380952380952,0,0,0,0,0,1,Valid Claim
CLM-2026-01010,58400.0,12,178,201,0,-6,0,1,1,1,1,0,0,0.05142857142857143,0.3333333333333333,0.08952380952380952,0,1,0,0,0,0,Manual Review
CLM-2026-00624,67900.0,12,158,314,0,-99,0,1,1,1,1,0,0,0.058095238095238096,0.2786885245901639,0.08761904761904762,0,1,0,0,0,0,Invalid Claim
CLM-2026-01472,214000.0,24,732,2,0,4,0,1,1,1,1,0,1,0.03142857142857143,0.18181818181818182,0.09523809523809523,0,0,1,0,0,0,Manual Review
CLM-2026-01280,118700.0,12,77,291,0,5,0,1,1,1,1,0,1,0.06476190476190476,0.3382352941176471,0.09428571428571429,0,1,0,0,0,0,Manual Review
CLM-2026-00482,86900.0,12,273,98,0,2,0,1,1,1,1,0,0,0.05142857142857143,0.3333333333333333,0.09428571428571429,0,1,0,0,0,0,Valid Claim
CLM-2026-00298,97800.0,12,154,215,0,4,0,1,1,1,1,0,0,0.058095238095238096,0.2786885245901639,0.1019047619047619,0,1,0,0,0,0,Valid Claim
CLM-2026-00242,250000.0,12,318,50,0,5,2,1,1,1,1,0,0,0.03142857142857143,0.18181818181818182,0.10571428571428572,0,0,1,0,0,0,Valid Claim
CLM-2026-00058,398600.0,12,46,323,0,3,0,1,1,1,1,0,0,0.03333333333333333,0.11428571428571428,0.1,0,0,1,0,0,0,Valid Claim
CLM-2026-01001,337500.0,12,197,172,1,4,0,1,1,0,1,0,0,0.03238095238095238,0.14705882352941177,0.08952380952380952,0,0,0,0,1,0,Manual Review
CLM-2026-00270,99700.0,12,277,89,0,6,1,1,1,1,1,0,0,0.04380952380952381,0.1956521739130435,0.10571428571428572,0,0,0,1,0,0,Valid Claim
CLM-2026-00198,71000.0,12,250,121,0,2,0,1,1,1,1,0,0,0.06476190476190476,0.3382352941176471,0.09904761904761905,0,1,0,0,0,0,Valid Claim
CLM-2026-01286,297900.0,12,226,152,0,-5,0,1,1,1,1,0,0,0.06190476190476191,0.27692307692307694,0.09904761904761905,0,0,1,0,0,0,Manual Review
CLM-2026-00182,107700.0,12,161,205,0,6,0,1,1,1,1,0,0,0.05142857142857143,0.3333333333333333,0.09523809523809523,0,1,0,0,0,0,Valid Claim
CLM-2026-01466,110900.0,12,320,48,1,5,0,1,0,1,1,0,0,0.03619047619047619,0.23684210526315788,0.1,0,0,0,1,0,0,Manual Review
CLM-2026-01420,119700.0,36,72,1029,1,2,0,1,1,1,0,0,0,0.030476190476190476,0.25,0.09523809523809523,0,0,0,0,0,1,Manual Review
CLM-2026-01249,223400.0,12,99,279,0,-5,0,1,1,1,1,0,0,0.03142857142857143,0.18181818181818182,0.09904761904761905,0,0,1,0,0,0,Manual Review
CLM-2026-00076,440300.0,12,55,313,0,5,1,1,1,1,1,0,0,0.03619047619047619,0.23684210526315788,0.1019047619047619,0,0,0,1,0,0,Valid Claim
CLM-2026-00694,165300.0,12,118,250,0,5,1,1,1,1,1,0,0,0.010476190476190476,1.0,0.10571428571428572,0,0,0,0,0,1,Invalid Claim
CLM-2026-00749,305900.0,24,101,632,0,5,0,1,1,1,1,0,0,0.010476190476190476,1.0,0.09904761904761905,0,0,1,0,0,0,Invalid Claim
CLM-2026-01469,323100.0,24,311,422,1,5,0,1,1,1,0,0,0,0.023809523809523808,0.24,0.11047619047619048,0,0,1,0,0,0,Manual Review
CLM-2026-00400,83700.0,12,11,355,0,6,0,1,1,1,1,0,0,0.05142857142857143,0.3333333333333333,0.09428571428571429,0,1,0,0,0,0,Valid Claim
CLM-2026-00766,65100.0,12,124,328,0,-79,1,1,1,1,1,0,0,0.021904761904761906,0.34782608695652173,0.08952380952380952,0,0,0,0,0,1,Invalid Claim
CLM-2026-01243,123900.0,12,184,187,1,2,0,1,1,0,1,0,0,0.06190476190476191,0.27692307692307694,0.09523809523809523,0,0,0,0,1,0,Manual Review
CLM-2026-00915,224700.0,12,135,234,0,4,0,1,1,1,1,1,1,0.04666666666666667,1.0,0.1019047619047619,0,0,1,0,0,0,Invalid Claim
CLM-2026-01239,382400.0,12,25,346,1,2,0,1,0,1,1,0,0,0.03238095238095238,0.23529411764705882,0.09904761904761905,0,0,0,0,1,0,Manual Review
CLM-2026-01000,113800.0,12,67,304,0,2,0,1,1,1,1,0,1,0.06476190476190476,0.3382352941176471,0.08761904761904762,0,1,0,0,0,0,Invalid Claim
CLM-2026-01481,133400.0,12,333,35,1,5,0,1,1,0,1,0,0,0.037142857142857144,0.3076923076923077,0.09428571428571429,0,0,0,0,0,1,Manual Review
CLM-2026-00172,145700.0,12,238,126,0,8,0,1,1,1,1,0,1,0.054285714285714284,0.14035087719298245,0.1019047619047619,0,0,0,1,0,0,Valid Claim
CLM-2026-00243,83700.0,12,286,83,0,4,0,1,1,1,1,0,0,0.05142857142857143,0.3333333333333333,0.1019047619047619,0,1,0,0,0,0,Valid Claim
CLM-2026-00369,72500.0,12,77,293,0,3,2,1,1,1,1,0,0,0.05142857142857143,0.3333333333333333,0.08952380952380952,0,1,0,0,0,0,Valid Claim
CLM-2026-00008,105600.0,12,41,326,0,5,0,1,1,1,1,0,0,0.030476190476190476,0.25,0.11047619047619048,0,0,0,0,0,1,Valid Claim
CLM-2026-00295,89500.0,12,34,336,0,2,0,1,1,1,1,0,0,0.05142857142857143,0.3333333333333333,0.1,0,1,0,0,0,0,Valid Claim
CLM-2026-00970,225200.0,12,97,271,0,5,1,1,1,1,1,0,0,0.014285714285714285,1.0,0.08761904761904762,0,0,1,0,0,0,Invalid Claim
CLM-2026-01331,256100.0,24,732,1,0,5,0,1,1,1,1,0,0,0.03333333333333333,0.11428571428571428,0.1,0,0,1,0,0,0,Manual Review
CLM-2026-00759,110800.0,12,603,-233,0,3,1,1,1,1,1,0,0,0.058095238095238096,0.2786885245901639,0.11047619047619048,0,1,0,0,0,0,Invalid Claim
CLM-2026-00167,194300.0,12,195,176,0,2,0,1,1,1,1,0,0,0.03238095238095238,0.23529411764705882,0.1,0,0,0,0,1,0,Valid Claim
CLM-2026-00241,77400.0,12,289,79,0,5,1,1,1,1,1,0,0,0.058095238095238096,0.2786885245901639,0.08952380952380952,0,1,0,0,0,0,Valid Claim
CLM-2026-01247,62500.0,12,312,58,0,3,0,1,1,1,1,0,1,0.06476190476190476,0.3382352941176471,0.09523809523809523,0,1,0,0,0,0,Manual Review
CLM-2026-01359,230500.0,12,203,168,0,2,0,1,1,1,1,0,1,0.02857142857142857,0.4666666666666667,0.10761904761904761,0,0,0,0,1,0,Manual Review
CLM-2026-01437,110300.0,24,737,-3,0,4,0,1,1,1,1,0,0,0.03142857142857143,0.18181818181818182,0.10761904761904761,0,0,1,0,0,0,Manual Review
CLM-2026-01299,130000.0,36,736,365,0,2,0,1,1,1,1,0,1,0.04,0.23809523809523808,0.10571428571428572,0,0,0,0,0,1,Manual Review
CLM-2026-00048,104500.0,12,333,31,0,8,0,1,1,1,1,0,1,0.05142857142857143,0.3333333333333333,0.09904761904761905,0,1,0,0,0,0,Valid Claim
CLM-2026-00117,102800.0,24,186,548,0,4,0,1,1,1,1,0,0,0.02857142857142857,0.16666666666666666,0.11047619047619048,0,0,0,0,0,1,Valid Claim
CLM-2026-00721,110200.0,12,560,-193,0,6,0,1,1,1,1,0,0,0.05142857142857143,0.3333333333333333,0.11047619047619048,0,1,0,0,0,0,Invalid Claim
CLM-2026-01338,101400.0,12,109,259,0,5,3,1,1,1,1,0,0,0.04,0.23809523809523808,0.10571428571428572,0,0,0,0,0,1,Manual Review
CLM-2026-00489,146900.0,12,193,175,0,4,1,1,1,1,1,0,0,0.02857142857142857,0.16666666666666666,0.11047619047619048,0,0,0,0,0,1,Valid Claim
CLM-2026-00498,198700.0,24,38,692,0,8,0,1,1,1,1,0,1,0.03619047619047619,0.23684210526315788,0.08761904761904762,0,0,0,1,0,0,Valid Claim
CLM-2026-01250,245400.0,12,163,206,0,4,1,1,1,1,1,0,0,0.029523809523809525,0.25806451612903225,0.09428571428571429,0,0,1,0,0,0,Manual Review
CLM-2026-00096,254700.0,12,275,96,0,2,1,1,1,1,1,0,0,0.029523809523809525,0.25806451612903225,0.09428571428571429,0,0,1,0,0,0,Valid Claim
CLM-2026-00306,424500.0,12,182,187,0,3,0,1,1,1,1,0,0,0.030476190476190476,0.21875,0.11047619047619048,0,0,0,0,1,0,Valid Claim
CLM-2026-00809,79900.0,12,122,315,0,-64,1,1,1,1,1,0,0,0.058095238095238096,0.2786885245901639,0.08952380952380952,0,1,0,0,0,0,Invalid Claim
CLM-2026-00552,67000.0,12,38,330,0,5,0,1,1,1,1,0,1,0.05142857142857143,0.3333333333333333,0.1,0,1,0,0,0,0,Invalid Claim
CLM-2026-00138,251400.0,12,327,43,0,3,2,1,1,1,1,0,0,0.06190476190476191,0.27692307692307694,0.10571428571428572,0,0,0,0,1,0,Valid Claim
CLM-2026-01159,298000.0,12,325,45,0,3,1,1,1,1,1,0,0,0.03333333333333333,0.11428571428571428,0.1,0,0,1,0,0,0,Manual Review
CLM-2026-00293,117400.0,36,752,348,0,3,0,1,1,1,1,0,0,0.02857142857142857,0.16666666666666666,0.1019047619047619,0,0,0,0,0,1,Valid Claim
CLM-2026-01175,79400.0,12,369,-1,0,5,0,1,1,1,1,0,0,0.058095238095238096,0.2786885245901639,0.1019047619047619,0,1,0,0,0,0,Manual Review
CLM-2026-00363,71000.0,24,241,491,0,5,0,1,1,1,1,0,0,0.054285714285714284,0.14035087719298245,0.11047619047619048,0,0,0,1,0,0,Valid Claim
CLM-2026-01289,113200.0,12,325,44,0,4,0,1,1,1,1,0,1,0.04,0.23809523809523808,0.08761904761904762,0,0,0,0,0,1,Manual Review
CLM-2026-00379,56100.0,12,231,139,0,2,2,1,1,1,1,0,0,0.05142857142857143,0.3333333333333333,0.09428571428571429,0,1,0,0,0,0,Valid Claim
CLM-2026-00054,77200.0,12,221,146,0,6,0,1,1,1,1,0,0,0.02857142857142857,0.16666666666666666,0.09428571428571429,0,0,0,0,0,1,Valid Claim
CLM-2026-01330,67000.0,12,361,21,0,-9,0,1,1,1,1,0,0,0.06476190476190476,0.3382352941176471,0.10761904761904761,0,1,0,0,0,0,Manual Review
CLM-2026-00710,360700.0,24,51,683,0,4,1,1,1,1,1,0,1,0.03333333333333333,0.11428571428571428,0.10571428571428572,0,0,1,0,0,0,Invalid Claim
CLM-2026-00163,205800.0,12,104,265,0,4,0,1,1,1,1,0,0,0.03142857142857143,0.18181818181818182,0.1,0,0,1,0,0,0,Valid Claim
CLM-2026-00007,123400.0,12,15,354,0,4,0,1,1,1,1,0,0,0.06476190476190476,0.3382352941176471,0.08761904761904762,0,1,0,0,0,0,Valid Claim
CLM-2026-01324,69700.0,12,317,51,0,5,3,1,1,1,1,0,0,0.03238095238095238,0.14705882352941177,0.09428571428571429,0,0,0,0,1,0,Manual Review
CLM-2026-01421,214500.0,24,366,369,2,3,0,1,0,1,0,0,0,0.03428571428571429,0.3333333333333333,0.10571428571428572,0,0,1,0,0,0,Manual Review
CLM-2026-01005,70900.0,12,208,161,1,4,0,1,0,1,1,0,0,0.06476190476190476,0.3382352941176471,0.09523809523809523,0,1,0,0,0,0,Manual Review
CLM-2026-00555,218700.0,24,30,707,0,1,0,1,1,1,1,1,1,0.010476190476190476,1.0,0.09904761904761905,0,0,0,1,0,0,Invalid Claim
CLM-2026-00628,175300.0,24,116,619,1,3,1,0,1,1,1,0,0,0.04380952380952381,0.1956521739130435,0.09904761904761905,0,0,0,1,0,0,Invalid Claim
CLM-2026-00065,123700.0,12,160,210,0,2,2,1,1,1,1,0,0,0.03333333333333333,0.11428571428571428,0.09428571428571429,0,0,1,0,0,0,Valid Claim
CLM-2026-00083,107700.0,24,455,280,0,2,2,1,1,1,1,0,0,0.02857142857142857,0.16666666666666666,0.08952380952380952,0,0,0,0,0,1,Valid Claim
CLM-2026-00648,338000.0,12,144,225,0,4,1,1,1,1,1,0,1,0.06190476190476191,0.27692307692307694,0.09523809523809523,0,0,0,0,1,0,Invalid Claim
CLM-2026-00651,192300.0,24,134,598,0,6,1,1,1,1,1,1,1,0.04666666666666667,1.0,0.09523809523809523,0,0,1,0,0,0,Invalid Claim
CLM-2026-00662,285100.0,24,149,583,1,6,1,0,1,1,1,0,0,0.03428571428571429,0.3333333333333333,0.1,0,0,1,0,0,0,Invalid Claim
CLM-2026-00064,150200.0,36,332,763,0,8,0,1,1,1,1,0,1,0.037142857142857144,0.3076923076923077,0.1,0,0,0,0,0,1,Valid Claim
CLM-2026-00937,79200.0,12,135,232,0,6,1,1,1,1,1,0,1,0.058095238095238096,0.2786885245901639,0.1019047619047619,0,1,0,0,0,0,Invalid Claim
CLM-2026-01399,70500.0,12,186,184,0,3,0,1,1,1,1,0,1,0.05142857142857143,0.3333333333333333,0.09428571428571429,0,1,0,0,0,0,Manual Review
CLM-2026-00251,397100.0,12,180,190,0,3,0,1,1,1,1,0,0,0.06190476190476191,0.27692307692307694,0.08761904761904762,0,0,1,0,0,0,Valid Claim
CLM-2026-01198,134700.0,12,142,237,0,-6,0,1,1,1,1,0,0,0.06190476190476191,0.27692307692307694,0.09904761904761905,0,0,1,0,0,0,Manual Review
CLM-2026-00823,119400.0,12,117,254,0,2,0,1,1,1,1,0,1,0.06476190476190476,0.3382352941176471,0.10761904761904761,0,1,0,0,0,0,Invalid Claim
CLM-2026-01487,55500.0,12,71,300,0,2,2,1,1,1,1,0,0,0.05142857142857143,0.3333333333333333,0.1019047619047619,0,1,0,0,0,0,Manual Review
CLM-2026-01349,134200.0,36,730,369,0,4,3,1,1,1,1,0,0,0.030476190476190476,0.25,0.09523809523809523,0,0,0,0,0,1,Manual Review
CLM-2026-01446,261800.0,24,444,290,0,4,0,1,1,1,1,0,1,0.03333333333333333,0.11428571428571428,0.1019047619047619,0,0,1,0,0,0,Manual Review
CLM-2026-01387,80000.0,12,368,5,0,0,0,1,1,1,1,0,0,0.06476190476190476,0.3382352941176471,0.10571428571428572,0,1,0,0,0,0,Manual Review
CLM-2026-01304,74800.0,12,142,227,0,4,1,1,1,1,1,0,0,0.05142857142857143,0.3333333333333333,0.11047619047619048,0,1,0,0,0,0,Manual Review
CLM-2026-00853,240300.0,24,76,660,0,2,1,1,1,1,1,0,0,0.014285714285714285,1.0,0.1019047619047619,0,0,0,1,0,0,Invalid Claim
CLM-2026-00693,257000.0,24,117,618,0,3,1,1,1,1,1,0,0,0.009523809523809525,1.0,0.1,0,0,0,1,0,0,Invalid Claim
CLM-2026-01436,202300.0,12,184,197,0,-8,0,1,1,1,1,0,0,0.03619047619047619,0.23684210526315788,0.10571428571428572,0,0,0,1,0,0,Manual Review
CLM-2026-01137,104200.0,36,1104,-4,0,3,0,1,1,1,1,0,0,0.02857142857142857,0.16666666666666666,0.1,0,0,0,0,0,1,Manual Review
CLM-2026-00719,254300.0,12,112,255,0,6,1,1,1,1,1,0,0,0.002857142857142857,1.0,0.09904761904761905,0,0,0,0,1,0,Invalid Claim
CLM-2026-00016,356200.0,12,158,210,0,5,2,1,1,1,1,0,0,0.03238095238095238,0.23529411764705882,0.1,0,0,0,0,1,0,Valid Claim
CLM-2026-01325,78800.0,24,444,290,2,4,0,1,0,1,0,0,0,0.030476190476190476,0.25,0.1,0,0,0,0,0,1,Manual Review
CLM-2026-00050,281000.0,12,143,227,0,3,0,1,1,1,1,0,0,0.02857142857142857,0.4666666666666667,0.11047619047619048,0,0,0,0,1,0,Valid Claim
CLM-2026-00077,123700.0,12,135,235,0,3,0,1,1,1,1,0,0,0.03238095238095238,0.14705882352941177,0.09904761904761905,0,0,0,0,1,0,Valid Claim
CLM-2026-00705,113000.0,12,575,-205,0,3,1,1,1,1,1,0,0,0.029523809523809525,0.25806451612903225,0.1019047619047619,0,0,1,0,0,0,Invalid Claim
CLM-2026-00186,99100.0,36,354,743,0,6,0,1,1,1,1,0,0,0.02666666666666667,0.21428571428571427,0.11047619047619048,0,0,0,0,0,1,Valid Claim
CLM-2026-00831,84600.0,12,464,-97,0,6,1,1,1,1,1,0,0,0.058095238095238096,0.2786885245901639,0.10571428571428572,0,1,0,0,0,0,Invalid Claim
CLM-2026-00713,214200.0,12,453,-86,0,6,0,1,1,1,1,0,0,0.03619047619047619,0.3157894736842105,0.10571428571428572,0,0,0,1,0,0,Invalid Claim
CLM-2026-00834,67100.0,12,20,350,0,3,1,1,1,1,1,0,0,0.010476190476190476,1.0,0.08761904761904762,0,1,0,0,0,0,Invalid Claim
CLM-2026-01370,148600.0,12,291,77,0,5,2,1,1,1,1,0,0,0.03619047619047619,0.23684210526315788,0.1,0,0,0,1,0,0,Manual Review
CLM-2026-01353,223100.0,24,698,37,1,3,0,1,1,1,0,0,0,0.04380952380952381,0.1956521739130435,0.1019047619047619,0,0,0,1,0,0,Manual Review
CLM-2026-00533,449200.0,12,512,-145,0,6,0,1,1,1,1,0,0,0.03238095238095238,0.14705882352941177,0.1,0,0,0,0,1,0,Invalid Claim
CLM-2026-00316,309900.0,12,178,189,0,5,0,1,1,1,1,0,0,0.03238095238095238,0.14705882352941177,0.10571428571428572,0,0,0,0,1,0,Valid Claim
CLM-2026-00570,430400.0,12,88,284,0,1,1,1,1,1,1,0,1,0.02857142857142857,0.4666666666666667,0.08952380952380952,0,0,0,0,1,0,Invalid Claim
CLM-2026-00146,116600.0,12,207,158,0,8,1,1,1,1,1,0,1,0.058095238095238096,0.2786885245901639,0.1,0,1,0,0,0,0,Valid Claim
CLM-2026-00296,444300.0,12,139,230,0,3,0,1,1,1,1,0,0,0.02666666666666667,0.21428571428571427,0.09523809523809523,0,0,0,0,1,0,Valid Claim
CLM-2026-00945,105700.0,12,461,-88,0,0,1,1,1,1,1,0,0,0.06476190476190476,0.3382352941176471,0.0,1,1,0,0,0,0,Invalid Claim
CLM-2026-00356,203700.0,12,266,101,0,6,2,1,1,1,1,0,0,0.054285714285714284,0.14035087719298245,0.08952380952380952,0,0,0,1,0,0,Valid Claim
CLM-2026-00676,63500.0,12,519,-148,0,2,1,1,1,1,1,0,0,0.05142857142857143,0.3333333333333333,0.11047619047619048,0,1,0,0,0,0,Invalid Claim
CLM-2026-00038,360100.0,12,326,45,0,2,2,1,1,1,1,0,0,0.054285714285714284,0.14035087719298245,0.11047619047619048,0,0,0,1,0,0,Valid Claim
CLM-2026-00158,199300.0,12,45,322,0,5,1,1,1,1,1,0,0,0.06190476190476191,0.27692307692307694,0.08761904761904762,0,0,1,0,0,0,Valid Claim
CLM-2026-00406,121600.0,12,125,241,0,6,1,1,1,1,1,0,0,0.05142857142857143,0.3333333333333333,0.11047619047619048,0,1,0,0,0,0,Valid Claim
CLM-2026-00797,94100.0,12,54,317,0,2,1,1,1,1,1,0,1,0.05142857142857143,0.3333333333333333,0.1,0,1,0,0,0,0,Invalid Claim
CLM-2026-00382,134200.0,36,111,990,0,2,0,1,1,1,1,0,0,0.037142857142857144,0.3076923076923077,0.1,0,0,0,0,0,1,Valid Claim
CLM-2026-00556,184800.0,24,812,-77,0,3,1,1,1,1,1,0,0,0.03619047619047619,0.23684210526315788,0.11047619047619048,0,0,0,1,0,0,Invalid Claim
CLM-2026-00331,95500.0,12,198,171,0,3,1,1,1,1,1,0,0,0.06190476190476191,0.27692307692307694,0.10761904761904761,0,0,0,0,1,0,Valid Claim
CLM-2026-01208,133200.0,12,268,108,0,-3,0,1,1,1,1,0,0,0.03142857142857143,0.18181818181818182,0.1019047619047619,0,0,1,0,0,0,Manual Review
CLM-2026-01027,102500.0,36,170,929,0,4,0,1,1,1,1,0,1,0.04,0.23809523809523808,0.09523809523809523,0,0,0,0,0,1,Manual Review
CLM-2026-00778,309900.0,24,841,-108,0,5,1,1,1,1,1,0,0,0.06190476190476191,0.27692307692307694,0.1019047619047619,0,0,1,0,0,0,Invalid Claim
CLM-2026-00390,58200.0,12,124,246,0,3,0,1,1,1,1,0,0,0.058095238095238096,0.2786885245901639,0.09523809523809523,0,1,0,0,0,0,Valid Claim
CLM-2026-00263,71500.0,12,42,328,0,3,0,1,1,1,1,0,0,0.06476190476190476,0.3382352941176471,0.10761904761904761,0,1,0,0,0,0,Valid Claim
CLM-2026-00765,119500.0,12,179,270,0,-76,1,1,1,1,1,0,0,0.06190476190476191,0.27692307692307694,0.11047619047619048,0,0,1,0,0,0,Invalid Claim
CLM-2026-00231,232900.0,12,267,100,0,5,0,1,1,1,1,0,0,0.06190476190476191,0.27692307692307694,0.10571428571428572,0,0,0,0,1,0,Valid Claim
CLM-2026-00984,181900.0,12,395,-27,0,5,0,1,1,1,1,0,0,0.03619047619047619,0.3157894736842105,0.10571428571428572,0,0,0,1,0,0,Invalid Claim
CLM-2026-00751,204600.0,12,533,-160,0,0,1,1,1,1,1,0,0,0.03238095238095238,0.23529411764705882,0.10761904761904761,0,0,0,0,1,0,Invalid Claim
CLM-2026-01495,108900.0,36,756,351,0,-4,0,1,1,1,1,0,0,0.02857142857142857,0.16666666666666666,0.09428571428571429,0,0,0,0,0,1,Manual Review
CLM-2026-00223,193000.0,12,13,353,0,6,2,1,1,1,1,0,0,0.03619047619047619,0.3157894736842105,0.10761904761904761,0,0,0,1,0,0,Valid Claim
CLM-2026-01290,243000.0,12,26,349,0,-2,0,1,1,1,1,0,0,0.02666666666666667,0.21428571428571427,0.09523809523809523,0,0,0,0,1,0,Manual Review
CLM-2026-00432,206000.0,12,172,198,0,3,2,1,1,1,1,0,0,0.03142857142857143,0.18181818181818182,0.09904761904761905,0,0,1,0,0,0,Valid Claim
CLM-2026-01357,74600.0,12,213,158,0,2,0,1,1,1,1,0,1,0.06476190476190476,0.3382352941176471,0.10571428571428572,0,1,0,0,0,0,Manual Review
CLM-2026-00349,288100.0,12,133,235,0,4,0,1,1,1,1,0,0,0.029523809523809525,0.25806451612903225,0.09428571428571429,0,0,1,0,0,0,Valid Claim
CLM-2026-00025,299800.0,12,13,353,0,6,0,1,1,1,1,0,0,0.03238095238095238,0.23529411764705882,0.09523809523809523,0,0,0,0,1,0,Valid Claim
CLM-2026-00606,204200.0,12,141,230,0,2,0,1,1,1,1,0,0,0.004761904761904762,1.0,0.11047619047619048,0,0,1,0,0,0,Invalid Claim
CLM-2026-01498,0.0,24,235,505,0,-2,0,1,1,1,1,0,0,0.054285714285714284,0.14035087719298245,0.09523809523809523,0,0,0,1,0,0,Manual Review
CLM-2026-01320,0.0,24,268,466,2,4,0,1,0,1,0,0,0,0.03142857142857143,0.18181818181818182,0.08761904761904762,0,0,1,0,0,0,Manual Review
CLM-2026-00968,50700.0,12,600,-232,0,5,0,1,1,1,1,0,0,0.02666666666666667,0.21428571428571427,0.1019047619047619,0,0,0,0,0,1,Invalid Claim
CLM-2026-00114,139100.0,24,705,31,0,2,0,1,1,1,1,0,0,0.03619047619047619,0.3157894736842105,0.1,0,0,0,1,0,0,Valid Claim
CLM-2026-00154,65100.0,36,202,895,0,6,2,1,1,1,1,0,0,0.02857142857142857,0.16666666666666666,0.08952380952380952,0,0,0,0,0,1,Valid Claim
CLM-2026-01422,150700.0,36,1005,93,0,5,1,1,1,1,1,0,0,0.030476190476190476,0.25,0.1,0,0,0,0,0,1,Manual Review
CLM-2026-00057,104300.0,12,91,280,0,2,0,1,1,1,1,0,0,0.058095238095238096,0.2786885245901639,0.1019047619047619,0,1,0,0,0,0,Valid Claim
CLM-2026-00753,391000.0,12,99,270,0,4,1,1,1,1,1,0,1,0.03142857142857143,0.18181818181818182,0.11047619047619048,0,0,1,0,0,0,Invalid Claim
CLM-2026-00794,112000.0,12,68,300,0,5,0,1,1,1,1,0,0,0.010476190476190476,1.0,0.09904761904761905,0,0,0,1,0,0,Invalid Claim
CLM-2026-00889,108400.0,12,107,265,2,1,1,0,0,1,1,0,0,0.058095238095238096,0.2786885245901639,0.08761904761904762,0,1,0,0,0,0,Invalid Claim
CLM-2026-00318,257600.0,12,310,60,0,2,0,1,1,1,1,0,0,0.06190476190476191,0.27692307692307694,0.09523809523809523,0,0,0,0,1,0,Valid Claim
CLM-2026-00476,207300.0,12,253,113,0,6,0,1,1,1,1,0,0,0.054285714285714284,0.14035087719298245,0.1019047619047619,0,0,0,1,0,0,Valid Claim
CLM-2026-01144,74500.0,12,81,299,0,-7,0,1,1,1,1,0,0,0.05142857142857143,0.3333333333333333,0.1019047619047619,0,1,0,0,0,0,Manual Review
CLM-2026-01174,87100.0,24,313,431,0,-6,0,1,1,1,1,0,0,0.021904761904761906,0.34782608695652173,0.09523809523809523,0,0,0,0,0,1,Manual Review
CLM-2026-01352,70900.0,12,59,309,0,5,1,1,1,1,1,0,0,0.058095238095238096,0.2786885245901639,0.09428571428571429,0,1,0,0,0,0,Manual Review
CLM-2026-00069,306400.0,12,335,34,0,4,1,1,1,1,1,0,0,0.023809523809523808,0.24,0.11047619047619048,0,0,1,0,0,0,Valid Claim
CLM-2026-01096,251700.0,24,190,545,0,3,2,1,1,1,1,0,0,0.04380952380952381,0.1956521739130435,0.1,0,0,0,1,0,0,Manual Review
CLM-2026-00720,82800.0,12,142,229,0,2,0,1,1,1,1,0,1,0.02666666666666667,0.21428571428571427,0.09428571428571429,0,0,0,0,1,0,Invalid Claim
CLM-2026-00807,149300.0,12,594,-226,0,5,1,1,1,1,1,0,0,0.021904761904761906,0.34782608695652173,0.08952380952380952,0,0,0,0,0,1,Invalid Claim
CLM-2026-00271,151800.0,12,251,118,0,3,2,1,1,1,1,0,0,0.03619047619047619,0.3157894736842105,0.1019047619047619,0,0,0,1,0,0,Valid Claim
CLM-2026-01101,115600.0,36,781,319,0,3,0,1,1,1,1,0,1,0.030476190476190476,0.25,0.08761904761904762,0,0,0,0,0,1,Manual Review
CLM-2026-00971,157000.0,24,133,603,0,2,1,1,1,1,1,0,1,0.04380952380952381,0.1956521739130435,0.09428571428571429,0,0,0,1,0,0,Invalid Claim
CLM-2026-00405,174700.0,36,573,524,0,5,0,1,1,1,1,0,0,0.021904761904761906,0.34782608695652173,0.09523809523809523,0,0,0,0,0,1,Valid Claim
CLM-2026-00559,248300.0,12,402,-31,0,2,1,1,1,1,1,0,0,0.02857142857142857,0.4666666666666667,0.1,0,0,0,0,1,0,Invalid Claim
CLM-2026-00800,142400.0,12,100,335,0,-62,0,1,1,1,1,0,0,0.04,0.23809523809523808,0.11047619047619048,0,0,0,0,0,1,Invalid Claim
CLM-2026-00863,231000.0,12,89,278,0,6,0,1,1,1,1,0,0,0.0019047619047619048,1.0,0.10761904761904761,0,0,0,0,1,0,Invalid Claim
CLM-2026-01497,239400.0,12,370,1,0,2,0,1,1,1,1,0,0,0.04380952380952381,0.1956521739130435,0.10571428571428572,0,0,0,1,0,0,Manual Review
CLM-2026-01441,353000.0,12,41,327,1,5,0,1,1,0,1,0,0,0.054285714285714284,0.14035087719298245,0.08952380952380952,0,0,0,1,0,0,Manual Review
CLM-2026-00858,79000.0,12,398,-29,0,4,0,1,1,1,1,0,0,0.03619047619047619,0.23684210526315788,0.10761904761904761,0,0,0,1,0,0,Invalid Claim
CLM-2026-00925,135000.0,24,35,700,0,3,0,1,1,1,1,0,1,0.06190476190476191,0.27692307692307694,0.09904761904761905,0,0,1,0,0,0,Invalid Claim
CLM-2026-00245,127500.0,12,54,314,0,5,0,1,1,1,1,0,0,0.03619047619047619,0.3157894736842105,0.08761904761904762,0,0,0,1,0,0,Valid Claim
CLM-2026-00976,90500.0,24,181,556,0,1,0,1,1,1,1,1,1,0.04666666666666667,1.0,0.10571428571428572,0,0,0,0,0,1,Invalid Claim
CLM-2026-01114,136200.0,24,233,502,0,3,0,1,1,1,1,0,1,0.03333333333333333,0.11428571428571428,0.09428571428571429,0,0,1,0,0,0,Manual Review
CLM-2026-00286,86500.0,36,815,283,0,5,2,1,1,1,1,0,0,0.021904761904761906,0.34782608695652173,0.11047619047619048,0,0,0,0,0,1,Valid Claim
CLM-2026-01041,93900.0,12,374,-4,0,3,0,1,1,1,1,0,0,0.02666666666666667,0.21428571428571427,0.09904761904761905,0,0,0,0,0,1,Manual Review
CLM-2026-00388,263000.0,24,529,203,0,6,0,1,1,1,1,0,0,0.06190476190476191,0.27692307692307694,0.09428571428571429,0,0,1,0,0,0,Valid Claim
CLM-2026-01153,122100.0,12,42,329,1,2,0,1,0,1,1,0,0,0.03333333333333333,0.11428571428571428,0.1019047619047619,0,0,1,0,0,0,Manual Review
CLM-2026-00288,240100.0,24,372,364,0,2,0,1,1,1,1,0,0,0.029523809523809525,0.25806451612903225,0.08761904761904762,0,0,1,0,0,0,Valid Claim
CLM-2026-00544,142400.0,12,175,195,1,3,1,0,1,1,1,0,0,0.03619047619047619,0.23684210526315788,0.09428571428571429,0,0,0,1,0,0,Invalid Claim
CLM-2026-01187,98400.0,12,255,115,0,3,3,1,1,1,1,0,0,0.05142857142857143,0.3333333333333333,0.08761904761904762,0,1,0,0,0,0,Manual Review
CLM-2026-00291,97200.0,12,286,83,0,4,2,1,1,1,1,0,0,0.05142857142857143,0.3333333333333333,0.11047619047619048,0,1,0,0,0,0,Valid Claim
CLM-2026-01328,181400.0,12,78,293,0,2,3,1,1,1,1,0,0,0.023809523809523808,0.24,0.10571428571428572,0,0,1,0,0,0,Manual Review
CLM-2026-00145,221600.0,24,266,467,0,4,0,1,1,1,1,0,0,0.06190476190476191,0.27692307692307694,0.09523809523809523,0,0,1,0,0,0,Valid Claim
CLM-2026-01440,447300.0,12,369,3,0,1,0,1,1,1,1,0,0,0.06190476190476191,0.27692307692307694,0.08761904761904762,0,0,0,0,1,0,Manual Review
CLM-2026-00471,93200.0,12,261,108,0,4,0,1,1,1,1,0,0,0.05142857142857143,0.3333333333333333,0.1,0,1,0,0,0,0,Valid Claim
CLM-2026-00545,293200.0,12,398,-27,0,2,1,1,1,1,1,0,0,0.02857142857142857,0.4666666666666667,0.1,0,0,0,0,1,0,Invalid Claim
CLM-2026-00177,60200.0,12,337,30,0,6,0,1,1,1,1,0,0,0.06476190476190476,0.3382352941176471,0.08952380952380952,0,1,0,0,0,0,Valid Claim
CLM-2026-01118,67500.0,12,220,150,0,3,1,1,1,1,1,0,0,0.03619047619047619,0.3157894736842105,0.1,0,0,0,1,0,0,Manual Review
CLM-2026-01494,118100.0,12,284,84,0,5,2,1,1,1,1,0,0,0.030476190476190476,0.21875,0.11047619047619048,0,0,0,0,1,0,Manual Review
CLM-2026-01264,191800.0,12,281,89,0,3,3,1,1,1,1,0,0,0.04,0.23809523809523808,0.1019047619047619,0,0,0,0,0,1,Manual Review
CLM-2026-00260,76800.0,12,263,106,0,3,2,1,1,1,1,0,0,0.02666666666666667,0.21428571428571427,0.09523809523809523,0,0,0,0,1,0,Valid Claim
CLM-2026-00429,236700.0,12,120,244,0,8,2,1,1,1,1,0,1,0.03238095238095238,0.23529411764705882,0.08952380952380952,0,0,0,0,1,0,Valid Claim
CLM-2026-00996,106600.0,12,61,306,0,6,0,1,1,1,1,0,0,0.002857142857142857,1.0,0.09523809523809523,0,0,0,0,1,0,Invalid Claim
CLM-2026-00700,203800.0,12,73,298,0,2,1,1,1,1,1,0,1,0.03142857142857143,0.18181818181818182,0.1019047619047619,0,0,1,0,0,0,Invalid Claim
CLM-2026-01152,75500.0,12,226,155,0,-8,0,1,1,1,1,0,0,0.058095238095238096,0.2786885245901639,0.10571428571428572,0,1,0,0,0,0,Manual Review
CLM-2026-00654,82100.0,12,105,263,0,5,1,1,1,1,1,0,1,0.06476190476190476,0.3382352941176471,0.09904761904761905,0,1,0,0,0,0,Invalid Claim
CLM-2026-00470,236400.0,12,324,45,0,3,2,1,1,1,1,0,1,0.023809523809523808,0.24,0.1019047619047619,0,0,1,0,0,0,Valid Claim
CLM-2026-01090,415600.0,12,368,2,0,3,0,1,1,1,1,0,0,0.06190476190476191,0.27692307692307694,0.1019047619047619,0,0,1,0,0,0,Manual Review
CLM-2026-00238,241900.0,12,153,217,0,3,2,1,1,1,1,0,0,0.02857142857142857,0.4666666666666667,0.11047619047619048,0,0,0,0,1,0,Valid Claim
CLM-2026-00992,123600.0,12,117,254,0,2,1,1,1,1,1,0,0,0.004761904761904762,1.0,0.08761904761904762,0,0,0,0,0,1,Invalid Claim
CLM-2026-00051,88000.0,24,306,427,0,5,0,1,1,1,1,0,0,0.03619047619047619,0.23684210526315788,0.10571428571428572,0,0,0,1,0,0,Valid Claim
CLM-2026-00875,109600.0,36,148,953,0,2,1,1,1,1,1,0,1,0.037142857142857144,0.3076923076923077,0.10571428571428572,0,0,0,0,0,1,Invalid Claim
CLM-2026-00324,211700.0,24,96,638,0,3,0,1,1,1,1,0,0,0.054285714285714284,0.14035087719298245,0.08761904761904762,0,0,0,1,0,0,Valid Claim
CLM-2026-00822,358700.0,24,84,652,0,2,1,1,1,1,1,0,1,0.029523809523809525,0.25806451612903225,0.08952380952380952,0,0,1,0,0,0,Invalid Claim
CLM-2026-00665,390800.0,12,157,282,0,-66,0,1,1,1,1,0,0,0.02666666666666667,0.21428571428571427,0.10571428571428572,0,0,0,0,1,0,Invalid Claim
CLM-2026-01125,147900.0,24,160,573,0,5,3,1,1,1,1,0,0,0.023809523809523808,0.24,0.09904761904761905,0,0,1,0,0,0,Manual Review
CLM-2026-00567,462600.0,12,140,229,1,4,1,0,1,1,1,0,0,0.06190476190476191,0.27692307692307694,0.10571428571428572,0,0,1,0,0,0,Invalid Claim
CLM-2026-00376,401100.0,12,166,201,0,6,0,1,1,1,1,0,0,0.06190476190476191,0.27692307692307694,0.10571428571428572,0,0,0,0,1,0,Valid Claim
CLM-2026-00255,150100.0,24,663,72,0,3,0,1,1,1,1,0,0,0.06190476190476191,0.27692307692307694,0.10571428571428572,0,0,1,0,0,0,Valid Claim
