claim_id,user_id,product_id,product_category,product_name,brand,model_number,serial_number,purchase_date,purchase_price,retailer,warranty_duration_months,warranty_start_date,warranty_expiry_date,fault_occurrence_date,fault_description,damage_type,claim_submission_date,repair_history,has_receipt,has_warranty_card,has_product_image,has_serial_evidence,serial_number_on_receipt,prior_replacement,class_label
CLM-2026-01427,USR-84091,PRD-WA-SAM-WA13,Washing Machine,Samsung Wobble Technology Top-Load 13kg,Samsung,WA13CG5441BY,SAM-WA-2025-31YKCWB,2025-12-25,99500.0,TechnoCity Prime Electronics,12,2025-12-26,2026-12-26,2026-09-03,Water inlet dual solenoid valve coil burnout; machine fails to fill water (Customer notes prior minor servicing at local shop),Water Valve Failure,2026-09-06,3 repairs (Authorized Service Center),True,True,True,True,SAM-WA-2025-31YKCWB,False,Manual Review
CLM-2026-01075,USR-65935,PRD-LA-LEN-21HD,Laptop,Lenovo ThinkPad T14 Gen 4,Lenovo,21HD001EUS,LEN-LA-2025-JNUH04F,2026-04-02,260900.0,Airlink Communications Official Flagship,12,2026-04-03,2027-04-03,2026-06-14,Internal cooling fan bearing seizure and zero RPM tachometer error,Cooling System Defect,2026-06-19,0 repairs,True,False,True,True,LEN-LA-2025-JNUH04F,False,Manual Review
CLM-2026-01402,USR-22482,PRD-AU-SAM-HW-Q,Audio / Soundbar,Samsung Q-Series Soundbar 3.1.2ch,Samsung,HW-Q600C,SAM-AU-2025-NF5YFGD,2026-04-04,106500.0,Hafeez Center Certified Dealer Outlets,12,2026-04-05,2027-04-05,2026-09-05,Active subwoofer Class-D amplifier module silent; power LED steady green,Amplifier Circuit Failure,2026-09-10,0 repairs,True,True,True,False,SAM-AU-2025-NF5YFGD,False,Manual Review
CLM-2026-01366,USR-40350,PRD-SM-SAM-UA65,Smart TV,Samsung Crystal UHD 4K 65-inch,Samsung,UA65CU7000,SAM-SM-2025-P0C4DZK,2025-10-31,189300.0,Airlink Communications Official Flagship,12,2025-11-01,2026-11-01,2026-04-06,Internal T-CON timing controller logic failure causing display split-screen inversion,Timing Controller (T-CON) Defect,2026-04-09,0 repairs,True,True,False,True,SAM-SM-2025-P0C4DZK,False,Manual Review
CLM-2026-00596,USR-68114,PRD-SM-SON-KD-6,Smart TV,Sony Bravia LED 4K 65-inch,Sony,KD-65X77L,SON-SM-2025-ZUVXZLG,2024-08-28,210200.0,Airlink Communications Official Flagship,12,2024-08-29,2025-08-29,2025-01-03,Internal T-CON timing controller logic failure causing display split-screen inversion,Timing Controller (T-CON) Defect,2025-01-04,0 repairs,True,True,True,True,SON-SM-2025-10W5RV4,False,Invalid Claim
CLM-2026-01302,USR-16514,PRD-SM-TCL-50P6,Smart TV,TCL 4K HDR Smart TV 50-inch,TCL,50P635,TCL-SM-2025-GS3M9CM,2025-07-16,104800.0,Hafeez Center Certified Dealer Outlets,24,2025-07-17,2027-07-17,2027-06-26,Motherboard HDMI receiver chip failure; all ports report No Signal,Mainboard HDMI Interface Failure,2027-07-09,0 repairs,True,True,True,True,TCL-SM-2025-GS3M9CM,False,Manual Review
CLM-2026-00514,USR-92430,PRD-SM-XIA-2403,Smartphone,Xiaomi Xiaomi 14 Ultra,Xiaomi,24030PN60G,86410984209722,2025-08-13,235400.0,Brand Flagship Experience Store,12,2025-08-14,2026-08-14,2025-09-09,Logic board PMIC power distribution failure; unit will not boot,Logic Board Failure,2025-09-13,0 repairs,False,True,True,True,,False,Invalid Claim
CLM-2026-01031,USR-94714,PRD-SM-XIA-2403,Smartphone,Xiaomi Xiaomi 14 Ultra,Xiaomi,24030PN60G,86049211400593,2026-05-24,201000.0,Cnergy Tech Retail Center,12,2026-05-25,2027-05-25,2027-02-06,Cellular baseband modem chip malfunction; persistent No Service state,Modem / Cellular Hardware Defect,2027-02-17,0 repairs,True,True,True,True,86049211400593,False,Manual Review
CLM-2026-00524,USR-69582,PRD-AU-SON-WH-1,Audio / Soundbar,Sony Wireless Noise Canceling Headphones,Sony,WH-1000XM5,SON-AU-2025-FUD9AB2,2024-10-20,104000.0,TechnoCity Prime Electronics,12,2024-10-21,2025-10-21,2025-02-18,ANC feedback microphone capsule dead; severe acoustic howling artifact,Microphone Hardware Failure,2025-02-21,1 repair (Unauthorized Third-Party),False,True,True,True,,False,Invalid Claim
CLM-2026-00023,USR-89516,PRD-SM-SAM-UA65,Smart TV,Samsung Crystal UHD 4K 65-inch,Samsung,UA65CU7000,SAM-SM-2025-6MCR5JD,2026-08-11,202700.0,Cnergy Tech Retail Center,12,2026-08-12,2027-08-12,2027-01-15,Motherboard HDMI receiver chip failure; all ports report No Signal,Mainboard HDMI Interface Failure,2027-01-17,2 repairs (Authorized Service Center),True,True,True,True,SAM-SM-2025-6MCR5JD,False,Valid Claim
CLM-2026-01314,USR-89905,PRD-AU-SON-WH-1,Audio / Soundbar,Sony Wireless Noise Canceling Headphones,Sony,WH-1000XM5,SON-AU-2025-V45P38F,2025-12-13,88400.0,Muller & Phipps Authorized Retail,12,2025-12-14,2026-12-14,2026-08-24,Active subwoofer Class-D amplifier module silent; power LED steady green (Customer notes prior minor servicing at local shop),Amplifier Circuit Failure,2026-08-27,3 repairs (Authorized Service Center),True,True,True,True,SON-AU-2025-V45P38F,False,Manual Review
CLM-2026-01176,USR-35311,PRD-AU-APP-MTJV,Audio / Soundbar,Apple AirPods Pro 2nd Gen,Apple,MTJV3,APP-AU-2025-A9X70P6,2025-12-16,74800.0,Brand Flagship Experience Store,12,2025-12-17,2026-12-17,2026-03-25,ANC feedback microphone capsule dead; severe acoustic howling artifact,Microphone Hardware Failure,2026-03-28,0 repairs,True,True,True,True,APP-AU-Z025-A9X70P6,False,Manual Review
CLM-2026-00547,USR-99040,PRD-SM-TCL-55C7,Smart TV,TCL QLED Mini-LED 55-inch,TCL,55C755,TCL-SM-2025-4AYBLD1,2025-09-28,153200.0,TechnoCity Prime Electronics,24,2025-09-29,2027-09-29,2025-10-31,Motherboard HDMI receiver chip failure; all ports report No Signal,Mainboard HDMI Interface Failure,2025-12-28,0 repairs,True,True,True,True,TCL-SM-2025-4AYBLD1,False,Invalid Claim
CLM-2026-01321,USR-32781,PRD-SM-SAM-SM-S,Smartphone,Samsung Galaxy S24 Ultra,Samsung,SM-S928B,86049283214704,2026-05-12,230500.0,Airlink Communications Official Flagship,12,2026-05-13,2027-05-13,2027-05-10,Logic board PMIC power distribution failure; unit will not boot,Logic Board Failure,2027-05-15,0 repairs,True,True,True,True,86049283214704,False,Manual Review
CLM-2026-01037,USR-44095,PRD-SM-SAM-QA55,Smart TV,Samsung QLED 4K Smart TV 55-inch,Samsung,QA55Q60CA,SAM-SM-2025-8883R7A,2026-07-16,206400.0,Brand Flagship Experience Store,12,2026-07-17,2027-07-17,2027-07-21,Motherboard HDMI receiver chip failure; all ports report No Signal,Mainboard HDMI Interface Failure,2027-07-25,0 repairs,True,True,True,True,SAM-SM-2025-8883R7A,False,Manual Review
CLM-2026-00381,USR-12376,PRD-WA-LG-F4V5,Washing Machine,LG AI DD Front-Load Washer 9kg,LG,F4V5VYP0W,LG-WA-2025-N2F55GT,2025-12-02,181000.0,Cnergy Tech Retail Center,24,2025-12-03,2027-12-03,2026-08-10,Electronic door safety microswitch interlock latch contact failure,Safety Interlock Defect,2026-08-12,0 repairs,True,True,True,True,LG-WA-2025-N2F55GT,False,Valid Claim
CLM-2026-01262,USR-54672,PRD-AU-SAM-HW-Q,Audio / Soundbar,Samsung Q-Series Soundbar 3.1.2ch,Samsung,HW-Q600C,SAM-AU-2025-ZRH8GJT,2025-12-28,103700.0,Metro Cash & Carry Official Counter,12,2025-12-29,2026-12-29,2026-10-31,Active subwoofer Class-D amplifier module silent; power LED steady green,Amplifier Circuit Failure,2026-11-02,0 repairs,True,True,True,True,5AM-AU-2025-ZRH8GJT,False,Manual Review
CLM-2026-01201,USR-25600,PRD-WA-HAI-HWM1,Washing Machine,Haier Inverter Front-Load 10kg Washer,Haier,HWM100-1678,HAI-WA-2025-PE90EXL,2025-12-16,146500.0,Cnergy Tech Retail Center,24,2025-12-17,2027-12-17,2027-06-03,Internal drainage pump motor winding electrical open circuit with OE code,Drain Pump Defect,2027-06-06,0 repairs,True,True,True,True,HA1-WA-2025-PE90EXL,False,Manual Review
CLM-2026-00398,USR-74615,PRD-SM-APP-A310,Smartphone,Apple iPhone 15 Pro Max,Apple,A3106,86410960400521,2026-07-16,386100.0,Al-Madina Electronics Authorized Franchise,12,2026-07-16,2027-07-16,2026-11-25,Cellular baseband modem chip malfunction; persistent No Service state,Modem / Cellular Hardware Defect,2026-11-30,0 repairs,True,True,True,True,86410960400521,False,Valid Claim
CLM-2026-01365,USR-46787,PRD-WA-DAW-DW-9,Washing Machine,Dawlance Top-Load Energy Saver 11kg,Dawlance,DW-9060-ES,DAW-WA-2025-D2RFE3M,2025-02-19,87100.0,TechnoCity Prime Electronics,24,2025-02-20,2027-02-20,2027-01-20,Internal drainage pump motor winding electrical open circuit with OE code,Drain Pump Defect,2027-01-22,0 repairs,True,True,True,True,DAW-WA-Z025-D2RFE3M,False,Manual Review
CLM-2026-00774,USR-31016,PRD-WA-HAI-HWM8,Washing Machine,Haier Twin Tub Semi-Automatic Washer,Haier,HWM80-50,HAI-WA-2025-F4N92TB,2025-08-28,47300.0,Al-Madina Electronics Authorized Franchise,36,2025-08-29,2028-08-28,2025-10-29,Water inlet dual solenoid valve coil burnout; machine fails to fill water,Water Valve Failure,2025-10-31,1 repair (Unauthorized Third-Party),True,True,True,True,HAI-WA-2025-YPXLYSZ,False,Invalid Claim
CLM-2026-00214,USR-63101,PRD-WA-LG-F4V5,Washing Machine,LG AI DD Front-Load Washer 9kg,LG,F4V5VYP0W,LG-WA-2025-29UW6RL,2026-07-04,140800.0,Brand Flagship Experience Store,36,2026-07-04,2029-07-03,2029-05-17,Electronic door safety microswitch interlock latch contact failure,Safety Interlock Defect,2029-05-18,2 repairs (Authorized Service Center),True,True,True,True,LG-WA-2025-29UW6RL,False,Valid Claim
CLM-2026-00153,USR-63744,PRD-SM-APP-A310,Smartphone,Apple iPhone 15 Pro Max,Apple,A3106,35874272267185,2025-12-02,366700.0,Airlink Communications Official Flagship,12,2025-12-02,2026-12-02,2026-09-17,Spontaneous vertical green line on AMOLED panel post official OTA update,Display Panel Defect,2026-09-19,0 repairs,True,True,True,True,35874272267185,False,Valid Claim
CLM-2026-00364,USR-11352,PRD-SM-SON-XR-5,Smart TV,Sony Bravia 4K OLED 55-inch,Sony,XR-55A80L,SON-SM-2025-P65T0Z7,2025-12-24,479000.0,TechnoCity Prime Electronics,24,2025-12-24,2027-12-24,2027-01-16,Motherboard HDMI receiver chip failure; all ports report No Signal,Mainboard HDMI Interface Failure,2027-01-21,0 repairs,True,True,True,True,SON-SM-2025-P65T0Z7,False,Valid Claim
CLM-2026-01070,USR-55523,PRD-SM-SON-KD-6,Smart TV,Sony Bravia LED 4K 65-inch,Sony,KD-65X77L,SON-SM-2025-GVTPH9T,2026-07-04,204800.0,Muller & Phipps Authorized Retail,24,2026-07-05,2028-07-04,2027-09-07,Motherboard HDMI receiver chip failure; all ports report No Signal,Mainboard HDMI Interface Failure,2027-09-16,0 repairs,True,True,True,True,SON-SM-2025-GVTPH9T,False,Manual Review
CLM-2026-00844,USR-38110,PRD-WA-DAW-DW-9,Washing Machine,Dawlance Top-Load Energy Saver 11kg,Dawlance,DW-9060-ES,DAW-WA-2025-U6AAEAA,2025-07-31,87400.0,Hafeez Center Certified Dealer Outlets,12,2025-08-01,2026-08-01,2026-10-09,Electronic door safety microswitch interlock latch contact failure,Safety Interlock Defect,2026-10-12,1 repair (Unauthorized Third-Party),True,True,True,True,DAW-WA-2025-U6AAEAA,False,Invalid Claim
CLM-2026-00516,USR-61222,PRD-SM-XIA-2403,Smartphone,Xiaomi Xiaomi 14 Ultra,Xiaomi,24030PN60G,86049229036824,2025-09-06,200000.0,Muller & Phipps Authorized Retail,12,2025-09-07,2026-09-07,2026-01-31,Spontaneous vertical green line on AMOLED panel post official OTA update,Display Panel Defect,2026-02-03,0 repairs,False,True,True,True,,False,Invalid Claim
CLM-2026-00690,USR-35927,PRD-WA-DAW-DW-9,Washing Machine,Dawlance Top-Load Energy Saver 11kg,Dawlance,DW-9060-ES,DAW-WA-2025-5ENCN9R,2025-10-01,92700.0,Mega PK Technologies Flagship Hub,24,2025-10-02,2027-10-02,2026-02-01,Unit power failure; replacement unit already issued under previous claim,Hardware Failure,2026-02-06,1 repair (Unauthorized Third-Party),True,True,True,True,DAW-WA-2025-5ENCN9R,True,Invalid Claim
CLM-2026-00820,USR-91852,PRD-AU-SAM-HW-Q,Audio / Soundbar,Samsung Q-Series Soundbar 3.1.2ch,Samsung,HW-Q600C,SAM-AU-2025-JXPE8TD,2024-07-31,114200.0,Brand Flagship Experience Store,12,2024-08-01,2025-08-01,2025-01-28,Unit power failure; replacement unit already issued under previous claim,Hardware Failure,2025-02-01,1 repair (Unauthorized Third-Party),True,True,True,True,SAM-AU-2025-JXPE8TD,True,Invalid Claim
CLM-2026-00795,USR-14604,PRD-LA-DEL-XPS9,Laptop,Dell XPS 15 9530,Dell,XPS9530-7456SLV,DEL-LA-2025-CRSUENU,2024-11-09,301200.0,Al-Madina Electronics Authorized Franchise,12,2024-11-10,2025-11-10,2024-11-26,Motherboard charging rail burned out using ungrounded third-party generic AC adapter,Power Surge Burnout (No Voltage Stabilizer),2024-11-28,1 repair (Authorized Service Center),True,True,True,True,DEL-LA-2025-CRSUENU,False,Invalid Claim
CLM-2026-00782,USR-17781,PRD-SM-XIA-2403,Smartphone,Xiaomi Xiaomi 14 Ultra,Xiaomi,24030PN60G,35874278408683,2026-03-04,232300.0,Hafeez Center Certified Dealer Outlets,12,2026-03-05,2027-03-05,2026-07-29,Spontaneous vertical green line on AMOLED panel post official OTA update,Display Panel Defect,2026-08-03,1 repair (Unauthorized Third-Party),True,True,True,True,86410987402123,False,Invalid Claim
CLM-2026-01073,USR-15975,PRD-SM-SAM-SM-S,Smartphone,Samsung Galaxy S24 Ultra,Samsung,SM-S928B,86049242306451,2026-06-07,233600.0,Muller & Phipps Authorized Retail,12,2026-06-08,2027-06-08,2027-02-16,Cellular baseband modem chip malfunction; persistent No Service state,Modem / Cellular Hardware Defect,2027-02-21,0 repairs,True,True,True,True,B6049242306451,False,Manual Review
CLM-2026-01091,USR-48604,PRD-SM-SAM-SM-A,Smartphone,Samsung Galaxy A55 5G,Samsung,SM-A556E,35912491436241,2026-06-03,120700.0,Mega PK Technologies Flagship Hub,12,2026-06-04,2027-06-04,2026-09-11,USB-C fast charging handshake pin solder fatigue; fails to negotiate charge,Charging Port Failure,2026-09-13,0 repairs,True,True,True,True,3S912491436241,False,Manual Review
CLM-2026-00161,USR-44934,PRD-AU-SAM-HW-Q,Audio / Soundbar,Samsung Q-Series Soundbar 3.1.2ch,Samsung,HW-Q600C,SAM-AU-2025-A7WS1ZH,2026-04-14,84900.0,Al-Madina Electronics Authorized Franchise,12,2026-04-14,2027-04-14,2026-06-14,ANC feedback microphone capsule dead; severe acoustic howling artifact,Microphone Hardware Failure,2026-06-16,0 repairs,True,True,True,True,SAM-AU-2025-A7WS1ZH,False,Valid Claim
CLM-2026-00642,USR-36437,PRD-AU-SAM-HW-Q,Audio / Soundbar,Samsung Q-Series Soundbar 3.1.2ch,Samsung,HW-Q600C,SAM-AU-2025-650KUSH,2025-04-08,80400.0,Daraz Mall Authorized Brand Store,12,2025-04-09,2026-04-09,2026-07-01,Bluetooth RF transceiver chip desoldered; device refuses pairing handshakes,Wireless Transceiver Defect,2026-07-07,1 repair (Authorized Service Center),True,True,True,True,SAM-AU-2025-650KUSH,False,Invalid Claim
CLM-2026-00494,USR-96867,PRD-LA-HP-818M,Laptop,HP EliteBook 840 G10,HP,818M8UT,HP-LA-2025-8U14YPC,2026-07-29,211600.0,Brand Flagship Experience Store,24,2026-07-30,2028-07-29,2027-08-24,Persistent dead pixel vertical line across IPS display panel,Display Panel Defect,2027-08-25,0 repairs,True,True,True,True,HP-LA-Z025-8U14YPC,False,Valid Claim
CLM-2026-01449,USR-20802,PRD-LA-DEL-XPS9,Laptop,Dell XPS 15 9530,Dell,XPS9530-7456SLV,DEL-LA-2025-EA5H7TS,2024-11-03,456200.0,Cnergy Tech Retail Center,24,2024-11-04,2026-11-04,2026-01-18,Internal cooling fan bearing seizure and zero RPM tachometer error (Customer notes prior minor servicing at local shop),Cooling System Defect,2026-01-23,"2 repairs (1 Authorized, 1 Unauthorized)",True,True,True,True,DEL-LA-2025-EA5H7TS,False,Manual Review
CLM-2026-00835,USR-62157,PRD-LA-DEL-XPS9,Laptop,Dell XPS 15 9530,Dell,XPS9530-7456SLV,DEL-LA-2025-N2CVCSH,2025-11-22,393300.0,TechnoCity Prime Electronics,24,2025-11-23,2027-11-23,2026-01-17,Keyboard matrix row 3 (keys A-S-D-F) non-responsive under dry conditions,Keyboard Matrix Failure,2026-01-20,1 repair (Unauthorized Third-Party),True,True,True,True,DEL-LA-2025-8JRHS5Z,False,Invalid Claim
CLM-2026-00373,USR-66063,PRD-SM-TCL-55C7,Smart TV,TCL QLED Mini-LED 55-inch,TCL,55C755,TCL-SM-2025-XHM2F2T,2026-03-11,158600.0,Daraz Mall Authorized Brand Store,12,2026-03-11,2027-03-11,2026-05-25,LED backlight string driver open circuit resulting in total black screen with intact audio,Backlight Array Failure,2026-05-28,2 repairs (Authorized Service Center),True,True,True,True,TCL-SM-2025-XHM2F2T,False,Valid Claim
CLM-2026-00864,USR-95872,PRD-LA-HP-14-e,Laptop,HP Spectre x360 14,HP,14-ef2013dx,HP-LA-2025-Z494UKP,2025-03-16,330700.0,Airlink Communications Official Flagship,24,2025-03-17,2027-03-17,2025-04-22,Persistent dead pixel vertical line across IPS display panel,Display Panel Defect,2025-04-28,1 repair (Unauthorized Third-Party),False,False,True,True,,False,Invalid Claim
CLM-2026-00366,USR-46831,PRD-WA-DAW-DW-F,Washing Machine,Dawlance Inverter Front-Load ProWash,Dawlance,DW-FL-9000,DAW-WA-2025-5GBF2PE,2026-03-31,118600.0,Cnergy Tech Retail Center,24,2026-03-31,2028-03-30,2027-02-24,Main electronic drive controller PCB failed with IGBT gate driver error E2,Main Control Board Defect,2027-02-25,1 repair (Authorized Service Center),True,True,True,True,DAW-WA-2025-5GBF2PE,False,Valid Claim
CLM-2026-00202,USR-69322,PRD-SM-SAM-SM-A,Smartphone,Samsung Galaxy A55 5G,Samsung,SM-A556E,86410943629722,2026-07-11,116300.0,Muller & Phipps Authorized Retail,12,2026-07-12,2027-07-12,2026-11-03,Logic board PMIC power distribution failure; unit will not boot,Logic Board Failure,2026-11-08,0 repairs,True,True,True,True,86410943629722,False,Valid Claim
CLM-2026-01468,USR-30002,PRD-WA-DAW-DW-9,Washing Machine,Dawlance Top-Load Energy Saver 11kg,Dawlance,DW-9060-ES,DAW-WA-2025-ZGZ9EJY,2026-02-17,80900.0,Al-Madina Electronics Authorized Franchise,12,2026-02-18,2027-02-18,2026-10-02,Water inlet dual solenoid valve coil burnout; machine fails to fill water,Water Valve Failure,2026-10-07,0 repairs,True,True,True,True,DAW-WA-Z025-ZGZ9EJY,False,Manual Review
CLM-2026-01044,USR-14606,PRD-LA-DEL-L544,Laptop,Dell Latitude 5440,Dell,L5440-CTO1,DEL-LA-2025-1AH3C10,2026-01-04,170000.0,Airlink Communications Official Flagship,12,2026-01-05,2027-01-05,2026-04-16,Internal cooling fan bearing seizure and zero RPM tachometer error,Cooling System Defect,2026-04-27,0 repairs,True,True,True,True,DEL-LA-2025-1AH3C10,False,Manual Review
CLM-2026-00949,USR-59842,PRD-AU-APP-MTJV,Audio / Soundbar,Apple AirPods Pro 2nd Gen,Apple,MTJV3,APP-AU-2025-YKN3LDM,2025-04-25,71000.0,Daraz Mall Authorized Brand Store,12,2025-04-26,2026-04-26,2025-05-26,ANC feedback microphone capsule dead; severe acoustic howling artifact,Microphone Hardware Failure,2025-09-21,1 repair (Unauthorized Third-Party),True,True,True,True,APP-AU-2025-YKN3LDM,False,Invalid Claim
CLM-2026-00928,USR-14193,PRD-SM-TCL-55C7,Smart TV,TCL QLED Mini-LED 55-inch,TCL,55C755,TCL-SM-2025-BVXWBTN,2025-06-17,115900.0,TechnoCity Prime Electronics,12,2025-06-18,2026-06-18,2025-12-13,Unit power failure; replacement unit already issued under previous claim,Hardware Failure,2025-12-16,1 repair (Authorized Service Center),True,True,True,True,TCL-SM-2025-BVXWBTN,True,Invalid Claim
CLM-2026-00550,USR-91981,PRD-WA-LG-F4V5,Washing Machine,LG AI DD Front-Load Washer 9kg,LG,F4V5VYP0W,LG-WA-2025-RXMGUJF,2025-03-09,155700.0,Hafeez Center Certified Dealer Outlets,36,2025-03-10,2028-03-09,2025-04-16,Internal drainage pump motor winding electrical open circuit with OE code,Drain Pump Defect,2025-04-20,1 repair (Unauthorized Third-Party),False,True,True,True,,False,Invalid Claim
CLM-2026-01407,USR-66156,PRD-SM-TCL-55C7,Smart TV,TCL QLED Mini-LED 55-inch,TCL,55C755,TCL-SM-2025-A3W5RCT,2025-01-11,180800.0,TechnoCity Prime Electronics,24,2025-01-12,2027-01-12,2027-01-09,Motherboard HDMI receiver chip failure; all ports report No Signal,Mainboard HDMI Interface Failure,2027-01-14,0 repairs,True,True,True,True,TCL-SM-2025-A3W5RCT,False,Manual Review
CLM-2026-00212,USR-51652,PRD-AU-SON-WH-1,Audio / Soundbar,Sony Wireless Noise Canceling Headphones,Sony,WH-1000XM5,SON-AU-2025-923PGA4,2026-04-13,104000.0,TechnoCity Prime Electronics,12,2026-04-13,2027-04-13,2026-09-15,Bluetooth RF transceiver chip desoldered; device refuses pairing handshakes,Wireless Transceiver Defect,2026-09-20,0 repairs,True,True,True,True,SON-AU-2025-923PGA4,False,Valid Claim
CLM-2026-00342,USR-83024,PRD-LA-APP-A299,Laptop,Apple MacBook Pro 14 M3,Apple,A2992, APP-LA-2025-ZDGDSAF ,2025-11-18,342600.0,Airlink Communications Official Flagship,24,2025-11-18,2027-11-18,2027-04-19,Persistent dead pixel vertical line across IPS display panel,Display Panel Defect,2027-04-22,0 repairs,True,True,True,True,APP-LA-2025-ZDGDSAF,False,Valid Claim
CLM-2026-00439,USR-45633,PRD-LA-DEL-XPS9,Laptop,Dell XPS 15 9530,Dell,XPS9530-7456SLV,DEL-LA-2025-72PAP85,2026-04-06,311300.0,TechnoCity Prime Electronics,12,2026-04-07,2027-04-07,2026-09-10,Internal cooling fan bearing seizure and zero RPM tachometer error,Cooling System Defect,2026-09-15,0 repairs,True,True,False,True,DEL-LA-2025-72PAP85,False,Valid Claim
CLM-2026-00590,USR-29706,PRD-AU-APP-MTJV,Audio / Soundbar,Apple AirPods Pro 2nd Gen,Apple,MTJV3,APP-AU-2025-F6ARZX5,2024-11-09,70600.0,TechnoCity Prime Electronics,12,2024-11-10,2025-11-10,2025-01-09,Device fell into water container; now will not boot or respond to charger,Hardware Glitch / Unspecified Defect,2025-04-17,0 repairs,True,True,True,True,APP-AU-2025-F6ARZX5,False,Invalid Claim
CLM-2026-00139,USR-95969,PRD-SM-XIA-2309,Smartphone,Xiaomi Redmi Note 13 Pro+,Xiaomi,23090RA98G,86410949276764,2026-03-28,89000.0,Mega PK Technologies Flagship Hub,12,2026-03-28,2027-03-28,2026-06-15,Logic board PMIC power distribution failure; unit will not boot,Logic Board Failure,2026-06-19,0 repairs,True,True,True,True,86410949276764,False,Valid Claim
CLM-2026-00375,USR-12348,PRD-WA-SAM-WA13,Washing Machine,Samsung Wobble Technology Top-Load 13kg,Samsung,WA13CG5441BY,SAM-WA-2025-L8YV66R,2025-10-06,117400.0,Airlink Communications Official Flagship,24,2025-10-07,2027-10-07,2027-09-06,Internal drainage pump motor winding electrical open circuit with OE code,Drain Pump Defect,2027-09-07,2 repairs (Authorized Service Center),True,True,True,True,SAM-WA-2025-L8YV66R,False,Valid Claim
CLM-2026-01485,USR-66416,PRD-LA-DEL-L544,Laptop,Dell Latitude 5440,Dell,L5440-CTO1,DEL-LA-2025-JM82X7K,2025-03-21,225900.0,Airlink Communications Official Flagship,24,2025-03-22,2027-03-22,2026-05-10,Keyboard matrix row 3 (keys A-S-D-F) non-responsive under dry conditions,Keyboard Matrix Failure,2026-05-15,0 repairs,True,False,True,True,DEL-LA-2025-JM82X7K,False,Manual Review
CLM-2026-01384,USR-53158,PRD-SM-APP-A309,Smartphone,Apple iPhone 15,Apple,A3090,35912420689309,2026-07-20,294800.0,Muller & Phipps Authorized Retail,12,2026-07-21,2027-07-21,2027-04-22,Spontaneous vertical green line on AMOLED panel post official OTA update,Display Panel Defect,2027-05-04,0 repairs,True,True,True,True,35912420689309,False,Manual Review
CLM-2026-00931,USR-72586,PRD-AU-SON-WH-1,Audio / Soundbar,Sony Wireless Noise Canceling Headphones,Sony,WH-1000XM5,SON-AU-2025-XNB1C1D,2024-08-03,90600.0,Daraz Mall Authorized Brand Store,12,2024-08-04,2025-08-04,2024-12-01,Active subwoofer Class-D amplifier module silent; power LED steady green,Amplifier Circuit Failure,2024-12-07,1 repair (Unauthorized Third-Party),True,True,True,True,SON-AU-2025-00JYWJ2,False,Invalid Claim
CLM-2026-00513,USR-77800,PRD-AU-APP-MTJV,Audio / Soundbar,Apple AirPods Pro 2nd Gen,Apple,MTJV3,APP-AU-2025-7Z6MUTK,2025-02-03,65100.0,Mega PK Technologies Flagship Hub,12,2025-02-04,2026-02-04,2025-04-04,Headband hinge snapped in half from severe outward hyperextension,Physical Impact / Accidental Drop,2025-04-08,1 repair (Unauthorized Third-Party),True,True,True,True,APP-AU-2025-7Z6MUTK,False,Invalid Claim
CLM-2026-01401,USR-69618,PRD-SM-APP-A310,Smartphone,Apple iPhone 15 Pro Max,Apple,A3106,35912426775780,2026-06-01,377600.0,Metro Cash & Carry Official Counter,12,2026-06-02,2027-06-02,2026-12-04,Logic board PMIC power distribution failure; unit will not boot,Logic Board Failure,2026-12-08,0 repairs,True,False,True,False,35912426775780,False,Manual Review
CLM-2026-00084,USR-99051,PRD-WA-SAM-WA13,Washing Machine,Samsung Wobble Technology Top-Load 13kg,Samsung,WA13CG5441BY,SAM-WA-2025-ENB1VBZ,2026-03-24,101200.0,Mega PK Technologies Flagship Hub,36,2026-03-24,2029-03-23,2026-09-03,Water inlet dual solenoid valve coil burnout; machine fails to fill water,Water Valve Failure,2026-09-07,2 repairs (Authorized Service Center),True,True,True,True,SAM-WA-2025-ENB1VBZ,False,Valid Claim
CLM-2026-00181,USR-14629,PRD-WA-DAW-DW-F,Washing Machine,Dawlance Inverter Front-Load ProWash,Dawlance,DW-FL-9000,DAW-WA-2025-WTTKMNP,2025-11-30,114600.0,Brand Flagship Experience Store,12,2025-12-01,2026-12-01,2026-04-22,Internal drainage pump motor winding electrical open circuit with OE code,Drain Pump Defect,2026-04-26,1 repair (Authorized Service Center),True,True,True,True,DAW-WA-2025-WTTKMNP,False,Valid Claim
CLM-2026-01029,USR-68365,PRD-AU-SAM-HW-Q,Audio / Soundbar,Samsung Q-Series Soundbar 3.1.2ch,Samsung,HW-Q600C,SAM-AU-2025-SKLZU2Y,2025-10-05,116700.0,TechnoCity Prime Electronics,12,2025-10-06,2026-10-06,2025-11-01,Bluetooth RF transceiver chip desoldered; device refuses pairing handshakes (Customer notes prior minor servicing at local shop),Wireless Transceiver Defect,2025-11-04,1 repair (Unauthorized Third-Party),True,True,True,True,SAM-AU-2025-SKLZU2Y,False,Manual Review
CLM-2026-01034,USR-61496,PRD-SM-SON-KD-6,Smart TV,Sony Bravia LED 4K 65-inch,Sony,KD-65X77L,SON-SM-2025-E8MVU7G,2025-07-27,249600.0,Brand Flagship Experience Store,24,2025-07-28,2027-07-28,2027-07-31,Internal switch-mode power supply (SMPS) secondary rail diode breakdown,Internal Power Supply Failure,2027-08-02,0 repairs,True,True,True,True,,False,Manual Review
CLM-2026-01303,USR-76411,PRD-SM-SON-KD-6,Smart TV,Sony Bravia LED 4K 65-inch,Sony,KD-65X77L,SON-SM-2025-Y7A2CEJ,2025-05-25,251100.0,Metro Cash & Carry Official Counter,24,2025-05-26,2027-05-26,2026-11-18,Internal switch-mode power supply (SMPS) secondary rail diode breakdown,Internal Power Supply Failure,2026-12-01,0 repairs,True,True,True,True,SON-SM-2025-Y7A2CEJ,False,Manual Review
CLM-2026-00622,USR-70583,PRD-LA-DEL-L544,Laptop,Dell Latitude 5440,Dell,L5440-CTO1,DEL-LA-2025-5XXA9W6,2024-11-24,196900.0,Muller & Phipps Authorized Retail,12,2024-11-25,2025-11-25,2025-03-09,Device fell into water container; now will not boot or respond to charger,Hardware Glitch / Unspecified Defect,2025-03-11,0 repairs,True,True,True,True,DEL-LA-2025-NE75FMT,False,Invalid Claim
CLM-2026-00003,USR-47930,PRD-SM-XIA-2309,Smartphone,Xiaomi Redmi Note 13 Pro+,Xiaomi,23090RA98G,86049284093634,2026-02-07,89100.0,Muller & Phipps Authorized Retail,12,2026-02-07,2027-02-07,2026-03-24,Earpiece acoustic transducer failure causing distorted voice audio,Acoustic Transducer Defect,2026-03-25,0 repairs,True,True,True,True,86049284093634,False,Valid Claim
CLM-2026-01142,USR-94466,PRD-SM-SAM-SM-S,Smartphone,Samsung Galaxy S24 Ultra,Samsung,SM-S928B,86410930442138,2026-05-21,273000.0,Cnergy Tech Retail Center,12,2026-05-22,2027-05-22,2027-04-04,Logic board PMIC power distribution failure; unit will not boot,Logic Board Failure,2027-04-09,0 repairs,True,True,True,True,B6410930442138,False,Manual Review
CLM-2026-00479,USR-60338,PRD-WA-SAM-WA13,Washing Machine,Samsung Wobble Technology Top-Load 13kg,Samsung,WA13CG5441BY,SAM-WA-2025-0JVARBS,2025-11-14,83800.0,Muller & Phipps Authorized Retail,36,2025-11-15,2028-11-14,2027-03-27,Main electronic drive controller PCB failed with IGBT gate driver error E2,Main Control Board Defect,2027-03-30,2 repairs (Authorized Service Center),True,True,True,True,SAM-WA-2025-0JVARBS,False,Valid Claim
CLM-2026-00358,USR-99816,PRD-LA-HP-14-e,Laptop,HP Spectre x360 14,HP,14-ef2013dx,HP-LA-2025-U0YKUMY,2026-04-11,300800.0,Muller & Phipps Authorized Retail,24,2026-04-12,2028-04-11,2027-11-08,Factory NVMe SSD controller locked in permanent read-only state,Internal Storage Degradation,2027-11-12,0 repairs,True,True,True,True,HP-LA-2025-U0YKUMY,False,Valid Claim
CLM-2026-01211,USR-79919,PRD-AU-SAM-HW-Q,Audio / Soundbar,Samsung Q-Series Soundbar 3.1.2ch,Samsung,HW-Q600C,SAM-AU-2025-BRZUS89,2025-10-19,123500.0,Al-Madina Electronics Authorized Franchise,12,2025-10-20,2026-10-20,2026-07-08,Active subwoofer Class-D amplifier module silent; power LED steady green (Customer notes prior minor servicing at local shop),Amplifier Circuit Failure,2026-07-11,1 repair (Unauthorized Third-Party),True,True,True,True,SAM-AU-2025-BRZUS89,False,Manual Review
CLM-2026-01202,USR-96755,PRD-SM-SAM-UA65,Smart TV,Samsung Crystal UHD 4K 65-inch,Samsung,UA65CU7000,SAM-SM-2025-KP4E3CJ,2026-07-08,203600.0,Daraz Mall Authorized Brand Store,12,2026-07-09,2027-07-09,2027-07-14,LED backlight string driver open circuit resulting in total black screen with intact audio,Backlight Array Failure,2027-07-17,0 repairs,True,True,True,True,SAM-SM-2025-KP4E3CJ,False,Manual Review
CLM-2026-00282,USR-50679,PRD-WA-LG-T211,Washing Machine,LG Smart Inverter Top-Load 11kg,LG,T2111VSSV,LG-WA-2025-5C163GT,2025-11-28,82400.0,Cnergy Tech Retail Center,24,2025-11-28,2027-11-28,2026-06-20,Internal drainage pump motor winding electrical open circuit with OE code,Drain Pump Defect,2026-06-23,2 repairs (Authorized Service Center),True,True,True,True,LG-WA-2025-5C163GT,False,Valid Claim
CLM-2026-01397,USR-69779,PRD-SM-SAM-QA55,Smart TV,Samsung QLED 4K Smart TV 55-inch,Samsung,QA55Q60CA,SAM-SM-2025-DM8R0JS,2025-03-22,263700.0,TechnoCity Prime Electronics,24,2025-03-23,2027-03-23,2025-06-30,Internal switch-mode power supply (SMPS) secondary rail diode breakdown,Internal Power Supply Failure,2025-07-02,0 repairs,True,False,True,True,SAM-SM-2025-DM8R0JS,False,Manual Review
CLM-2026-00287,USR-71675,PRD-WA-SAM-WW90,Washing Machine,Samsung EcoBubble Front-Load Inverter 9kg,Samsung,WW90T554DAW,SAM-WA-2025-T2XSJ3T,2025-12-15,170600.0,Metro Cash & Carry Official Counter,36,2025-12-15,2028-12-14,2028-07-15,Drum balance suspension damper mechanical collapse under rated wash load,Mechanical Suspension Defect,2028-07-18,1 repair (Authorized Service Center),True,True,True,True,SAM-WA-2025-T2XSJ3T,False,Valid Claim
CLM-2026-01332,USR-51382,PRD-SM-TCL-55C7,Smart TV,TCL QLED Mini-LED 55-inch,TCL,55C755,TCL-SM-2025-BELTPMU,2025-10-09,173600.0,Mega PK Technologies Flagship Hub,24,2025-10-10,2027-10-10,2027-07-26,Motherboard HDMI receiver chip failure; all ports report No Signal,Mainboard HDMI Interface Failure,2027-07-28,0 repairs,True,True,True,True,TCL-5M-2025-BELTPMU,False,Manual Review
CLM-2026-00927,USR-17801,PRD-SM-TCL-50P6,Smart TV,TCL 4K HDR Smart TV 50-inch,TCL,50P635,TCL-SM-2025-TXP2502,2025-09-04,101800.0,Airlink Communications Official Flagship,24,2025-09-05,2027-09-05,2025-12-09,Severe lightning strike destroyed primary power circuitry during thunderstorm,Power Surge Burnout (No Voltage Stabilizer),2025-12-14,1 repair (Authorized Service Center),True,True,True,True,TCL-SM-2025-TXP2502,False,Invalid Claim
CLM-2026-00112,USR-82970,PRD-LA-DEL-XPS9,Laptop,Dell XPS 15 9530,Dell,XPS9530-7456SLV,DEL-LA-2025-7XKKSU7,2026-05-30,305200.0,Brand Flagship Experience Store,24,2026-05-30,2028-05-29,2027-08-06,Factory NVMe SSD controller locked in permanent read-only state,Internal Storage Degradation,2027-08-09,0 repairs,True,True,True,True,DEL-LA-2025-7XKKSU7,False,Valid Claim
CLM-2026-00943,USR-16164,PRD-WA-DAW-DW-F,Washing Machine,Dawlance Inverter Front-Load ProWash,Dawlance,DW-FL-9000,DAW-WA-2025-PGV4V8P,2025-10-27,135700.0,Hafeez Center Certified Dealer Outlets,12,2025-10-28,2026-10-28,2026-12-15,Water inlet dual solenoid valve coil burnout; machine fails to fill water,Water Valve Failure,2026-12-19,1 repair (Unauthorized Third-Party),True,True,True,True,DAW-WA-2025-PGV4V8P,False,Invalid Claim
CLM-2026-00170,USR-60793,PRD-SM-SON-KD-6,Smart TV,Sony Bravia LED 4K 65-inch,Sony,KD-65X77L,SON-SM-2025-60592UA,2026-01-20,270600.0,Mega PK Technologies Flagship Hub,24,2026-01-21,2028-01-21,2027-06-15,Internal T-CON timing controller logic failure causing display split-screen inversion,Timing Controller (T-CON) Defect,2027-06-18,2 repairs (Authorized Service Center),True,True,True,True,SON-SM-2025-60592UA,False,Valid Claim
CLM-2026-01025,USR-79637,PRD-SM-SON-KD-6,Smart TV,Sony Bravia LED 4K 65-inch,Sony,KD-65X77L,SON-SM-2025-8W1KK01,2025-01-28,277800.0,Metro Cash & Carry Official Counter,24,2025-01-29,2027-01-29,2026-06-19,Internal switch-mode power supply (SMPS) secondary rail diode breakdown,Internal Power Supply Failure,2026-06-22,0 repairs,True,False,True,True,SON-SM-2025-8W1KK01,False,Manual Review
CLM-2026-00946,USR-17922,PRD-SM-SON-XR-5,Smart TV,Sony Bravia 4K OLED 55-inch,Sony,XR-55A80L,SON-SM-2025-XD01DWY,2025-01-31,393500.0,Daraz Mall Authorized Brand Store,12,2025-02-01,2026-02-01,2025-06-01,Internal switch-mode power supply (SMPS) secondary rail diode breakdown,Internal Power Supply Failure,2025-06-04,1 repair (Authorized Service Center),True,True,True,True,SON-SM-2025-YV17D5J,False,Invalid Claim
CLM-2026-00258,USR-11498,PRD-SM-XIA-2309,Smartphone,Xiaomi Redmi Note 13 Pro+,Xiaomi,23090RA98G,86049217505815,2026-02-14,66700.0,Hafeez Center Certified Dealer Outlets,12,2026-02-15,2027-02-15,2026-09-26,Spontaneous vertical green line on AMOLED panel post official OTA update,Display Panel Defect,2026-09-25,2 repairs (Authorized Service Center),True,True,True,True,86049217505815,False,Valid Claim
CLM-2026-01004,USR-55787,PRD-SM-SON-KD-6,Smart TV,Sony Bravia LED 4K 65-inch,Sony,KD-65X77L,SON-SM-2025-EAS025G,2026-04-16,230000.0,Mega PK Technologies Flagship Hub,12,2026-04-17,2027-04-17,2027-04-12,LED backlight string driver open circuit resulting in total black screen with intact audio,Backlight Array Failure,2027-04-19,0 repairs,True,True,True,True,SON-SM-2025-EAS025G,False,Manual Review
CLM-2026-00852,USR-21827,PRD-AU-SAM-HW-Q,Audio / Soundbar,Samsung Q-Series Soundbar 3.1.2ch,Samsung,HW-Q600C,SAM-AU-2025-SDPM55B,2025-04-15,71300.0,Al-Madina Electronics Authorized Franchise,12,2025-04-16,2026-04-16,2025-07-28,ANC feedback microphone capsule dead; severe acoustic howling artifact,Microphone Hardware Failure,2025-07-30,1 repair (Authorized Service Center),True,True,True,True,SAM-AU-2025-RBLFCVY,False,Invalid Claim
CLM-2026-01461,USR-10232,PRD-WA-LG-F4V5,Washing Machine,LG AI DD Front-Load Washer 9kg,LG,F4V5VYP0W,LG-WA-2025-1KBDJSC,2025-02-06,214400.0,Al-Madina Electronics Authorized Franchise,36,2025-02-07,2028-02-07,2028-02-03,Inverter Direct Drive motor stator hall-effect sensor electrical open circuit,Inverter Motor Failure,2028-02-09,0 repairs,True,True,True,True,LG-WA-2025-1KBDJSC,False,Manual Review
CLM-2026-00962,USR-21749,PRD-LA-DEL-L544,Laptop,Dell Latitude 5440,Dell,L5440-CTO1,DEL-LA-2025-G53MYZ7,2024-08-13,163900.0,TechnoCity Prime Electronics,12,2024-08-14,2025-08-14,2024-10-19,Unit power failure; replacement unit already issued under previous claim,Hardware Failure,2024-10-25,1 repair (Unauthorized Third-Party),True,True,True,True,DEL-LA-2025-G53MYZ7,True,Invalid Claim
CLM-2026-00113,USR-70689,PRD-LA-APP-A268,Laptop,Apple MacBook Air 13 M2,Apple,A2681,APP-LA-2025-YNSAD4C,2025-11-09,194200.0,Airlink Communications Official Flagship,24,2025-11-10,2027-11-10,2026-07-24,Factory NVMe SSD controller locked in permanent read-only state,Internal Storage Degradation,2026-07-26,0 repairs,True,True,True,True,APP-LA-2025-YNSAD4C,False,Valid Claim
CLM-2026-00499,USR-75564,PRD-WA-DAW-DW-F,Washing Machine,Dawlance Inverter Front-Load ProWash,Dawlance,DW-FL-9000,DAW-WA-2025-72J1ZF1,2026-06-25,122200.0,Metro Cash & Carry Official Counter,12,2026-06-26,2027-06-26,2026-07-10,Water inlet dual solenoid valve coil burnout; machine fails to fill water,Water Valve Failure,2026-07-13,1 repair (Authorized Service Center),True,True,True,True,DAW-WA-2025-72J1ZF1,False,Valid Claim
CLM-2026-00508,USR-38655,PRD-SM-SON-KD-6,Smart TV,Sony Bravia LED 4K 65-inch,Sony,KD-65X77L,SON-SM-2025-TN8PZYV,2024-12-04,275100.0,Metro Cash & Carry Official Counter,12,2024-12-05,2025-12-05,2025-03-09,Internal T-CON timing controller logic failure causing display split-screen inversion,Timing Controller (T-CON) Defect,2025-05-05,1 repair (Unauthorized Third-Party),True,True,True,True,SON-SM-2025-TN8PZYV,False,Invalid Claim
CLM-2026-00539,USR-22588,PRD-LA-APP-A268,Laptop,Apple MacBook Air 13 M2,Apple,A2681,APP-LA-2025-N64J92J,2024-11-22,262400.0,Mega PK Technologies Flagship Hub,12,2024-11-23,2025-11-23,2025-01-05,Internal cooling fan bearing seizure and zero RPM tachometer error,Cooling System Defect,2025-04-08,1 repair (Unauthorized Third-Party),True,True,True,True,APP-LA-2025-N64J92J,False,Invalid Claim
CLM-2026-00871,USR-35762,PRD-LA-LEN-82XD,Laptop,Lenovo IdeaPad Slim 5,Lenovo,82XD0006US,LEN-LA-2025-1PAYT9Z,2024-10-22,144000.0,,12,2024-10-23,2025-10-23,2025-02-22,Motherboard MOSFET short circuit causing instantaneous thermal protection shutdown,Motherboard Circuit Failure,2025-02-24,1 repair (Authorized Service Center),False,True,True,True,,False,Invalid Claim
CLM-2026-00130,USR-99070,PRD-WA-DAW-DW-F,Washing Machine,Dawlance Inverter Front-Load ProWash,Dawlance,DW-FL-9000,DAW-WA-2025-NDRYE08,2025-11-23,117500.0,Brand Flagship Experience Store,36,2025-11-23,2028-11-22,2028-06-02,Internal drainage pump motor winding electrical open circuit with OE code,Drain Pump Defect,2028-06-05,1 repair (Authorized Service Center),True,True,True,True,DAW-WA-2025-NDRYE08,False,Valid Claim
CLM-2026-00548,USR-52094,PRD-LA-DEL-XPS9,Laptop,Dell XPS 15 9530,Dell,XPS9530-7456SLV,DEL-LA-2025-RCZX281,2025-12-25,442000.0,Muller & Phipps Authorized Retail,12,2025-12-26,2026-12-26,2026-03-03,Dedicated GPU VRAM solder fatigue resulting in visual polygon artifacting,GPU Hardware Malfunction,2026-04-20,1 repair (Authorized Service Center),True,True,True,True,DEL-LA-2025-RCZX281,False,Invalid Claim
CLM-2026-00776,USR-21170,PRD-SM-TCL-50P6,Smart TV,TCL 4K HDR Smart TV 50-inch,TCL,50P635,TCL-SM-2025-61E0BZX,2025-03-28,80500.0,Mega PK Technologies Flagship Hub,24,2025-03-29,2027-03-29,2025-04-18,Motherboard HDMI receiver chip failure; all ports report No Signal,Mainboard HDMI Interface Failure,2025-07-12,1 repair (Authorized Service Center),True,True,True,True,TCL-SM-2025-61E0BZX,False,Invalid Claim
CLM-2026-01333,USR-92816,PRD-LA-LEN-82XD,Laptop,Lenovo IdeaPad Slim 5,Lenovo,82XD0006US,LEN-LA-2025-JDBDH3L,2026-07-18,119300.0,Cnergy Tech Retail Center,24,2026-07-19,2028-07-18,2026-10-20,Internal cooling fan bearing seizure and zero RPM tachometer error,Cooling System Defect,2026-10-25,0 repairs,True,True,False,True,LEN-LA-2025-JDBDH3L,False,Manual Review
CLM-2026-00185,USR-72573,PRD-SM-SAM-SM-A,Smartphone,Samsung Galaxy A55 5G,Samsung,SM-A556E,35874275709921,2026-06-06,90000.0,Hafeez Center Certified Dealer Outlets,12,2026-06-07,2027-06-07,2027-05-07,USB-C fast charging handshake pin solder fatigue; fails to negotiate charge,Charging Port Failure,2027-05-11,1 repair (Authorized Service Center),True,True,True,True,3S874275709921,False,Valid Claim
CLM-2026-00401,USR-93252,PRD-SM-SAM-QA55,Smart TV,Samsung QLED 4K Smart TV 55-inch,Samsung,QA55Q60CA,SAM-SM-2025-1RJ9D44,2025-10-31,224400.0,Daraz Mall Authorized Brand Store,24,2025-11-01,2027-11-01,2027-01-27,Internal switch-mode power supply (SMPS) secondary rail diode breakdown,Internal Power Supply Failure,2027-01-29,0 repairs,True,True,True,True,SAM-SM-2025-1RJ9D44,False,Valid Claim
CLM-2026-01300,USR-33744,PRD-LA-DEL-XPS9,Laptop,Dell XPS 15 9530,Dell,XPS9530-7456SLV,DEL-LA-2025-B0MCLG5,2026-01-03,302200.0,Mega PK Technologies Flagship Hub,12,2026-01-04,2027-01-04,2026-12-14,Persistent dead pixel vertical line across IPS display panel,Display Panel Defect,2026-12-18,0 repairs,True,True,False,True,DEL-LA-2025-B0MCLG5,False,Manual Review
CLM-2026-00784,USR-24519,PRD-AU-SON-HT-S,Audio / Soundbar,Sony Dolby Atmos Soundbar 5.1,Sony,HT-S40R,SON-AU-2025-7812DY9,2024-07-29,71600.0,Airlink Communications Official Flagship,12,2024-07-30,2025-07-30,2026-02-06,ANC feedback microphone capsule dead; severe acoustic howling artifact,Microphone Hardware Failure,2026-02-08,0 repairs,True,True,True,True,SON-AU-2025-7812DY9,False,Invalid Claim
CLM-2026-01444,USR-35070,PRD-LA-HP-15-e,Laptop,HP Pavilion 15,HP,15-eg3023nr,HP-LA-2025-N5MYYXR,2025-12-17,100200.0,Daraz Mall Authorized Brand Store,12,2025-12-18,2026-12-18,2026-12-15,Persistent dead pixel vertical line across IPS display panel,Display Panel Defect,2026-12-21,0 repairs,True,True,True,True,HP-LA-2025-N5MYYXR,False,Manual Review
CLM-2026-00571,USR-20982,PRD-WA-HAI-HWM8,Washing Machine,Haier Twin Tub Semi-Automatic Washer,Haier,HWM80-50,HAI-WA-2025-XYXLRES,2025-10-23,32900.0,Mega PK Technologies Flagship Hub,36,2025-10-24,2028-10-23,2025-12-06,Electronic door safety microswitch interlock latch contact failure,Safety Interlock Defect,2026-04-05,1 repair (Unauthorized Third-Party),True,True,True,True,HAI-WA-2025-XYXLRES,False,Invalid Claim
CLM-2026-00730,USR-42642,PRD-AU-SAM-HW-Q,Audio / Soundbar,Samsung Q-Series Soundbar 3.1.2ch,Samsung,HW-Q600C,SAM-AU-2025-PGW959A,2025-10-02,83900.0,Airlink Communications Official Flagship,12,2025-10-03,2026-10-03,2026-12-17,Active subwoofer Class-D amplifier module silent; power LED steady green,Amplifier Circuit Failure,2026-12-21,0 repairs,True,True,True,True,SAM-AU-2025-PGW959A,False,Invalid Claim
CLM-2026-01225,USR-27144,PRD-LA-LEN-82XD,Laptop,Lenovo IdeaPad Slim 5,Lenovo,82XD0006US,LEN-LA-2025-NG3WH6F,2026-03-24,117200.0,Hafeez Center Certified Dealer Outlets,12,2026-03-25,2027-03-25,2026-12-19,Motherboard MOSFET short circuit causing instantaneous thermal protection shutdown,Motherboard Circuit Failure,2026-12-22,0 repairs,True,False,True,False,len-la-2025-ng3wh6f,False,Manual Review
CLM-2026-01257,USR-67814,PRD-LA-DEL-XPS9,Laptop,Dell XPS 15 9530,Dell,XPS9530-7456SLV,DEL-LA-2025-PZ47YMF,2026-05-11,331400.0,Daraz Mall Authorized Brand Store,24,2026-05-12,2028-05-11,2027-05-01,Factory NVMe SSD controller locked in permanent read-only state,Internal Storage Degradation,2027-05-14,0 repairs,True,True,True,True,DEL-LA-2025-PZ47YMF,False,Manual Review
CLM-2026-00543,USR-81659,PRD-SM-XIA-2403,Smartphone,Xiaomi Xiaomi 14 Ultra,Xiaomi,24030PN60G,35912413309328,2025-02-02,212200.0,Daraz Mall Authorized Brand Store,12,2025-02-03,2026-02-03,2025-06-26,Spontaneous vertical green line on AMOLED panel post official OTA update,Display Panel Defect,2025-06-28,0 repairs,True,True,True,True,86049250255086,False,Invalid Claim
CLM-2026-00769,USR-85964,PRD-LA-APP-A299,Laptop,Apple MacBook Pro 14 M3,Apple,A2992,APP-LA-2025-HR1ADLT,2025-01-06,391900.0,Daraz Mall Authorized Brand Store,24,2025-01-07,2027-01-07,2025-02-05,Persistent dead pixel vertical line across IPS display panel,Display Panel Defect,2025-02-07,1 repair (Authorized Service Center),True,True,True,True,APP-LA-2025-XL7AKE9,False,Invalid Claim
CLM-2026-00183,USR-19334,PRD-LA-HP-15-e,Laptop,HP Pavilion 15,HP,15-eg3023nr,HP-LA-2025-7VDWCKF,2026-06-12,100800.0,TechnoCity Prime Electronics,24,2026-06-13,2028-06-12,2026-08-16,Keyboard matrix row 3 (keys A-S-D-F) non-responsive under dry conditions,Keyboard Matrix Failure,2026-08-21,2 repairs (Authorized Service Center),True,True,True,True,HP-LA-2025-7VDWCKF,False,Valid Claim
CLM-2026-00602,USR-96285,PRD-SM-SAM-SM-F,Smartphone,Samsung Galaxy Z Fold 5,Samsung,SM-F946B,35912428765687,2025-04-13,431900.0,Brand Flagship Experience Store,12,2025-04-14,2026-04-14,2025-09-25,Unit power failure; replacement unit already issued under previous claim,Hardware Failure,2025-09-29,1 repair (Authorized Service Center),True,True,True,True,35912428765687,True,Invalid Claim
CLM-2026-00951,USR-41447,PRD-SM-APP-A288,Smartphone,Apple iPhone 14,Apple,A2882,35912485660614,2025-04-05,196000.0,Hafeez Center Certified Dealer Outlets,12,2025-04-06,2026-04-06,2025-07-20,Camera module Optical Image Stabilization (OIS) actuator rattle and blur,Camera Module Hardware Defect,2025-07-22,1 repair (Authorized Service Center),True,True,True,True,35912488762524,False,Invalid Claim
CLM-2026-01273,USR-55687,PRD-SM-SAM-SM-F,Smartphone,Samsung Galaxy Z Fold 5,Samsung,SM-F946B,86410944263221,2026-03-05,444700.0,Hafeez Center Certified Dealer Outlets,12,2026-03-06,2027-03-06,2026-08-07,Logic board PMIC power distribution failure; unit will not boot,Logic Board Failure,2026-08-10,0 repairs,True,False,True,True,86410944263221,False,Manual Review
CLM-2026-00203,USR-39563,PRD-AU-SON-WH-1,Audio / Soundbar,Sony Wireless Noise Canceling Headphones,Sony,WH-1000XM5,SON-AU-2025-N1CDTNY,2026-07-15,85700.0,Cnergy Tech Retail Center,12,2026-07-15,2027-07-15,2026-11-30,ANC feedback microphone capsule dead; severe acoustic howling artifact,Microphone Hardware Failure,2026-12-02,1 repair (Authorized Service Center),True,True,True,True,SON-AU-2025-N1CDTNY,False,Valid Claim
CLM-2026-00420,USR-19351,PRD-SM-SAM-SM-A,Smartphone,Samsung Galaxy A55 5G,Samsung,SM-A556E,86410921062024,2025-11-28,87900.0,Cnergy Tech Retail Center,12,2025-11-28,2026-11-28,2026-04-28,Logic board PMIC power distribution failure; unit will not boot,Logic Board Failure,2026-04-30,0 repairs,True,True,True,True,B6410921062024,False,Valid Claim
CLM-2026-00666,USR-57777,PRD-SM-TCL-55C7,Smart TV,TCL QLED Mini-LED 55-inch,TCL,55C755,TCL-SM-2025-80LUDJJ,2025-08-31,120900.0,Metro Cash & Carry Official Counter,24,2025-09-01,2027-09-01,2025-11-27,Internal switch-mode power supply (SMPS) secondary rail diode breakdown,Internal Power Supply Failure,2025-12-01,1 repair (Unauthorized Third-Party),True,True,True,True,TCL-SM-2025-KLWZRPZ,False,Invalid Claim
CLM-2026-00691,USR-51064,PRD-SM-SON-XR-5,Smart TV,Sony Bravia 4K OLED 55-inch,Sony,XR-55A80L,SON-SM-2025-AXLRVNS,2026-02-16,432500.0,Cnergy Tech Retail Center,24,2026-02-17,2028-02-17,2028-03-26,Internal T-CON timing controller logic failure causing display split-screen inversion,Timing Controller (T-CON) Defect,2028-03-29,0 repairs,True,True,True,True,SON-SM-2025-AXLRVNS,False,Invalid Claim
CLM-2026-01240,USR-80974,PRD-WA-HAI-HWM1,Washing Machine,Haier Inverter Front-Load 10kg Washer,Haier,HWM100-1678,HAI-WA-2025-GYD51PE,2026-07-22,0.0,Brand Flagship Experience Store,24,2026-07-23,2028-07-22,2028-05-21,Inverter Direct Drive motor stator hall-effect sensor electrical open circuit (Promotional raffle prize bundle),Inverter Motor Failure,2028-05-26,0 repairs,True,False,True,False,HAI-WA-2025-GYD51PE,False,Manual Review
CLM-2026-00422,USR-71438,PRD-SM-APP-A288,Smartphone,Apple iPhone 14,Apple,A2882,35912440545063,2026-04-26,210800.0,TechnoCity Prime Electronics,12,2026-04-27,2027-04-27,2026-09-03,Cellular baseband modem chip malfunction; persistent No Service state,Modem / Cellular Hardware Defect,2026-09-08,2 repairs (Authorized Service Center),True,True,True,True,35912440545063,False,Valid Claim
CLM-2026-00289,USR-73225,PRD-SM-APP-A288,Smartphone,Apple iPhone 14,Apple,A2882,35912463796679,2026-01-12,219000.0,Hafeez Center Certified Dealer Outlets,12,2026-01-12,2027-01-12,2026-12-05,Cellular baseband modem chip malfunction; persistent No Service state,Modem / Cellular Hardware Defect,2026-12-07,0 repairs,True,True,True,True,3S912463796679,False,Valid Claim
CLM-2026-00465,USR-57555,PRD-AU-APP-MTJV,Audio / Soundbar,Apple AirPods Pro 2nd Gen,Apple,MTJV3,APP-AU-2025-ASCY88H,2025-11-04,67600.0,Cnergy Tech Retail Center,12,2025-11-05,2026-11-05,2025-12-18,ANC feedback microphone capsule dead; severe acoustic howling artifact,Microphone Hardware Failure,2025-12-21,0 repairs,True,True,True,True,APP-AU-2025-ASCY88H,False,Valid Claim
CLM-2026-00219,USR-12942,PRD-AU-APP-MTJV,Audio / Soundbar,Apple AirPods Pro 2nd Gen,Apple,MTJV3,APP-AU-2025-5KTMDA3,2025-12-09,61300.0,Metro Cash & Carry Official Counter,12,2025-12-10,2026-12-10,2026-04-06,Bluetooth RF transceiver chip desoldered; device refuses pairing handshakes,Wireless Transceiver Defect,2026-04-11,1 repair (Authorized Service Center),True,True,True,True,APP-AU-Z025-5KTMDA3,False,Valid Claim
CLM-2026-00140,USR-69597,PRD-LA-DEL-XPS9,Laptop,Dell XPS 15 9530,Dell,XPS9530-7456SLV,DEL-LA-2025-SNGK8DE,2026-06-25,408100.0,TechnoCity Prime Electronics,12,2026-06-26,2027-06-26,2027-03-26,Persistent dead pixel vertical line across IPS display panel,Display Panel Defect,2027-03-29,0 repairs,True,True,True,True,DEL-LA-2025-SNGK8DE,False,Valid Claim
CLM-2026-01170,USR-71268,PRD-SM-SON-KD-6,Smart TV,Sony Bravia LED 4K 65-inch,Sony,KD-65X77L,SON-SM-2025-6Y40UTZ,2026-05-09,215600.0,TechnoCity Prime Electronics,12,2026-05-10,2027-05-10,2027-05-06,LED backlight string driver open circuit resulting in total black screen with intact audio,Backlight Array Failure,2027-05-14,0 repairs,True,True,True,True,SON-SM-2025-6Y40UTZ,False,Manual Review
CLM-2026-01419,USR-70603,PRD-LA-HP-15-e,Laptop,HP Pavilion 15,HP,15-eg3023nr,HP-LA-2025-N42VJ3D,2026-03-04,159900.0,Daraz Mall Authorized Brand Store,24,2026-03-05,2028-03-04,2027-04-24,Keyboard matrix row 3 (keys A-S-D-F) non-responsive under dry conditions,Keyboard Matrix Failure,2027-05-03,0 repairs,True,True,True,True,HP-LA-2025-N42VJ3D,False,Manual Review
CLM-2026-01011,USR-80076,PRD-LA-APP-A299,Laptop,Apple MacBook Pro 14 M3,Apple,A2992,APP-LA-2025-3W1DY1D,2025-09-22,368800.0,Daraz Mall Authorized Brand Store,12,2025-09-23,2026-09-23,2025-10-17,Motherboard MOSFET short circuit causing instantaneous thermal protection shutdown,Motherboard Circuit Failure,2025-10-30,0 repairs,True,True,True,True,APP-LA-2025-3W1DY1D,False,Manual Review
CLM-2026-00319,USR-76088,PRD-LA-APP-A268,Laptop,Apple MacBook Air 13 M2,Apple,A2681,APP-LA-2025-R8AKWK4,2025-10-22,215100.0,Airlink Communications Official Flagship,24,2025-10-22,2027-10-22,2027-01-02,Motherboard MOSFET short circuit causing instantaneous thermal protection shutdown,Motherboard Circuit Failure,2027-01-03,1 repair (Authorized Service Center),True,True,True,True,APP-LA-2025-R8AKWK4,False,Valid Claim
CLM-2026-00975,USR-43879,PRD-LA-HP-818M,Laptop,HP EliteBook 840 G10,HP,818M8UT,HP-LA-2025-RA82WLD,2025-07-02,281700.0,Daraz Mall Authorized Brand Store,24,2025-07-03,2027-07-03,2025-09-23,Unit power failure; replacement unit already issued under previous claim,Hardware Failure,2025-09-29,1 repair (Unauthorized Third-Party),True,True,True,True,HP-LA-2025-RA82WLD,True,Invalid Claim
CLM-2026-00046,USR-71993,PRD-WA-LG-F4V5,Washing Machine,LG AI DD Front-Load Washer 9kg,LG,F4V5VYP0W,LG-WA-2025-BJHFA6P,2025-10-23,165200.0,Hafeez Center Certified Dealer Outlets,24,2025-10-24,2027-10-24,2026-06-30,Inverter Direct Drive motor stator hall-effect sensor electrical open circuit,Inverter Motor Failure,2026-07-04,0 repairs,True,True,True,True,LG-WA-2025-BJHFA6P,False,Valid Claim
CLM-2026-00811,USR-70517,PRD-LA-APP-A299,Laptop,Apple MacBook Pro 14 M3,Apple,A2992,APP-LA-2025-Z1D122R,2024-10-17,334200.0,Al-Madina Electronics Authorized Franchise,24,2024-10-18,2026-10-18,2025-02-14,Unit power failure; replacement unit already issued under previous claim,Hardware Failure,2025-02-15,1 repair (Authorized Service Center),True,True,True,True,APP-LA-2025-Z1D122R,True,Invalid Claim
CLM-2026-00520,USR-14424,PRD-SM-SON-KD-6,Smart TV,Sony Bravia LED 4K 65-inch,Sony,KD-65X77L,SON-SM-2025-Y3TK56P,2024-12-08,199000.0,Al-Madina Electronics Authorized Franchise,24,2024-12-09,2026-12-09,2025-01-14,LED backlight string driver open circuit resulting in total black screen with intact audio,Backlight Array Failure,2025-01-18,1 repair (Authorized Service Center),True,True,True,True,SON-SM-2025-K8A3C6B,False,Invalid Claim
CLM-2026-00601,USR-43844,PRD-LA-LEN-82WK,Laptop,Lenovo Legion Pro 5i,Lenovo,82WK0046US,LEN-LA-2025-ZEMN9BY,2025-06-07,321700.0,Metro Cash & Carry Official Counter,12,2025-06-08,2026-06-08,2025-11-06,Unit power failure; replacement unit already issued under previous claim,Hardware Failure,2025-11-08,0 repairs,True,True,True,True,LEN-LA-2025-ZEMN9BY,True,Invalid Claim
CLM-2026-00010,USR-84847,PRD-WA-HAI-HWM8,Washing Machine,Haier Twin Tub Semi-Automatic Washer,Haier,HWM80-50,HAI-WA-2025-72L7WV2,2026-04-12,43100.0,Brand Flagship Experience Store,36,2026-04-13,2029-04-12,2029-01-11,Electronic door safety microswitch interlock latch contact failure,Safety Interlock Defect,2029-01-13,0 repairs,True,True,True,True,HAI-WA-2025-72L7WV2,False,Valid Claim
CLM-2026-00988,USR-42427,PRD-SM-SON-KD-6,Smart TV,Sony Bravia LED 4K 65-inch,Sony,KD-65X77L,SON-SM-2025-GX5A1YS,2025-02-08,249200.0,TechnoCity Prime Electronics,24,2025-02-09,2027-02-09,2025-05-05,LED backlight string driver open circuit resulting in total black screen with intact audio,Backlight Array Failure,2025-05-10,1 repair (Authorized Service Center),False,False,True,True,,False,Invalid Claim
CLM-2026-00837,USR-76523,PRD-AU-APP-MTJV,Audio / Soundbar,Apple AirPods Pro 2nd Gen,Apple,MTJV3,APP-AU-2025-M9KULJ2,2025-05-23,70200.0,TechnoCity Prime Electronics,12,2025-05-24,2026-05-24,2026-10-11,ANC feedback microphone capsule dead; severe acoustic howling artifact,Microphone Hardware Failure,2026-10-17,1 repair (Authorized Service Center),True,True,True,True,APP-AU-2025-M9KULJ2,False,Invalid Claim
CLM-2026-00467,USR-11244,PRD-SM-SAM-SM-S,Smartphone,Samsung Galaxy S24 Ultra,Samsung,SM-S928B,35874256328328,2025-11-02,237200.0,Al-Madina Electronics Authorized Franchise,12,2025-11-03,2026-11-03,2026-07-15,Spontaneous vertical green line on AMOLED panel post official OTA update,Display Panel Defect,2026-07-20,0 repairs,True,True,True,True,35874256328328,False,Valid Claim
CLM-2026-00565,USR-14083,PRD-AU-SON-HT-S,Audio / Soundbar,Sony Dolby Atmos Soundbar 5.1,Sony,HT-S40R,SON-AU-2025-UN2E90L,2025-03-31,75200.0,Mega PK Technologies Flagship Hub,12,2025-04-01,2026-04-01,2025-08-19,ANC feedback microphone capsule dead; severe acoustic howling artifact,Microphone Hardware Failure,2025-08-22,1 repair (Authorized Service Center),False,False,True,True,,False,Invalid Claim
CLM-2026-01007,USR-28135,PRD-SM-XIA-2403,Smartphone,Xiaomi Xiaomi 14 Ultra,Xiaomi,24030PN60G,86410963586938,2026-05-01,253100.0,Cnergy Tech Retail Center,12,2026-05-02,2027-05-02,2026-11-14,Cellular baseband modem chip malfunction; persistent No Service state,Modem / Cellular Hardware Defect,2026-11-16,0 repairs,True,True,True,True,B6410963586938,False,Manual Review
CLM-2026-00722,USR-21588,PRD-WA-HAI-HWM8,Washing Machine,Haier Twin Tub Semi-Automatic Washer,Haier,HWM80-50,HAI-WA-2025-7E0MVUE,2024-10-25,37400.0,Brand Flagship Experience Store,12,2024-10-26,2025-10-26,2024-11-21,Water inlet dual solenoid valve coil burnout; machine fails to fill water,Water Valve Failure,2025-02-10,0 repairs,True,True,True,True,HAI-WA-2025-7E0MVUE,False,Invalid Claim
CLM-2026-00052,USR-45720,PRD-LA-LEN-82WK,Laptop,Lenovo Legion Pro 5i,Lenovo,82WK0046US,LEN-LA-2025-T1C4XAD,2026-05-01,363400.0,Mega PK Technologies Flagship Hub,24,2026-05-01,2028-04-30,2027-11-14,Keyboard matrix row 3 (keys A-S-D-F) non-responsive under dry conditions,Keyboard Matrix Failure,2027-11-17,2 repairs (Authorized Service Center),True,True,True,True,LEN-LA-2025-T1C4XAD,False,Valid Claim
CLM-2026-00099,USR-49124,PRD-SM-TCL-50P6,Smart TV,TCL 4K HDR Smart TV 50-inch,TCL,50P635,TCL-SM-2025-FHJNVNT,2026-03-29,77600.0,Metro Cash & Carry Official Counter,12,2026-03-30,2027-03-30,2026-07-16,Internal switch-mode power supply (SMPS) secondary rail diode breakdown,Internal Power Supply Failure,2026-07-18,2 repairs (Authorized Service Center),True,True,True,True,TCL-SM-2025-FHJNVNT,False,Valid Claim
CLM-2026-00934,USR-94299,PRD-SM-XIA-2403,Smartphone,Xiaomi Xiaomi 14 Ultra,Xiaomi,24030PN60G,35874239705384,2025-12-02,249500.0,Hafeez Center Certified Dealer Outlets,12,2025-12-03,2026-12-03,2025-12-31,Logic board PMIC power distribution failure; unit will not boot,Logic Board Failure,2026-01-05,0 repairs,False,True,True,True,,False,Invalid Claim
CLM-2026-00165,USR-93839,PRD-AU-SON-WH-1,Audio / Soundbar,Sony Wireless Noise Canceling Headphones,Sony,WH-1000XM5,SON-AU-2025-4RYYCZY,2026-07-26,88800.0,Brand Flagship Experience Store,12,2026-07-26,2027-07-26,2027-06-09,ANC feedback microphone capsule dead; severe acoustic howling artifact,Microphone Hardware Failure,2027-06-12,0 repairs,True,True,True,True,SON-AU-2025-4RYYCZY,False,Valid Claim
CLM-2026-00892,USR-35203,PRD-SM-SAM-QA55,Smart TV,Samsung QLED 4K Smart TV 55-inch,Samsung,QA55Q60CA,SAM-SM-2025-80TADCR,2024-09-05,196000.0,Al-Madina Electronics Authorized Franchise,24,2024-09-06,2026-09-06,2024-12-13,LED backlight string driver open circuit resulting in total black screen with intact audio,Backlight Array Failure,2024-12-16,0 repairs,False,False,True,True,,False,Invalid Claim
CLM-2026-00743,USR-31711,PRD-SM-SAM-SM-S,Smartphone,Samsung Galaxy S24 Ultra,Samsung,SM-S928B,35912426718601,2025-01-17,282800.0,Mega PK Technologies Flagship Hub,12,2025-01-18,2026-01-18,2025-04-04,Minor hairline scratches on aluminum frame from pocket grit,Normal Cosmetic Wear,2025-04-08,0 repairs,True,True,True,True,35912426718601,False,Invalid Claim
CLM-2026-00650,USR-93182,PRD-SM-TCL-50P6,Smart TV,TCL 4K HDR Smart TV 50-inch,TCL,50P635,TCL-SM-2025-AC4RVRT,2026-01-19,95400.0,Airlink Communications Official Flagship,12,2026-01-20,2027-01-20,2026-03-04,LED backlight string driver open circuit resulting in total black screen with intact audio,Backlight Array Failure,2026-04-19,0 repairs,True,True,True,True,TCL-SM-2025-AC4RVRT,False,Invalid Claim
CLM-2026-00683,USR-51670,PRD-SM-SAM-SM-A,Smartphone,Samsung Galaxy A55 5G,Samsung,SM-A556E,35874269327439,2024-10-10,108800.0,Airlink Communications Official Flagship,12,2024-10-11,2025-10-11,2026-05-20,Earpiece acoustic transducer failure causing distorted voice audio,Acoustic Transducer Defect,2026-05-22,0 repairs,True,True,True,True,35874269327439,False,Invalid Claim
CLM-2026-00166,USR-18885,PRD-SM-SON-KD-6,Smart TV,Sony Bravia LED 4K 65-inch,Sony,KD-65X77L,SON-SM-2025-BALYUNR,2026-02-21,262000.0,Cnergy Tech Retail Center,12,2026-02-22,2027-02-22,2026-03-09,LED backlight string driver open circuit resulting in total black screen with intact audio,Backlight Array Failure,2026-03-12,0 repairs,True,True,True,True,SON-SM-2025-BALYUNR,False,Valid Claim
CLM-2026-00659,USR-87377,PRD-SM-SON-KD-6,Smart TV,Sony Bravia LED 4K 65-inch,Sony,KD-65X77L,SON-SM-2025-M3SPJUC,2025-02-11,204400.0,Muller & Phipps Authorized Retail,24,2025-02-12,2027-02-12,2025-08-05,Unit power failure; replacement unit already issued under previous claim,Hardware Failure,2025-08-06,0 repairs,True,True,True,True,SON-SM-2025-M3SPJUC,True,Invalid Claim
CLM-2026-01059,USR-22516,PRD-WA-DAW-DW-9,Washing Machine,Dawlance Top-Load Energy Saver 11kg,Dawlance,DW-9060-ES,DAW-WA-2025-ECJK9W9,2025-12-18,73300.0,Airlink Communications Official Flagship,12,2025-12-19,2026-12-19,2026-03-19,Internal drainage pump motor winding electrical open circuit with OE code,Drain Pump Defect,2026-03-21,0 repairs,True,True,True,True,DAW-WA-Z025-ECJK9W9,False,Manual Review
CLM-2026-00995,USR-24020,PRD-LA-APP-A299,Laptop,Apple MacBook Pro 14 M3,Apple,A2992,APP-LA-2025-MY1CB8G,2024-08-22,458800.0,Metro Cash & Carry Official Counter,24,2024-08-23,2026-08-23,2024-09-24,Dedicated GPU VRAM solder fatigue resulting in visual polygon artifacting,GPU Hardware Malfunction,2024-12-02,1 repair (Authorized Service Center),True,True,True,True,APP-LA-2025-MY1CB8G,False,Invalid Claim
CLM-2026-00412,USR-97537,PRD-WA-SAM-WA13,Washing Machine,Samsung Wobble Technology Top-Load 13kg,Samsung,WA13CG5441BY,SAM-WA-2025-KN1GUVD,2026-05-03,128500.0,TechnoCity Prime Electronics,36,2026-05-03,2029-05-02,2027-06-29,Water inlet dual solenoid valve coil burnout; machine fails to fill water,Water Valve Failure,2027-06-30,0 repairs,True,True,True,True,SAM-WA-2025-KN1GUVD,False,Valid Claim
CLM-2026-00290,USR-50374,PRD-AU-SAM-HW-Q,Audio / Soundbar,Samsung Q-Series Soundbar 3.1.2ch,Samsung,HW-Q600C,SAM-AU-2025-H7M2XJG,2025-12-17,101200.0,Hafeez Center Certified Dealer Outlets,12,2025-12-18,2026-12-18,2026-10-08,Active subwoofer Class-D amplifier module silent; power LED steady green,Amplifier Circuit Failure,2026-10-07,0 repairs,True,True,True,True,SAM-AU-2025-H7M2XJG,False,Valid Claim
CLM-2026-01213,USR-41963,PRD-LA-DEL-L544,Laptop,Dell Latitude 5440,Dell,L5440-CTO1,DEL-LA-2025-NKHFU74,2025-10-04,169300.0,TechnoCity Prime Electronics,24,2025-10-05,2027-10-05,2027-06-09,Motherboard MOSFET short circuit causing instantaneous thermal protection shutdown,Motherboard Circuit Failure,2027-06-13,0 repairs,True,True,True,False,DEL-LA-2025-NKHFU74,False,Manual Review
CLM-2026-00907,USR-73253,PRD-SM-TCL-50P6,Smart TV,TCL 4K HDR Smart TV 50-inch,TCL,50P635,TCL-SM-2025-T6C32PW,2025-04-17,69900.0,Daraz Mall Authorized Brand Store,12,2025-04-18,2026-04-18,2025-05-29,Internal T-CON timing controller logic failure causing display split-screen inversion,Timing Controller (T-CON) Defect,2025-06-03,1 repair (Unauthorized Third-Party),False,True,True,True,,False,Invalid Claim
CLM-2026-00926,USR-33219,PRD-AU-SON-HT-S,Audio / Soundbar,Sony Dolby Atmos Soundbar 5.1,Sony,HT-S40R,SON-AU-2025-ZFGCKN4,2024-12-09,70000.0,Mega PK Technologies Flagship Hub,12,2024-12-10,2025-12-10,2025-01-12,ANC feedback microphone capsule dead; severe acoustic howling artifact,Microphone Hardware Failure,2025-01-18,1 repair (Unauthorized Third-Party),False,False,True,True,,False,Invalid Claim
CLM-2026-00032,USR-65057,PRD-SM-SAM-QA55,Smart TV,Samsung QLED 4K Smart TV 55-inch,Samsung,QA55Q60CA,SAM-SM-2025-3SVK3ZS,2026-02-15,168400.0,TechnoCity Prime Electronics,12,2026-02-16,2027-02-16,2026-09-03,Internal switch-mode power supply (SMPS) secondary rail diode breakdown,Internal Power Supply Failure,2026-09-04,0 repairs,True,True,True,True,SAM-SM-2025-3SVK3ZS,False,Valid Claim
CLM-2026-00726,USR-41697,PRD-WA-LG-F4V5,Washing Machine,LG AI DD Front-Load Washer 9kg,LG,F4V5VYP0W,LG-WA-2025-EUW60TG,2024-10-18,145300.0,Hafeez Center Certified Dealer Outlets,36,2024-10-19,2027-10-19,2027-12-01,Water inlet dual solenoid valve coil burnout; machine fails to fill water,Water Valve Failure,2027-12-07,0 repairs,True,True,True,True,LG-WA-2025-EUW60TG,False,Invalid Claim
CLM-2026-00386,USR-55109,PRD-SM-SON-KD-6,Smart TV,Sony Bravia LED 4K 65-inch,Sony,KD-65X77L,SON-SM-2025-MMW1LPM,2025-11-18,186800.0,Airlink Communications Official Flagship,12,2025-11-19,2026-11-19,2026-07-01,Internal switch-mode power supply (SMPS) secondary rail diode breakdown,Internal Power Supply Failure,2026-07-05,0 repairs,True,True,True,True,SON-SM-2025-MMW1LPM,False,Valid Claim
CLM-2026-01003,USR-92720,PRD-SM-SON-KD-6,Smart TV,Sony Bravia LED 4K 65-inch,Sony,KD-65X77L,SON-SM-2025-V5JWWGW,2026-04-09,263200.0,Al-Madina Electronics Authorized Franchise,12,2026-04-10,2027-04-10,2027-04-16,Motherboard HDMI receiver chip failure; all ports report No Signal,Mainboard HDMI Interface Failure,2027-04-17,0 repairs,True,True,True,True,SON-SM-2025-V5JWWGW,False,Manual Review
CLM-2026-01083,USR-27561,PRD-SM-APP-A309,Smartphone,Apple iPhone 15,Apple,A3090,86410924920592,2026-06-18,242200.0,Metro Cash & Carry Official Counter,12,2026-06-19,2027-06-19,2027-03-13,USB-C fast charging handshake pin solder fatigue; fails to negotiate charge,Charging Port Failure,2027-03-23,0 repairs,True,True,True,True,86410924920592,False,Manual Review
CLM-2026-01155,USR-45735,PRD-WA-DAW-DW-9,Washing Machine,Dawlance Top-Load Energy Saver 11kg,Dawlance,DW-9060-ES,DAW-WA-2025-3KD9FNZ,2026-07-09,66900.0,Cnergy Tech Retail Center,36,2026-07-10,2029-07-09,2029-07-05,Water inlet dual solenoid valve coil burnout; machine fails to fill water,Water Valve Failure,2029-07-13,0 repairs,True,True,True,True,DAW-WA-2025-3KD9FNZ,False,Manual Review
CLM-2026-01274,USR-62863,PRD-AU-SAM-HW-Q,Audio / Soundbar,Samsung Q-Series Soundbar 3.1.2ch,Samsung,HW-Q600C,SAM-AU-2025-6L3G7AA,2026-07-02,107800.0,Al-Madina Electronics Authorized Franchise,12,2026-07-03,2027-07-03,2026-08-08,Bluetooth RF transceiver chip desoldered; device refuses pairing handshakes,Wireless Transceiver Defect,2026-08-18,0 repairs,True,True,True,True,SAM-AU-2025-6L3G7AA,False,Manual Review
CLM-2026-01035,USR-19003,PRD-AU-SON-WH-1,Audio / Soundbar,Sony Wireless Noise Canceling Headphones,Sony,WH-1000XM5,SON-AU-2025-05KZMDB,2026-02-26,96900.0,Hafeez Center Certified Dealer Outlets,12,2026-02-27,2027-02-27,2027-03-02,Bluetooth RF transceiver chip desoldered; device refuses pairing handshakes,Wireless Transceiver Defect,2027-03-05,0 repairs,True,True,True,True,,False,Manual Review
CLM-2026-01103,USR-28013,PRD-AU-APP-MTJV,Audio / Soundbar,Apple AirPods Pro 2nd Gen,Apple,MTJV3,APP-AU-2025-W40L3T7,2025-10-08,62600.0,Daraz Mall Authorized Brand Store,12,2025-10-09,2026-10-09,2026-01-13,ANC feedback microphone capsule dead; severe acoustic howling artifact,Microphone Hardware Failure,2026-01-17,0 repairs,True,True,True,False,,False,Manual Review
CLM-2026-00656,USR-93460,PRD-SM-SAM-SM-A,Smartphone,Samsung Galaxy A55 5G,Samsung,SM-A556E,86049288642152,2024-12-10,82700.0,Muller & Phipps Authorized Retail,12,2024-12-11,2025-12-11,2025-03-06,Handset dropped into swimming pool; internal SIM tray LDI triggered vivid red,Liquid / Moisture Damage,2025-03-09,0 repairs,True,True,True,True,86049288642152,False,Invalid Claim
CLM-2026-01272,USR-94185,PRD-SM-XIA-2403,Smartphone,Xiaomi Xiaomi 14 Ultra,Xiaomi,24030PN60G,86049224533255,2026-01-08,223700.0,Airlink Communications Official Flagship,12,2026-01-09,2027-01-09,2026-09-24,Logic board PMIC power distribution failure; unit will not boot (Customer notes prior minor servicing at local shop),Logic Board Failure,2026-09-28,3 repairs (Authorized Service Center),True,True,True,True,86049224533255,False,Manual Review
CLM-2026-00592,USR-38369,PRD-SM-SAM-QA55,Smart TV,Samsung QLED 4K Smart TV 55-inch,Samsung,QA55Q60CA,SAM-SM-2025-375J4HM,2025-04-05,168500.0,Muller & Phipps Authorized Retail,12,2025-04-06,2026-04-06,2025-06-08,LED backlight string driver open circuit resulting in total black screen with intact audio,Backlight Array Failure,2025-06-09,1 repair (Unauthorized Third-Party),True,True,True,True,SAM-SM-2025-SK9TVNF,False,Invalid Claim
CLM-2026-01229,USR-40359,PRD-AU-SON-HT-S,Audio / Soundbar,Sony Dolby Atmos Soundbar 5.1,Sony,HT-S40R,SON-AU-2025-1Y3BS0D,2025-10-10,81400.0,Daraz Mall Authorized Brand Store,12,2025-10-11,2026-10-11,2026-10-09,ANC feedback microphone capsule dead; severe acoustic howling artifact,Microphone Hardware Failure,2026-10-13,0 repairs,True,True,True,True,SON-AU-2025-1Y3BS0D,False,Manual Review
CLM-2026-00262,USR-37395,PRD-LA-DEL-i563,Laptop,Dell Inspiron 16,Dell,i5630-7212SLV,DEL-LA-2025-31YXVU0,2026-06-16,148000.0,Al-Madina Electronics Authorized Franchise,12,2026-06-17,2027-06-17,2027-02-12,Motherboard MOSFET short circuit causing instantaneous thermal protection shutdown,Motherboard Circuit Failure,2027-02-16,0 repairs,True,True,True,True,DEL-LA-2025-31YXVU0,False,Valid Claim
CLM-2026-00821,USR-32953,PRD-WA-LG-F4V5,Washing Machine,LG AI DD Front-Load Washer 9kg,LG,F4V5VYP0W,LG-WA-2025-4SKMJ4J,2026-02-16,205000.0,Metro Cash & Carry Official Counter,24,2026-02-17,2028-02-17,2026-08-01,Main electronic drive controller PCB failed with IGBT gate driver error E2,Main Control Board Defect,2026-08-06,1 repair (Unauthorized Third-Party),False,False,True,True,,False,Invalid Claim
CLM-2026-01147,USR-39555,PRD-LA-HP-15-e,Laptop,HP Pavilion 15,HP,15-eg3023nr,HP-LA-2025-VAU9LSG,2025-04-29,107000.0,Cnergy Tech Retail Center,24,2025-04-30,2027-04-30,2026-11-13,Persistent dead pixel vertical line across IPS display panel,Display Panel Defect,2026-11-18,0 repairs,True,True,False,True,HP-LA-2025-VAU9LSG,False,Manual Review
CLM-2026-00302,USR-23619,PRD-AU-SAM-HW-Q,Audio / Soundbar,Samsung Q-Series Soundbar 3.1.2ch,Samsung,HW-Q600C,SAM-AU-2025-RK6BN5J,2026-08-07,112500.0,TechnoCity Prime Electronics,12,2026-08-07,2027-08-07,2026-08-23,Bluetooth RF transceiver chip desoldered; device refuses pairing handshakes,Wireless Transceiver Defect,2026-08-27,2 repairs (Authorized Service Center),True,True,True,True,SAM-AU-2025-RK6BN5J,False,Valid Claim
CLM-2026-01415,USR-73295,PRD-SM-SAM-SM-A,Smartphone,Samsung Galaxy A55 5G,Samsung,SM-A556E,35912411532483,2025-11-09,84300.0,Airlink Communications Official Flagship,12,2025-11-10,2026-11-10,2026-06-15,USB-C fast charging handshake pin solder fatigue; fails to negotiate charge,Charging Port Failure,2026-06-19,0 repairs,True,False,True,False,35912411532483,False,Manual Review
CLM-2026-00872,USR-43321,PRD-LA-HP-15-e,Laptop,HP Pavilion 15,HP,15-eg3023nr,HP-LA-2025-EPKG6JB,2025-08-16,150900.0,Hafeez Center Certified Dealer Outlets,24,2025-08-17,2027-08-17,2025-10-27,Internal cooling fan bearing seizure and zero RPM tachometer error,Cooling System Defect,2025-12-31,1 repair (Unauthorized Third-Party),True,True,True,True,HP-LA-2025-EPKG6JB,False,Invalid Claim
CLM-2026-00333,USR-74302,PRD-AU-SAM-HW-Q,Audio / Soundbar,Samsung Q-Series Soundbar 3.1.2ch,Samsung,HW-Q600C,SAM-AU-2025-2DXDJPR,2026-06-02,121300.0,Airlink Communications Official Flagship,12,2026-06-02,2027-06-02,2026-09-15,Active subwoofer Class-D amplifier module silent; power LED steady green,Amplifier Circuit Failure,2026-09-19,2 repairs (Authorized Service Center),True,True,True,True,SAM-AU-2025-2DXDJPR,False,Valid Claim
CLM-2026-01269,USR-28129,PRD-SM-SAM-UA65,Smart TV,Samsung Crystal UHD 4K 65-inch,Samsung,UA65CU7000,SAM-SM-2025-06LNVST,2026-01-03,208900.0,Mega PK Technologies Flagship Hub,24,2026-01-04,2028-01-04,2026-05-14,Internal T-CON timing controller logic failure causing display split-screen inversion,Timing Controller (T-CON) Defect,2026-05-16,0 repairs,True,True,True,True,,False,Manual Review
CLM-2026-01191,USR-14707,PRD-SM-TCL-55C7,Smart TV,TCL QLED Mini-LED 55-inch,TCL,55C755,TCL-SM-2025-7F4M3LY,2026-05-11,180000.0,Hafeez Center Certified Dealer Outlets,12,2026-05-12,2027-05-12,2026-09-20,LED backlight string driver open circuit resulting in total black screen with intact audio,Backlight Array Failure,2026-09-25,0 repairs,True,False,True,True,TCL-SM-2025-7F4M3LY,False,Manual Review
CLM-2026-01084,USR-67033,PRD-AU-SAM-HW-Q,Audio / Soundbar,Samsung Q-Series Soundbar 3.1.2ch,Samsung,HW-Q600C,SAM-AU-2025-5VMSTF7,2026-07-18,88800.0,Cnergy Tech Retail Center,12,2026-07-19,2027-07-19,2027-01-01,Bluetooth RF transceiver chip desoldered; device refuses pairing handshakes,Wireless Transceiver Defect,2027-01-05,0 repairs,True,True,True,True,5AM-AU-2025-5VMSTF7,False,Manual Review
CLM-2026-00808,USR-24282,PRD-LA-HP-14-e,Laptop,HP Spectre x360 14,HP,14-ef2013dx,HP-LA-2025-NFATVGY,2024-10-08,384300.0,Cnergy Tech Retail Center,12,2024-10-09,2025-10-09,2024-12-25,Unit power failure; replacement unit already issued under previous claim,Hardware Failure,2024-12-31,0 repairs,True,True,True,True,HP-LA-2025-NFATVGY,True,Invalid Claim
CLM-2026-00209,USR-56884,PRD-LA-HP-15-e,Laptop,HP Pavilion 15,HP,15-eg3023nr,HP-LA-2025-XDEDAC3,2026-08-08,99600.0,Al-Madina Electronics Authorized Franchise,12,2026-08-08,2027-08-08,2027-06-13,Persistent dead pixel vertical line across IPS display panel,Display Panel Defect,2027-06-14,0 repairs,True,True,True,True,HP-LA-2025-XDEDAC3,False,Valid Claim
CLM-2026-00469,USR-65572,PRD-LA-HP-15-e,Laptop,HP Pavilion 15,HP,15-eg3023nr,HP-LA-2025-DA22RY5,2026-07-13,150800.0,Al-Madina Electronics Authorized Franchise,24,2026-07-13,2028-07-12,2027-05-11,Internal cooling fan bearing seizure and zero RPM tachometer error,Cooling System Defect,2027-05-16,0 repairs,True,True,True,True,HP-LA-2025-DA22RY5,False,Valid Claim
CLM-2026-00678,USR-19563,PRD-SM-XIA-2309,Smartphone,Xiaomi Redmi Note 13 Pro+,Xiaomi,23090RA98G,86410916002313,2024-11-26,98200.0,Metro Cash & Carry Official Counter,12,2024-11-27,2025-11-27,2026-02-16,Camera module Optical Image Stabilization (OIS) actuator rattle and blur,Camera Module Hardware Defect,2026-02-22,0 repairs,True,True,True,True,86410916002313,False,Invalid Claim
CLM-2026-01107,USR-67310,PRD-AU-SON-HT-S,Audio / Soundbar,Sony Dolby Atmos Soundbar 5.1,Sony,HT-S40R,SON-AU-2025-Y9WBGSR,2026-04-20,82000.0,TechnoCity Prime Electronics,12,2026-04-21,2027-04-21,2027-02-07,ANC feedback microphone capsule dead; severe acoustic howling artifact,Microphone Hardware Failure,2027-02-21,0 repairs,True,True,True,True,SON-AU-2025-Y9WBGSR,False,Manual Review
CLM-2026-01489,USR-35774,PRD-AU-SAM-HW-Q,Audio / Soundbar,Samsung Q-Series Soundbar 3.1.2ch,Samsung,HW-Q600C,SAM-AU-2025-4271RGM,2025-10-29,0.0,Metro Cash & Carry Official Counter,12,2025-10-30,2026-10-30,2026-11-03,Active subwoofer Class-D amplifier module silent; power LED steady green (Promotional raffle prize bundle),Amplifier Circuit Failure,2026-11-05,0 repairs,True,True,True,True,SAM-AU-2025-4271RGM,False,Manual Review
CLM-2026-01136,USR-41859,PRD-LA-APP-A268,Laptop,Apple MacBook Air 13 M2,Apple,A2681,APP-LA-2025-1BPEG2H,2025-07-16,202000.0,Hafeez Center Certified Dealer Outlets,24,2025-07-17,2027-07-17,2027-06-27,Factory NVMe SSD controller locked in permanent read-only state,Internal Storage Degradation,2027-06-29,0 repairs,True,True,True,True,APP-LA-Z025-1BPEG2H,False,Manual Review
CLM-2026-00211,USR-43127,PRD-LA-LEN-21HD,Laptop,Lenovo ThinkPad T14 Gen 4,Lenovo,21HD001EUS,LEN-LA-2025-HYARWBD,2025-11-22,190800.0,Metro Cash & Carry Official Counter,24,2025-11-22,2027-11-22,2026-05-15,Dedicated GPU VRAM solder fatigue resulting in visual polygon artifacting,GPU Hardware Malfunction,2026-05-17,2 repairs (Authorized Service Center),True,True,True,True,LEN-LA-2025-HYARWBD,False,Valid Claim
CLM-2026-00062,USR-96079,PRD-AU-APP-MTJV,Audio / Soundbar,Apple AirPods Pro 2nd Gen,Apple,MTJV3,APP-AU-2025-BMRVPYK,2026-02-12,75100.0,TechnoCity Prime Electronics,12,2026-02-12,2027-02-12,2026-12-14,Bluetooth RF transceiver chip desoldered; device refuses pairing handshakes,Wireless Transceiver Defect,2026-12-19,0 repairs,True,True,True,True,APP-AU-2025-BMRVPYK,False,Valid Claim
CLM-2026-00692,USR-25524,PRD-LA-DEL-L544,Laptop,Dell Latitude 5440,Dell,L5440-CTO1,DEL-LA-2025-LAWEB5A,2025-09-27,244100.0,Al-Madina Electronics Authorized Franchise,24,2025-09-28,2027-09-28,2025-11-28,Unit power failure; replacement unit already issued under previous claim,Hardware Failure,2025-12-02,0 repairs,True,True,True,True,DEL-LA-2025-LAWEB5A,True,Invalid Claim
CLM-2026-00895,USR-85738,PRD-AU-SAM-HW-Q,Audio / Soundbar,Samsung Q-Series Soundbar 3.1.2ch,Samsung,HW-Q600C,SAM-AU-2025-SZ0FHDP,2025-10-30,124600.0,Brand Flagship Experience Store,12,2025-10-31,2026-10-31,2025-12-10,Unit power failure; replacement unit already issued under previous claim,Hardware Failure,2025-12-12,0 repairs,True,True,True,True,SAM-AU-2025-SZ0FHDP,True,Invalid Claim
CLM-2026-00299,USR-96594,PRD-LA-APP-A268,Laptop,Apple MacBook Air 13 M2,Apple,A2681,APP-LA-2025-S75H1ZY,2025-10-11,262700.0,TechnoCity Prime Electronics,24,2025-10-11,2027-10-11,2027-03-12,Internal cooling fan bearing seizure and zero RPM tachometer error,Cooling System Defect,2027-03-16,0 repairs,True,True,True,True,APP-LA-2025-S75H1ZY,False,Valid Claim
CLM-2026-00969,USR-20473,PRD-LA-LEN-21HD,Laptop,Lenovo ThinkPad T14 Gen 4,Lenovo,21HD001EUS,LEN-LA-2025-3R2AYJR,2025-01-20,283400.0,Brand Flagship Experience Store,24,2025-01-21,2027-01-21,2025-06-15,Dedicated GPU VRAM solder fatigue resulting in visual polygon artifacting,GPU Hardware Malfunction,2025-06-19,1 repair (Authorized Service Center),True,True,True,True,LEN-LA-2025-HMDJH75,False,Invalid Claim
CLM-2026-00830,USR-34954,PRD-SM-SON-KD-6,Smart TV,Sony Bravia LED 4K 65-inch,Sony,KD-65X77L,SON-SM-2025-F6ZWN25,2025-11-14,239900.0,Metro Cash & Carry Official Counter,12,2025-11-15,2026-11-15,2026-03-03,Internal T-CON timing controller logic failure causing display split-screen inversion,Timing Controller (T-CON) Defect,2026-03-07,0 repairs,True,True,True,True,SON-SM-2025-R7GN4GJ,False,Invalid Claim
CLM-2026-01124,USR-71699,PRD-SM-XIA-2403,Smartphone,Xiaomi Xiaomi 14 Ultra,Xiaomi,24030PN60G,35912454170623,2026-02-09,259400.0,Metro Cash & Carry Official Counter,12,2026-02-10,2027-02-10,2026-12-28,Earpiece acoustic transducer failure causing distorted voice audio,Acoustic Transducer Defect,2027-01-12,0 repairs,True,True,True,True,35912454170623,False,Manual Review
CLM-2026-00684,USR-19094,PRD-LA-HP-818M,Laptop,HP EliteBook 840 G10,HP,818M8UT,HP-LA-2025-FW1CYG7,2025-08-22,301000.0,Metro Cash & Carry Official Counter,24,2025-08-23,2027-08-23,2025-11-07,Internal cooling fan bearing seizure and zero RPM tachometer error,Cooling System Defect,2025-12-25,1 repair (Authorized Service Center),True,True,True,True,HP-LA-2025-FW1CYG7,False,Invalid Claim
CLM-2026-00502,USR-43557,PRD-AU-APP-MTJV,Audio / Soundbar,Apple AirPods Pro 2nd Gen,Apple,MTJV3,APP-AU-2025-30SAVTW,2025-12-03,83700.0,TechnoCity Prime Electronics,12,2025-12-04,2026-12-04,2026-04-20,Active subwoofer Class-D amplifier module silent; power LED steady green,Amplifier Circuit Failure,2026-04-23,1 repair (Authorized Service Center),True,True,True,True,APP-AU-2025-AX59B25,False,Invalid Claim
CLM-2026-00055,USR-74139,PRD-SM-SAM-SM-S,Smartphone,Samsung Galaxy S24 Ultra,Samsung,SM-S928B,35912470887035,2025-11-08,339700.0,Brand Flagship Experience Store,12,2025-11-09,2026-11-09,2026-09-15,USB-C fast charging handshake pin solder fatigue; fails to negotiate charge,Charging Port Failure,2026-09-17,0 repairs,True,True,True,True,35912470887035,False,Valid Claim
CLM-2026-00819,USR-12366,PRD-WA-SAM-WW90,Washing Machine,Samsung EcoBubble Front-Load Inverter 9kg,Samsung,WW90T554DAW,SAM-WA-2025-XRHD6ML,2026-01-14,150500.0,Brand Flagship Experience Store,36,2026-01-15,2029-01-14,2029-07-28,Internal drainage pump motor winding electrical open circuit with OE code,Drain Pump Defect,2029-07-31,0 repairs,True,True,True,True,SAM-WA-2025-XRHD6ML,False,Invalid Claim
CLM-2026-00876,USR-66464,PRD-WA-LG-F4V5,Washing Machine,LG AI DD Front-Load Washer 9kg,LG,F4V5VYP0W,LG-WA-2025-YNKKXZE,2025-12-31,144000.0,,36,2026-01-01,2028-12-31,2029-08-23,Main electronic drive controller PCB failed with IGBT gate driver error E2,Main Control Board Defect,2029-08-26,1 repair (Unauthorized Third-Party),True,True,True,True,LG-WA-2025-YNKKXZE,False,Invalid Claim
CLM-2026-00994,USR-42029,PRD-LA-LEN-82WK,Laptop,Lenovo Legion Pro 5i,Lenovo,82WK0046US,LEN-LA-2025-492XYS7,2025-04-18,319000.0,TechnoCity Prime Electronics,12,2025-04-19,2026-04-19,2025-08-14,Unauthorized BGA chip reflow and jumper wire bypass attempted at local computer plaza,Unauthorized Tampering / Bazaar Rework,2025-08-16,1 repair (Authorized Service Center),True,True,True,True,LEN-LA-2025-492XYS7,False,Invalid Claim
CLM-2026-00586,USR-84096,PRD-WA-SAM-WW90,Washing Machine,Samsung EcoBubble Front-Load Inverter 9kg,Samsung,WW90T554DAW,SAM-WA-2025-35VG84L,2024-09-20,178800.0,Brand Flagship Experience Store,12,2024-09-21,2025-09-21,2024-10-20,Drum balance suspension damper mechanical collapse under rated wash load,Mechanical Suspension Defect,2024-10-23,1 repair (Unauthorized Third-Party),True,True,True,True,SAM-WA-2025-US1GDRU,False,Invalid Claim
CLM-2026-00686,USR-74298,PRD-AU-SON-HT-S,Audio / Soundbar,Sony Dolby Atmos Soundbar 5.1,Sony,HT-S40R,SON-AU-2025-J2MXXM9,2025-02-06,103100.0,Brand Flagship Experience Store,12,2025-02-07,2026-02-07,2025-04-28,Unit power failure; replacement unit already issued under previous claim,Hardware Failure,2025-05-04,1 repair (Authorized Service Center),True,True,True,True,SON-AU-2025-J2MXXM9,True,Invalid Claim
CLM-2026-01232,USR-17853,PRD-SM-XIA-2403,Smartphone,Xiaomi Xiaomi 14 Ultra,Xiaomi,24030PN60G,86049236920344,2026-02-09,212200.0,Metro Cash & Carry Official Counter,12,2026-02-10,2027-02-10,2026-12-05,Camera module Optical Image Stabilization (OIS) actuator rattle and blur,Camera Module Hardware Defect,2026-12-16,0 repairs,True,True,True,True,86049236920344,False,Manual Review
CLM-2026-01413,USR-66208,PRD-AU-APP-MTJV,Audio / Soundbar,Apple AirPods Pro 2nd Gen,Apple,MTJV3,APP-AU-2025-X6YN46U,2026-06-06,57600.0,Al-Madina Electronics Authorized Franchise,12,2026-06-07,2027-06-07,2027-04-21,ANC feedback microphone capsule dead; severe acoustic howling artifact,Microphone Hardware Failure,2027-05-07,0 repairs,True,True,True,True,APP-AU-2025-X6YN46U,False,Manual Review
CLM-2026-00111,USR-42077,PRD-WA-DAW-DW-9,Washing Machine,Dawlance Top-Load Energy Saver 11kg,Dawlance,DW-9060-ES,DAW-WA-2025-S1MLXW7,2026-07-08,65000.0,Airlink Communications Official Flagship,36,2026-07-08,2029-07-07,2026-09-24,Electronic door safety microswitch interlock latch contact failure,Safety Interlock Defect,2026-09-28,0 repairs,True,True,True,True,DAW-WA-2025-S1MLXW7,False,Valid Claim
CLM-2026-00330,USR-39116,PRD-SM-APP-A310,Smartphone,Apple iPhone 15 Pro Max,Apple,A3106,35912457968551,2026-02-25,384300.0,Daraz Mall Authorized Brand Store,12,2026-02-25,2027-02-25,2027-01-12,Cellular baseband modem chip malfunction; persistent No Service state,Modem / Cellular Hardware Defect,2027-01-14,2 repairs (Authorized Service Center),True,True,True,True,35912457968551,False,Valid Claim
CLM-2026-01071,USR-16679,PRD-SM-SAM-SM-S,Smartphone,Samsung Galaxy S24 Ultra,Samsung,SM-S928B,86410936316514,2026-04-23,209000.0,Daraz Mall Authorized Brand Store,12,2026-04-24,2027-04-24,2026-05-24,Spontaneous vertical green line on AMOLED panel post official OTA update,Display Panel Defect,2026-05-26,0 repairs,True,False,True,False,86410936316514,False,Manual Review
CLM-2026-01435,USR-80771,PRD-LA-DEL-XPS9,Laptop,Dell XPS 15 9530,Dell,XPS9530-7456SLV,DEL-LA-2025-X1WLPAD,2026-04-12,324800.0,TechnoCity Prime Electronics,12,2026-04-13,2027-04-13,2027-02-17,Keyboard matrix row 3 (keys A-S-D-F) non-responsive under dry conditions,Keyboard Matrix Failure,2027-02-20,0 repairs,True,True,True,True,DEL-LA-Z025-X1WLPAD,False,Manual Review
CLM-2026-01223,USR-23534,PRD-LA-HP-14-e,Laptop,HP Spectre x360 14,HP,14-ef2013dx,HP-LA-2025-4LSJB89,2025-03-09,328600.0,Cnergy Tech Retail Center,24,2025-03-10,2027-03-10,2025-08-26,Keyboard matrix row 3 (keys A-S-D-F) non-responsive under dry conditions,Keyboard Matrix Failure,2025-08-30,0 repairs,True,True,True,True,HP-LA-Z025-4LSJB89,False,Manual Review
CLM-2026-01463,USR-21010,PRD-WA-DAW-DW-9,Washing Machine,Dawlance Top-Load Energy Saver 11kg,Dawlance,DW-9060-ES,DAW-WA-2025-8FJYCGD,2026-06-22,75100.0,Hafeez Center Certified Dealer Outlets,12,2026-06-23,2027-06-23,2026-12-27,Electronic door safety microswitch interlock latch contact failure (Customer notes prior minor servicing at local shop),Safety Interlock Defect,2027-01-01,1 repair (Unauthorized Third-Party),True,True,True,True,DAW-WA-2025-8FJYCGD,False,Manual Review
CLM-2026-01235,USR-96195,PRD-SM-TCL-55C7,Smart TV,TCL QLED Mini-LED 55-inch,TCL,55C755,TCL-SM-2025-ZFGG9EK,2025-10-17,167900.0,Hafeez Center Certified Dealer Outlets,12,2025-10-18,2026-10-18,2026-10-23,Internal T-CON timing controller logic failure causing display split-screen inversion,Timing Controller (T-CON) Defect,2026-10-24,0 repairs,True,True,True,True,TCL-SM-2025-ZFGG9EK,False,Manual Review
CLM-2026-01341,USR-37026,PRD-SM-XIA-2403,Smartphone,Xiaomi Xiaomi 14 Ultra,Xiaomi,24030PN60G,35912495369343,2026-06-10,253200.0,Metro Cash & Carry Official Counter,12,2026-06-11,2027-06-11,2027-01-17,USB-C fast charging handshake pin solder fatigue; fails to negotiate charge (Customer notes prior minor servicing at local shop),Charging Port Failure,2027-01-19,1 repair (Unauthorized Third-Party),True,True,True,True,35912495369343,False,Manual Review
CLM-2026-00522,USR-51958,PRD-WA-DAW-DW-F,Washing Machine,Dawlance Inverter Front-Load ProWash,Dawlance,DW-FL-9000,DAW-WA-2025-77JPYTN,2025-01-02,106300.0,Metro Cash & Carry Official Counter,36,2025-01-03,2028-01-03,2025-05-14,Unit power failure; replacement unit already issued under previous claim,Hardware Failure,2025-05-17,1 repair (Unauthorized Third-Party),True,True,True,True,DAW-WA-2025-77JPYTN,True,Invalid Claim
CLM-2026-01055,USR-10440,PRD-WA-SAM-WW90,Washing Machine,Samsung EcoBubble Front-Load Inverter 9kg,Samsung,WW90T554DAW,SAM-WA-2025-00JCTRZ,2026-03-27,184700.0,Al-Madina Electronics Authorized Franchise,12,2026-03-28,2027-03-28,2026-06-07,Electronic door safety microswitch interlock latch contact failure,Safety Interlock Defect,2026-06-09,0 repairs,True,True,True,True,5AM-WA-2025-00JCTRZ,False,Manual Review
CLM-2026-00128,USR-19064,PRD-SM-TCL-55C7,Smart TV,TCL QLED Mini-LED 55-inch,TCL,55C755,TCL-SM-2025-TC3JKJN,2025-11-03,134400.0,Hafeez Center Certified Dealer Outlets,24,2025-11-03,2027-11-03,2027-02-28,Motherboard HDMI receiver chip failure; all ports report No Signal,Mainboard HDMI Interface Failure,2027-03-02,0 repairs,True,True,True,True,TCL-SM-2025-TC3JKJN,False,Valid Claim
CLM-2026-01030,USR-35579,PRD-WA-SAM-WW90,Washing Machine,Samsung EcoBubble Front-Load Inverter 9kg,Samsung,WW90T554DAW,SAM-WA-2025-XK7T2UA,2025-01-22,157600.0,Mega PK Technologies Flagship Hub,24,2025-01-23,2027-01-23,2026-05-28,Inverter Direct Drive motor stator hall-effect sensor electrical open circuit,Inverter Motor Failure,2026-06-11,0 repairs,True,True,True,True,SAM-WA-2025-XK7T2UA,False,Manual Review
CLM-2026-01391,USR-24451,PRD-WA-SAM-WW90,Washing Machine,Samsung EcoBubble Front-Load Inverter 9kg,Samsung,WW90T554DAW,SAM-WA-2025-EWLEK7P,2024-12-25,175200.0,Hafeez Center Certified Dealer Outlets,36,2024-12-26,2027-12-26,2026-12-29,Main electronic drive controller PCB failed with IGBT gate driver error E2,Main Control Board Defect,2027-01-01,0 repairs,True,False,True,True,SAM-WA-2025-EWLEK7P,False,Manual Review
CLM-2026-01020,USR-17174,PRD-WA-SAM-WW90,Washing Machine,Samsung EcoBubble Front-Load Inverter 9kg,Samsung,WW90T554DAW,SAM-WA-2025-ANBPADZ,2025-03-14,125400.0,Cnergy Tech Retail Center,36,2025-03-15,2028-03-14,2025-09-18,Water inlet dual solenoid valve coil burnout; machine fails to fill water (Customer notes prior minor servicing at local shop),Water Valve Failure,2025-09-23,1 repair (Unauthorized Third-Party),True,True,True,True,SAM-WA-2025-ANBPADZ,False,Manual Review
CLM-2026-00748,USR-40965,PRD-LA-DEL-L544,Laptop,Dell Latitude 5440,Dell,L5440-CTO1,DEL-LA-2025-731MSYY,2025-05-18,191200.0,Airlink Communications Official Flagship,12,2025-05-19,2026-05-19,2025-10-01,Laptop crushed inside backpack; cracked matrix glass and bent aluminum chassis,Physical Impact / Accidental Drop,2025-10-05,1 repair (Unauthorized Third-Party),True,True,True,True,DEL-LA-2025-731MSYY,False,Invalid Claim
CLM-2026-01033,USR-53760,PRD-AU-SAM-HW-Q,Audio / Soundbar,Samsung Q-Series Soundbar 3.1.2ch,Samsung,HW-Q600C,SAM-AU-2025-4E7BPD8,2026-03-26,90900.0,Al-Madina Electronics Authorized Franchise,12,2026-03-27,2027-03-27,2026-05-11,ANC feedback microphone capsule dead; severe acoustic howling artifact (Customer notes prior minor servicing at local shop),Microphone Hardware Failure,2026-05-13,3 repairs (Authorized Service Center),True,True,True,True,SAM-AU-2025-4E7BPD8,False,Manual Review
CLM-2026-00272,USR-93109,PRD-AU-SON-WH-1,Audio / Soundbar,Sony Wireless Noise Canceling Headphones,Sony,WH-1000XM5, SON-AU-2025-0EWWW2A ,2026-05-20,93600.0,Cnergy Tech Retail Center,12,2026-05-20,2027-05-20,2026-07-15,ANC feedback microphone capsule dead; severe acoustic howling artifact,Microphone Hardware Failure,2026-07-16,1 repair (Authorized Service Center),True,True,True,True,SON-AU-2025-0EWWW2A,False,Valid Claim
CLM-2026-00790,USR-74638,PRD-WA-LG-T211,Washing Machine,LG Smart Inverter Top-Load 11kg,LG,T2111VSSV,LG-WA-2025-6RPEN86,2024-08-08,72100.0,Metro Cash & Carry Official Counter,12,2024-08-09,2025-08-09,2024-10-29,Water inlet dual solenoid valve coil burnout; machine fails to fill water,Water Valve Failure,2024-11-03,1 repair (Unauthorized Third-Party),True,True,True,True,LG-WA-2025-BCLWAVB,False,Invalid Claim
CLM-2026-00343,USR-99015,PRD-SM-APP-A309,Smartphone,Apple iPhone 15,Apple,A3090,35912440316218,2026-01-15,261100.0,Cnergy Tech Retail Center,12,2026-01-16,2027-01-16,2026-09-02,Logic board PMIC power distribution failure; unit will not boot,Logic Board Failure,2026-09-04,1 repair (Authorized Service Center),True,True,True,True,35912440316218,False,Valid Claim
CLM-2026-01429,USR-95754,PRD-AU-SON-WH-1,Audio / Soundbar,Sony Wireless Noise Canceling Headphones,Sony,WH-1000XM5,SON-AU-2025-XSFLVWW,2025-09-25,78000.0,Metro Cash & Carry Official Counter,12,2025-09-26,2026-09-26,2026-06-07,Active subwoofer Class-D amplifier module silent; power LED steady green,Amplifier Circuit Failure,2026-06-09,0 repairs,True,True,True,True,5ON-AU-2025-XSFLVWW,False,Manual Review
CLM-2026-01061,USR-11103,PRD-SM-APP-A309,Smartphone,Apple iPhone 15,Apple,A3090,35912440521315,2025-12-29,282000.0,Daraz Mall Authorized Brand Store,12,2025-12-30,2026-12-30,2027-01-03,Camera module Optical Image Stabilization (OIS) actuator rattle and blur,Camera Module Hardware Defect,2027-01-04,0 repairs,True,True,True,True,35912440521315,False,Manual Review
CLM-2026-00264,USR-12816,PRD-WA-HAI-HWM1,Washing Machine,Haier Inverter Front-Load 10kg Washer,Haier,HWM100-1678,HAI-WA-2025-CZGPWFK,2026-06-27,106900.0,Airlink Communications Official Flagship,36,2026-06-27,2029-06-26,2027-08-18,Internal drainage pump motor winding electrical open circuit with OE code,Drain Pump Defect,2027-08-23,2 repairs (Authorized Service Center),True,True,True,True,HAI-WA-2025-CZGPWFK,False,Valid Claim
CLM-2026-01480,USR-39087,PRD-AU-SAM-HW-Q,Audio / Soundbar,Samsung Q-Series Soundbar 3.1.2ch,Samsung,HW-Q600C,SAM-AU-2025-0MD3ZXF,2026-07-25,98400.0,TechnoCity Prime Electronics,12,2026-07-26,2027-07-26,2027-03-25,Bluetooth RF transceiver chip desoldered; device refuses pairing handshakes,Wireless Transceiver Defect,2027-03-30,0 repairs,True,True,True,True,5AM-AU-2025-0MD3ZXF,False,Manual Review
CLM-2026-00763,USR-14198,PRD-SM-XIA-2309,Smartphone,Xiaomi Redmi Note 13 Pro+,Xiaomi,23090RA98G,86410931125078,2024-10-17,71200.0,Hafeez Center Certified Dealer Outlets,12,2024-10-18,2025-10-18,2026-01-08,Camera module Optical Image Stabilization (OIS) actuator rattle and blur,Camera Module Hardware Defect,2026-01-14,1 repair (Unauthorized Third-Party),True,True,True,True,86410931125078,False,Invalid Claim
CLM-2026-00011,USR-68800,PRD-SM-SAM-QA55,Smart TV,Samsung QLED 4K Smart TV 55-inch,Samsung,QA55Q60CA,SAM-SM-2025-BDV1MM2,2026-02-19,170400.0,Mega PK Technologies Flagship Hub,24,2026-02-19,2028-02-19,2026-11-10,LED backlight string driver open circuit resulting in total black screen with intact audio,Backlight Array Failure,2026-11-12,2 repairs (Authorized Service Center),True,True,True,True,SAM-SM-2025-BDV1MM2,False,Valid Claim
CLM-2026-00115,USR-47101,PRD-AU-SON-WH-1,Audio / Soundbar,Sony Wireless Noise Canceling Headphones,Sony,WH-1000XM5,SON-AU-2025-AW66RRR,2026-04-09,84400.0,Hafeez Center Certified Dealer Outlets,12,2026-04-09,2027-04-09,2026-11-08,ANC feedback microphone capsule dead; severe acoustic howling artifact,Microphone Hardware Failure,2026-11-10,0 repairs,True,True,True,True,SON-AU-2025-AW66RRR,False,Valid Claim
CLM-2026-01181,USR-56255,PRD-LA-HP-818M,Laptop,HP EliteBook 840 G10,HP,818M8UT,HP-LA-2025-0CEHTTV,2026-06-28,244600.0,Daraz Mall Authorized Brand Store,12,2026-06-29,2027-06-29,2026-08-19,Factory NVMe SSD controller locked in permanent read-only state (Customer notes prior minor servicing at local shop),Internal Storage Degradation,2026-08-24,"2 repairs (1 Authorized, 1 Unauthorized)",True,True,True,True,HP-LA-2025-0CEHTTV,False,Manual Review
CLM-2026-01417,USR-39646,PRD-SM-TCL-55C7,Smart TV,TCL QLED Mini-LED 55-inch,TCL,55C755,TCL-SM-2025-YG1JUD1,2026-06-05,157700.0,Mega PK Technologies Flagship Hub,12,2026-06-06,2027-06-06,2027-04-11,Motherboard HDMI receiver chip failure; all ports report No Signal (Customer notes prior minor servicing at local shop),Mainboard HDMI Interface Failure,2027-04-14,1 repair (Unauthorized Third-Party),True,True,True,True,TCL-SM-2025-YG1JUD1,False,Manual Review
CLM-2026-01455,USR-87821,PRD-SM-XIA-2309,Smartphone,Xiaomi Redmi Note 13 Pro+,Xiaomi,23090RA98G,86410930385722,2026-02-03,93500.0,Brand Flagship Experience Store,12,2026-02-04,2027-02-04,2026-07-25,USB-C fast charging handshake pin solder fatigue; fails to negotiate charge (Customer notes prior minor servicing at local shop),Charging Port Failure,2026-07-27,1 repair (Unauthorized Third-Party),True,True,True,True,86410930385722,False,Manual Review
CLM-2026-00993,USR-55782,PRD-WA-DAW-DW-9,Washing Machine,Dawlance Top-Load Energy Saver 11kg,Dawlance,DW-9060-ES,DAW-WA-2025-P5EM5VR,2025-07-14,76400.0,Al-Madina Electronics Authorized Franchise,36,2025-07-15,2028-07-14,2025-11-19,Internal drainage pump motor winding electrical open circuit with OE code,Drain Pump Defect,2025-11-20,1 repair (Authorized Service Center),True,True,True,True,DAW-WA-2025-6XFT5B5,False,Invalid Claim
CLM-2026-00741,USR-65478,PRD-SM-TCL-55C7,Smart TV,TCL QLED Mini-LED 55-inch,TCL,55C755,TCL-SM-2025-A44SZ12,2024-08-25,145700.0,Metro Cash & Carry Official Counter,24,2024-08-26,2026-08-26,2026-11-27,Internal T-CON timing controller logic failure causing display split-screen inversion,Timing Controller (T-CON) Defect,2026-11-29,1 repair (Unauthorized Third-Party),True,True,True,True,TCL-SM-2025-A44SZ12,False,Invalid Claim
CLM-2026-00408,USR-14370,PRD-LA-LEN-82XD,Laptop,Lenovo IdeaPad Slim 5,Lenovo,82XD0006US,LEN-LA-2025-UUH72KE,2026-06-24,127900.0,Hafeez Center Certified Dealer Outlets,24,2026-06-25,2028-06-24,2028-02-17,Motherboard MOSFET short circuit causing instantaneous thermal protection shutdown,Motherboard Circuit Failure,2028-02-18,0 repairs,True,True,True,True,LEN-LA-2025-UUH72KE,False,Valid Claim
CLM-2026-01105,USR-22245,PRD-SM-XIA-2309,Smartphone,Xiaomi Redmi Note 13 Pro+,Xiaomi,23090RA98G,35874245021207,2026-05-24,86800.0,Al-Madina Electronics Authorized Franchise,12,2026-05-25,2027-05-25,2026-10-15,Camera module Optical Image Stabilization (OIS) actuator rattle and blur,Camera Module Hardware Defect,2026-10-26,0 repairs,True,True,True,True,35874245021207,False,Manual Review
CLM-2026-00518,USR-13019,PRD-SM-SAM-SM-A,Smartphone,Samsung Galaxy A55 5G,Samsung,SM-A556E,86049231258518,2025-06-22,129700.0,Al-Madina Electronics Authorized Franchise,12,2025-06-23,2026-06-23,2025-08-06,Cellular baseband modem chip malfunction; persistent No Service state,Modem / Cellular Hardware Defect,2025-09-23,0 repairs,True,True,True,True,86049231258518,False,Invalid Claim
CLM-2026-00131,USR-69303,PRD-LA-HP-14-e,Laptop,HP Spectre x360 14,HP,14-ef2013dx,HP-LA-2025-DY3Y4AF,2026-04-28,317600.0,Cnergy Tech Retail Center,24,2026-04-29,2028-04-28,2027-04-30,Motherboard MOSFET short circuit causing instantaneous thermal protection shutdown,Motherboard Circuit Failure,2027-04-29,1 repair (Authorized Service Center),True,True,True,True,HP-LA-2025-DY3Y4AF,False,Valid Claim
CLM-2026-00967,USR-98241,PRD-SM-APP-A309,Smartphone,Apple iPhone 15,Apple,A3090,35874294048371,2025-12-11,242600.0,Cnergy Tech Retail Center,12,2025-12-12,2026-12-12,2026-01-19,Cellular baseband modem chip malfunction; persistent No Service state,Modem / Cellular Hardware Defect,2026-01-20,1 repair (Authorized Service Center),False,False,True,True,,False,Invalid Claim
CLM-2026-01046,USR-76757,PRD-SM-APP-A310,Smartphone,Apple iPhone 15 Pro Max,Apple,A3106,35874214644917,2026-05-06,418500.0,TechnoCity Prime Electronics,12,2026-05-07,2027-05-07,2027-05-12,Logic board PMIC power distribution failure; unit will not boot,Logic Board Failure,2027-05-13,0 repairs,True,True,True,True,35874214644917,False,Manual Review
CLM-2026-01389,USR-91612,PRD-LA-APP-A268,Laptop,Apple MacBook Air 13 M2,Apple,A2681,APP-LA-2025-UF47L2F,2025-08-24,256100.0,TechnoCity Prime Electronics,24,2025-08-25,2027-08-25,2027-06-14,Keyboard matrix row 3 (keys A-S-D-F) non-responsive under dry conditions (Customer notes prior minor servicing at local shop),Keyboard Matrix Failure,2027-06-17,3 repairs (Authorized Service Center),True,True,True,True,APP-LA-2025-UF47L2F,False,Manual Review
CLM-2026-00472,USR-35892,PRD-WA-HAI-HWM1,Washing Machine,Haier Direct Drive Top-Load 12kg Washer,Haier,HWM120-826,HAI-WA-2025-10F93BP,2026-01-18,105200.0,Muller & Phipps Authorized Retail,24,2026-01-19,2028-01-19,2026-02-07,Internal drainage pump motor winding electrical open circuit with OE code,Drain Pump Defect,2026-02-08,1 repair (Authorized Service Center),True,True,True,True,HAI-WA-2025-10F93BP,False,Valid Claim
CLM-2026-00253,USR-79339,PRD-AU-SAM-HW-Q,Audio / Soundbar,Samsung Q-Series Soundbar 3.1.2ch,Samsung,HW-Q600C,SAM-AU-2025-0XMXUFM,2026-02-08,90100.0,Airlink Communications Official Flagship,12,2026-02-09,2027-02-09,2026-08-26,ANC feedback microphone capsule dead; severe acoustic howling artifact,Microphone Hardware Failure,2026-08-27,0 repairs,True,True,True,True,SAM-AU-2025-0XMXUFM,False,Valid Claim
CLM-2026-00459,USR-58145,PRD-WA-LG-F4V5,Washing Machine,LG AI DD Front-Load Washer 9kg,LG,F4V5VYP0W,LG-WA-2025-83D9K5R,2026-06-27,181400.0,Airlink Communications Official Flagship,24,2026-06-28,2028-06-27,2028-05-03,Water inlet dual solenoid valve coil burnout; machine fails to fill water,Water Valve Failure,2028-05-07,1 repair (Authorized Service Center),True,True,True,True,LG-WA-2025-83D9K5R,False,Valid Claim
CLM-2026-00042,USR-63955,PRD-WA-HAI-HWM1,Washing Machine,Haier Inverter Front-Load 10kg Washer,Haier,HWM100-1678,HAI-WA-2025-E9ZETYF,2026-01-14,120300.0,TechnoCity Prime Electronics,36,2026-01-15,2029-01-14,2027-11-13,Main electronic drive controller PCB failed with IGBT gate driver error E2,Main Control Board Defect,2027-11-14,0 repairs,True,True,True,True,HAI-WA-2025-E9ZETYF,False,Valid Claim
CLM-2026-00854,USR-49740,PRD-SM-APP-A310,Smartphone,Apple iPhone 15 Pro Max,Apple,A3106,35912432977071,2024-12-27,347600.0,Metro Cash & Carry Official Counter,12,2024-12-28,2025-12-28,2025-04-01,Earpiece acoustic transducer failure causing distorted voice audio,Acoustic Transducer Defect,2025-05-25,1 repair (Authorized Service Center),True,True,True,True,35912432977071,False,Invalid Claim
CLM-2026-01454,USR-52502,PRD-AU-SAM-HW-Q,Audio / Soundbar,Samsung Q-Series Soundbar 3.1.2ch,Samsung,HW-Q600C,SAM-AU-2025-57BA218,2026-02-10,109300.0,Al-Madina Electronics Authorized Franchise,12,2026-02-11,2027-02-11,2027-02-08,Bluetooth RF transceiver chip desoldered; device refuses pairing handshakes,Wireless Transceiver Defect,2027-02-14,0 repairs,True,True,True,True,SAM-AU-2025-57BA218,False,Manual Review
CLM-2026-00323,USR-46325,PRD-LA-DEL-L544,Laptop,Dell Latitude 5440,Dell,L5440-CTO1,DEL-LA-2025-MRRVPRS,2026-02-28,183900.0,Airlink Communications Official Flagship,12,2026-03-01,2027-03-01,2026-07-25,Persistent dead pixel vertical line across IPS display panel,Display Panel Defect,2026-07-30,1 repair (Authorized Service Center),True,True,False,True,DEL-LA-2025-MRRVPRS,False,Valid Claim
CLM-2026-00534,USR-53743,PRD-WA-DAW-DW-F,Washing Machine,Dawlance Inverter Front-Load ProWash,Dawlance,DW-FL-9000,DAW-WA-2025-3TBGBJM,2025-03-01,129600.0,Al-Madina Electronics Authorized Franchise,12,2025-03-02,2026-03-02,2025-06-20,Drum balance suspension damper mechanical collapse under rated wash load,Mechanical Suspension Defect,2025-06-23,1 repair (Authorized Service Center),False,True,True,True,,False,Invalid Claim
CLM-2026-00532,USR-12729,PRD-LA-HP-818M,Laptop,HP EliteBook 840 G10,HP,818M8UT,HP-LA-2025-B9KR3GP,2025-05-01,218700.0,Mega PK Technologies Flagship Hub,12,2025-05-02,2026-05-02,2025-09-20,Factory NVMe SSD controller locked in permanent read-only state,Internal Storage Degradation,2025-09-24,1 repair (Unauthorized Third-Party),True,True,True,True,HP-LA-2025-7A26W40,False,Invalid Claim
CLM-2026-00477,USR-76828,PRD-LA-APP-A299,Laptop,Apple MacBook Pro 14 M3,Apple,A2992,APP-LA-2025-XEL31DA,2026-04-15,359300.0,Hafeez Center Certified Dealer Outlets,12,2026-04-15,2027-04-15,2026-10-14,Internal cooling fan bearing seizure and zero RPM tachometer error,Cooling System Defect,2026-10-18,0 repairs,True,True,True,True,APP-LA-2025-XEL31DA,False,Valid Claim
CLM-2026-00896,USR-42929,PRD-WA-LG-F4V5,Washing Machine,LG AI DD Front-Load Washer 9kg,LG,F4V5VYP0W,LG-WA-2025-EZD85T2,2025-11-16,208800.0,Metro Cash & Carry Official Counter,24,2025-11-17,2027-11-17,2025-12-13,Electronic door safety microswitch interlock latch contact failure,Safety Interlock Defect,2026-02-22,0 repairs,True,True,True,True,LG-WA-2025-EZD85T2,False,Invalid Claim
CLM-2026-01180,USR-56145,PRD-SM-SAM-QA55,Smart TV,Samsung QLED 4K Smart TV 55-inch,Samsung,QA55Q60CA,SAM-SM-2025-AWRND9G,2025-06-14,160800.0,Muller & Phipps Authorized Retail,24,2025-06-15,2027-06-15,2026-05-31,Internal switch-mode power supply (SMPS) secondary rail diode breakdown,Internal Power Supply Failure,2026-06-16,0 repairs,True,True,True,True,SAM-SM-2025-AWRND9G,False,Manual Review
CLM-2026-00829,USR-36557,PRD-AU-APP-MTJV,Audio / Soundbar,Apple AirPods Pro 2nd Gen,Apple,MTJV3,APP-AU-2025-0XN8Z6E,2025-10-25,78100.0,Cnergy Tech Retail Center,12,2025-10-26,2026-10-26,2027-02-19,Bluetooth RF transceiver chip desoldered; device refuses pairing handshakes,Wireless Transceiver Defect,2027-02-25,1 repair (Authorized Service Center),True,True,True,True,APP-AU-2025-0XN8Z6E,False,Invalid Claim
CLM-2026-01163,USR-17073,PRD-SM-SON-XR-5,Smart TV,Sony Bravia 4K OLED 55-inch,Sony,XR-55A80L,SON-SM-2025-CC2YN27,2025-12-23,319300.0,Cnergy Tech Retail Center,12,2025-12-24,2026-12-24,2026-02-25,Motherboard HDMI receiver chip failure; all ports report No Signal,Mainboard HDMI Interface Failure,2026-03-01,0 repairs,True,False,True,False,SON-SM-2025-CC2YN27,False,Manual Review
CLM-2026-01263,USR-73943,PRD-LA-LEN-21HD,Laptop,Lenovo ThinkPad T14 Gen 4,Lenovo,21HD001EUS,LEN-LA-2025-N1CBPC6,2025-12-14,204800.0,Mega PK Technologies Flagship Hub,24,2025-12-15,2027-12-15,2026-03-05,Factory NVMe SSD controller locked in permanent read-only state,Internal Storage Degradation,2026-03-08,0 repairs,True,True,True,True,LEN-LA-Z025-N1CBPC6,False,Manual Review
CLM-2026-00563,USR-99711,PRD-AU-SAM-HW-Q,Audio / Soundbar,Samsung Q-Series Soundbar 3.1.2ch,Samsung,HW-Q600C,SAM-AU-2025-S9V4L4L,2025-07-14,94200.0,Al-Madina Electronics Authorized Franchise,12,2025-07-15,2026-07-15,2027-01-23,Bluetooth RF transceiver chip desoldered; device refuses pairing handshakes,Wireless Transceiver Defect,2027-01-24,0 repairs,True,True,True,True,SAM-AU-2025-S9V4L4L,False,Invalid Claim
CLM-2026-00431,USR-20169,PRD-SM-SAM-UA65,Smart TV,Samsung Crystal UHD 4K 65-inch,Samsung,UA65CU7000,SAM-SM-2025-PEF95UL,2026-05-13,146100.0,Airlink Communications Official Flagship,12,2026-05-14,2027-05-14,2026-07-26,Motherboard HDMI receiver chip failure; all ports report No Signal,Mainboard HDMI Interface Failure,2026-07-31,0 repairs,True,True,True,True,SAM-SM-2025-PEF95UL,False,Valid Claim
CLM-2026-00818,USR-79181,PRD-SM-TCL-55C7,Smart TV,TCL QLED Mini-LED 55-inch,TCL,55C755,TCL-SM-2025-EJWLZU9,2025-11-11,146400.0,TechnoCity Prime Electronics,24,2025-11-12,2027-11-12,2028-02-22,Internal T-CON timing controller logic failure causing display split-screen inversion,Timing Controller (T-CON) Defect,2028-02-27,0 repairs,True,True,True,True,TCL-SM-2025-EJWLZU9,False,Invalid Claim
CLM-2026-00582,USR-15542,PRD-SM-TCL-55C7,Smart TV,TCL QLED Mini-LED 55-inch,TCL,55C755,TCL-SM-2025-XA7RY10,2025-11-25,131800.0,Mega PK Technologies Flagship Hub,12,2025-11-26,2026-11-26,2026-03-27,Unit power failure; replacement unit already issued under previous claim,Hardware Failure,2026-03-31,1 repair (Unauthorized Third-Party),True,True,True,True,TCL-SM-2025-XA7RY10,True,Invalid Claim
CLM-2026-00195,USR-40801,PRD-SM-SON-XR-5,Smart TV,Sony Bravia 4K OLED 55-inch,Sony,XR-55A80L,SON-SM-2025-GFG5RAA,2026-03-22,282300.0,Muller & Phipps Authorized Retail,12,2026-03-22,2027-03-22,2026-12-16,Motherboard HDMI receiver chip failure; all ports report No Signal,Mainboard HDMI Interface Failure,2026-12-18,1 repair (Authorized Service Center),True,True,True,True,SON-SM-2025-GFG5RAA,False,Valid Claim
CLM-2026-00902,USR-57399,PRD-SM-APP-A309,Smartphone,Apple iPhone 15,Apple,A3090,86410944144095,2025-06-14,309000.0,Muller & Phipps Authorized Retail,12,2025-06-15,2026-06-15,2025-11-18,Cellular baseband modem chip malfunction; persistent No Service state,Modem / Cellular Hardware Defect,2025-11-20,1 repair (Authorized Service Center),False,True,True,True,,False,Invalid Claim
CLM-2026-01372,USR-34782,PRD-WA-DAW-DW-F,Washing Machine,Dawlance Inverter Front-Load ProWash,Dawlance,DW-FL-9000,DAW-WA-2025-KASJJP1,2026-04-18,115900.0,Daraz Mall Authorized Brand Store,12,2026-04-19,2027-04-19,2026-06-06,Electronic door safety microswitch interlock latch contact failure,Safety Interlock Defect,2026-06-10,0 repairs,True,False,True,False,DAW-WA-2025-KASJJP1,False,Manual Review
CLM-2026-01342,USR-98304,PRD-SM-SON-KD-6,Smart TV,Sony Bravia LED 4K 65-inch,Sony,KD-65X77L,SON-SM-2025-N3MPZP5,2026-02-02,229800.0,Metro Cash & Carry Official Counter,24,2026-02-03,2028-02-03,2028-02-02,LED backlight string driver open circuit resulting in total black screen with intact audio,Backlight Array Failure,2028-02-07,0 repairs,True,True,True,True,SON-SM-2025-N3MPZP5,False,Manual Review
CLM-2026-00612,USR-14798,PRD-SM-XIA-2309,Smartphone,Xiaomi Redmi Note 13 Pro+,Xiaomi,23090RA98G,35912412351357,2025-05-09,73000.0,Al-Madina Electronics Authorized Franchise,12,2025-05-10,2026-05-10,2025-10-29,Camera module Optical Image Stabilization (OIS) actuator rattle and blur,Camera Module Hardware Defect,2025-10-30,1 repair (Unauthorized Third-Party),False,True,True,True,,False,Invalid Claim
CLM-2026-00879,USR-80791,PRD-LA-DEL-XPS9,Laptop,Dell XPS 15 9530,Dell,XPS9530-7456SLV,DEL-LA-2025-HR7ZZCX,2025-09-14,361200.0,Airlink Communications Official Flagship,24,2025-09-15,2027-09-15,2025-10-11,Unit power failure; replacement unit already issued under previous claim,Hardware Failure,2025-10-14,0 repairs,True,True,True,True,DEL-LA-2025-HR7ZZCX,True,Invalid Claim
CLM-2026-00519,USR-71216,PRD-LA-DEL-L544,Laptop,Dell Latitude 5440,Dell,L5440-CTO1,DEL-LA-2025-042N496,2025-03-18,171500.0,TechnoCity Prime Electronics,12,2025-03-19,2026-03-19,2026-09-01,Factory NVMe SSD controller locked in permanent read-only state,Internal Storage Degradation,2026-09-07,1 repair (Unauthorized Third-Party),True,True,True,True,DEL-LA-2025-042N496,False,Invalid Claim
CLM-2026-00849,USR-78785,PRD-LA-LEN-82XD,Laptop,Lenovo IdeaPad Slim 5,Lenovo,82XD0006US,LEN-LA-2025-6AFHLER,2025-11-27,175100.0,Brand Flagship Experience Store,12,2025-11-28,2026-11-28,2026-01-25,Keyboard matrix row 3 (keys A-S-D-F) non-responsive under dry conditions,Keyboard Matrix Failure,2026-04-16,1 repair (Authorized Service Center),True,True,True,True,LEN-LA-2025-6AFHLER,False,Invalid Claim
CLM-2026-01199,USR-92285,PRD-AU-APP-MTJV,Audio / Soundbar,Apple AirPods Pro 2nd Gen,Apple,MTJV3,APP-AU-2025-AAF1X35,2026-02-12,58100.0,Hafeez Center Certified Dealer Outlets,12,2026-02-13,2027-02-13,2027-02-14,Bluetooth RF transceiver chip desoldered; device refuses pairing handshakes,Wireless Transceiver Defect,2027-02-17,0 repairs,True,True,True,True,APP-AU-2025-AAF1X35,False,Manual Review
CLM-2026-00237,USR-84925,PRD-AU-APP-MTJV,Audio / Soundbar,Apple AirPods Pro 2nd Gen,Apple,MTJV3,APP-AU-2025-BNGRWC9,2026-05-29,84400.0,Hafeez Center Certified Dealer Outlets,12,2026-05-29,2027-05-29,2026-11-27,ANC feedback microphone capsule dead; severe acoustic howling artifact,Microphone Hardware Failure,2026-12-01,2 repairs (Authorized Service Center),True,True,True,True,APP-AU-2025-BNGRWC9,False,Valid Claim
CLM-2026-00841,USR-85504,PRD-AU-SON-WH-1,Audio / Soundbar,Sony Wireless Noise Canceling Headphones,Sony,WH-1000XM5,SON-AU-2025-8XCK6BT,2025-08-31,113400.0,Daraz Mall Authorized Brand Store,12,2025-09-01,2026-09-01,2025-10-25,ANC feedback microphone capsule dead; severe acoustic howling artifact,Microphone Hardware Failure,2025-10-31,1 repair (Unauthorized Third-Party),False,True,True,True,,False,Invalid Claim
CLM-2026-01411,USR-94136,PRD-AU-SAM-HW-Q,Audio / Soundbar,Samsung Q-Series Soundbar 3.1.2ch,Samsung,HW-Q600C,SAM-AU-2025-2446T2L,2026-02-12,121600.0,Al-Madina Electronics Authorized Franchise,12,2026-02-13,2027-02-13,2027-02-08,Bluetooth RF transceiver chip desoldered; device refuses pairing handshakes,Wireless Transceiver Defect,2027-02-17,0 repairs,True,True,True,True,SAM-AU-2025-2446T2L,False,Manual Review
CLM-2026-01128,USR-57027,PRD-SM-SAM-SM-F,Smartphone,Samsung Galaxy Z Fold 5,Samsung,SM-F946B,86049241864005,2025-09-23,438200.0,Brand Flagship Experience Store,12,2025-09-24,2026-09-24,2025-10-18,Earpiece acoustic transducer failure causing distorted voice audio (Customer notes prior minor servicing at local shop),Acoustic Transducer Defect,2025-10-20,"2 repairs (1 Authorized, 1 Unauthorized)",True,True,True,True,86049241864005,False,Manual Review
CLM-2026-00695,USR-16817,PRD-WA-SAM-WW90,Washing Machine,Samsung EcoBubble Front-Load Inverter 9kg,Samsung,WW90T554DAW,SAM-WA-2025-0WD5V69,2026-02-13,140200.0,Metro Cash & Carry Official Counter,24,2026-02-14,2028-02-14,2026-05-26,Unit power failure; replacement unit already issued under previous claim,Hardware Failure,2026-05-28,1 repair (Authorized Service Center),True,True,True,True,SAM-WA-2025-0WD5V69,True,Invalid Claim
CLM-2026-01400,USR-63073,PRD-LA-HP-14-e,Laptop,HP Spectre x360 14,HP,14-ef2013dx,HP-LA-2025-HM3VT54,2024-12-08,387800.0,Metro Cash & Carry Official Counter,24,2024-12-09,2026-12-09,2026-09-12,Factory NVMe SSD controller locked in permanent read-only state,Internal Storage Degradation,2026-09-14,0 repairs,True,False,True,False,HP-LA-2025-HM3VT54,False,Manual Review
CLM-2026-00474,USR-74103,PRD-SM-SAM-SM-A,Smartphone,Samsung Galaxy A55 5G,Samsung,SM-A556E,35912454454720,2026-05-21,77200.0,Al-Madina Electronics Authorized Franchise,12,2026-05-21,2027-05-21,2027-01-31,Logic board PMIC power distribution failure; unit will not boot,Logic Board Failure,2027-02-03,1 repair (Authorized Service Center),True,True,True,True,35912454454720,False,Valid Claim
CLM-2026-00908,USR-46562,PRD-AU-APP-MTJV,Audio / Soundbar,Apple AirPods Pro 2nd Gen,Apple,MTJV3,APP-AU-2025-DZAN30R,2024-11-26,60800.0,Cnergy Tech Retail Center,12,2024-11-27,2025-11-27,2026-02-06,Active subwoofer Class-D amplifier module silent; power LED steady green,Amplifier Circuit Failure,2026-02-07,1 repair (Authorized Service Center),True,True,True,True,APP-AU-2025-DZAN30R,False,Invalid Claim
CLM-2026-00327,USR-31135,PRD-WA-DAW-DW-9,Washing Machine,Dawlance Top-Load Energy Saver 11kg,Dawlance,DW-9060-ES,DAW-WA-2025-ZS1BF5X,2025-11-10,66400.0,Metro Cash & Carry Official Counter,24,2025-11-11,2027-11-11,2026-05-26,Drum balance suspension damper mechanical collapse under rated wash load,Mechanical Suspension Defect,2026-05-28,0 repairs,True,True,True,True,DAW-WA-2025-ZS1BF5X,False,Valid Claim
CLM-2026-00019,USR-33509,PRD-SM-APP-A310,Smartphone,Apple iPhone 15 Pro Max,Apple,A3106,86410985146296,2026-05-24,429100.0,Cnergy Tech Retail Center,12,2026-05-24,2027-05-24,2026-08-25,USB-C fast charging handshake pin solder fatigue; fails to negotiate charge,Charging Port Failure,2026-08-27,0 repairs,True,True,True,True,86410985146296,False,Valid Claim
CLM-2026-00558,USR-12470,PRD-WA-DAW-DW-F,Washing Machine,Dawlance Inverter Front-Load ProWash,Dawlance,DW-FL-9000,DAW-WA-2025-ESY0U8K,2025-12-13,143600.0,Hafeez Center Certified Dealer Outlets,36,2025-12-14,2028-12-13,2026-06-08,Internal drainage pump motor winding electrical open circuit with OE code,Drain Pump Defect,2026-06-12,0 repairs,False,False,True,True,,False,Invalid Claim
CLM-2026-00617,USR-61126,PRD-AU-SAM-HW-Q,Audio / Soundbar,Samsung Q-Series Soundbar 3.1.2ch,Samsung,HW-Q600C,SAM-AU-2025-HFJBAU5,2024-10-15,104900.0,Daraz Mall Authorized Brand Store,12,2024-10-16,2025-10-16,2025-01-12,ANC feedback microphone capsule dead; severe acoustic howling artifact,Microphone Hardware Failure,2025-03-19,0 repairs,True,True,True,True,SAM-AU-2025-HFJBAU5,False,Invalid Claim
CLM-2026-01065,USR-83181,PRD-SM-SON-KD-6,Smart TV,Sony Bravia LED 4K 65-inch,Sony,KD-65X77L,SON-SM-2025-327CPTZ,2025-11-18,0.0,Hafeez Center Certified Dealer Outlets,12,2025-11-19,2026-11-19,2026-04-15,LED backlight string driver open circuit resulting in total black screen with intact audio (Customer notes prior minor servicing at local shop) (Promotional raffle prize bundle),Backlight Array Failure,2026-04-18,"2 repairs (1 Authorized, 1 Unauthorized)",True,True,True,True,SON-SM-2025-327CPTZ,False,Manual Review
CLM-2026-01288,USR-13157,PRD-SM-TCL-55C7,Smart TV,TCL QLED Mini-LED 55-inch,TCL,55C755,TCL-SM-2025-TNRM0C1,2026-01-15,131800.0,Al-Madina Electronics Authorized Franchise,12,2026-01-16,2027-01-16,2026-07-13,Internal T-CON timing controller logic failure causing display split-screen inversion (Customer notes prior minor servicing at local shop),Timing Controller (T-CON) Defect,2026-07-15,3 repairs (Authorized Service Center),True,True,True,True,TCL-SM-2025-TNRM0C1,False,Manual Review
CLM-2026-01238,USR-29089,PRD-AU-APP-MTJV,Audio / Soundbar,Apple AirPods Pro 2nd Gen,Apple,MTJV3,APP-AU-2025-CKLREBM,2026-04-12,84400.0,Mega PK Technologies Flagship Hub,12,2026-04-13,2027-04-13,2026-10-31,Active subwoofer Class-D amplifier module silent; power LED steady green,Amplifier Circuit Failure,2026-11-04,0 repairs,True,True,True,True,APP-AU-Z025-CKLREBM,False,Manual Review
CLM-2026-01339,USR-40638,PRD-SM-SAM-SM-F,Smartphone,Samsung Galaxy Z Fold 5,Samsung,SM-F946B,86410958050954,2026-04-12,412100.0,Muller & Phipps Authorized Retail,12,2026-04-13,2027-04-13,2027-02-06,Earpiece acoustic transducer failure causing distorted voice audio,Acoustic Transducer Defect,2027-02-10,0 repairs,True,True,True,False,86410958050954,False,Manual Review
CLM-2026-00335,USR-70429,PRD-SM-SON-KD-6,Smart TV,Sony Bravia LED 4K 65-inch,Sony,KD-65X77L,SON-SM-2025-VLFN3GJ,2026-04-01,243900.0,Mega PK Technologies Flagship Hub,24,2026-04-01,2028-03-31,2027-11-27,LED backlight string driver open circuit resulting in total black screen with intact audio,Backlight Array Failure,2027-11-28,0 repairs,True,True,True,True,SON-SM-2025-VLFN3GJ,False,Valid Claim
CLM-2026-00860,USR-29895,PRD-AU-SON-HT-S,Audio / Soundbar,Sony Dolby Atmos Soundbar 5.1,Sony,HT-S40R,SON-AU-2025-XKZ2NGL,2025-10-12,95600.0,Muller & Phipps Authorized Retail,12,2025-10-13,2026-10-13,2026-11-19,Bluetooth RF transceiver chip desoldered; device refuses pairing handshakes,Wireless Transceiver Defect,2026-11-25,1 repair (Authorized Service Center),True,True,True,True,SON-AU-2025-XKZ2NGL,False,Invalid Claim
CLM-2026-01008,USR-90916,PRD-WA-DAW-DW-9,Washing Machine,Dawlance Top-Load Energy Saver 11kg,Dawlance,DW-9060-ES,DAW-WA-2025-9EMSRWK,2026-07-04,70100.0,Hafeez Center Certified Dealer Outlets,36,2026-07-05,2029-07-04,2028-01-20,Internal drainage pump motor winding electrical open circuit with OE code,Drain Pump Defect,2028-01-31,0 repairs,True,True,True,True,DAW-WA-2025-9EMSRWK,False,Manual Review
CLM-2026-01006,USR-96604,PRD-WA-DAW-DW-F,Washing Machine,Dawlance Inverter Front-Load ProWash,Dawlance,DW-FL-9000,DAW-WA-2025-LY3XNBK,2025-01-27,121100.0,TechnoCity Prime Electronics,24,2025-01-28,2027-01-28,2025-10-22,Drum balance suspension damper mechanical collapse under rated wash load,Mechanical Suspension Defect,2025-11-05,0 repairs,True,True,True,True,DAW-WA-2025-LY3XNBK,False,Manual Review
CLM-2026-00920,USR-66385,PRD-SM-XIA-2403,Smartphone,Xiaomi Xiaomi 14 Ultra,Xiaomi,24030PN60G,35912417145769,2025-08-17,256900.0,Brand Flagship Experience Store,12,2025-08-18,2026-08-18,2025-09-10,Handset dropped into swimming pool; internal SIM tray LDI triggered vivid red,Liquid / Moisture Damage,2025-09-14,0 repairs,True,True,True,True,35912417145769,False,Invalid Claim
CLM-2026-00836,USR-40120,PRD-SM-XIA-2309,Smartphone,Xiaomi Redmi Note 13 Pro+,Xiaomi,23090RA98G,86049231251622,2025-04-05,75600.0,Al-Madina Electronics Authorized Franchise,12,2025-04-06,2026-04-06,2026-10-02,Earpiece acoustic transducer failure causing distorted voice audio,Acoustic Transducer Defect,2026-10-08,0 repairs,True,True,True,True,86049231251622,False,Invalid Claim
CLM-2026-00600,USR-94125,PRD-WA-DAW-DW-9,Washing Machine,Dawlance Top-Load Energy Saver 11kg,Dawlance,DW-9060-ES,DAW-WA-2025-DU96Z8E,2024-10-24,63200.0,Al-Madina Electronics Authorized Franchise,24,2024-10-25,2026-10-25,2027-04-16,Water inlet dual solenoid valve coil burnout; machine fails to fill water,Water Valve Failure,2027-04-19,1 repair (Authorized Service Center),True,True,True,True,DAW-WA-2025-DU96Z8E,False,Invalid Claim
CLM-2026-01488,USR-19229,PRD-LA-LEN-82XD,Laptop,Lenovo IdeaPad Slim 5,Lenovo,82XD0006US,LEN-LA-2025-C112YUN,2026-06-15,111800.0,Brand Flagship Experience Store,12,2026-06-16,2027-06-16,2027-02-03,Factory NVMe SSD controller locked in permanent read-only state,Internal Storage Degradation,2027-02-05,0 repairs,True,False,True,False,LEN-LA-2025-C112YUN,False,Manual Review
CLM-2026-00525,USR-32307,PRD-SM-APP-A288,Smartphone,Apple iPhone 14,Apple,A2882,86049211395332,2025-04-13,186200.0,Muller & Phipps Authorized Retail,12,2025-04-14,2026-04-14,2026-11-10,Spontaneous vertical green line on AMOLED panel post official OTA update,Display Panel Defect,2026-11-14,1 repair (Unauthorized Third-Party),True,True,True,True,86049211395332,False,Invalid Claim
CLM-2026-00635,USR-66033,PRD-SM-SON-KD-6,Smart TV,Sony Bravia LED 4K 65-inch,Sony,KD-65X77L,SON-SM-2025-BTZS0P6,2025-06-20,186100.0,Hafeez Center Certified Dealer Outlets,24,2025-06-21,2027-06-21,2025-08-27,Internal switch-mode power supply (SMPS) secondary rail diode breakdown,Internal Power Supply Failure,2025-10-14,1 repair (Authorized Service Center),True,True,True,True,SON-SM-2025-BTZS0P6,False,Invalid Claim
CLM-2026-00280,USR-18678,PRD-SM-SON-KD-6,Smart TV,Sony Bravia LED 4K 65-inch,Sony,KD-65X77L,SON-SM-2025-FTX1HJN,2025-10-31,278100.0,Mega PK Technologies Flagship Hub,24,2025-10-31,2027-10-31,2026-06-11,Internal switch-mode power supply (SMPS) secondary rail diode breakdown,Internal Power Supply Failure,2026-06-16,0 repairs,True,True,True,True,SON-SM-2025-FTX1HJN,False,Valid Claim
CLM-2026-01308,USR-28643,PRD-WA-HAI-HWM8,Washing Machine,Haier Twin Tub Semi-Automatic Washer,Haier,HWM80-50,HAI-WA-2025-3672WKS,2025-12-10,35700.0,Metro Cash & Carry Official Counter,36,2025-12-11,2028-12-10,2028-12-09,Internal drainage pump motor winding electrical open circuit with OE code,Drain Pump Defect,2028-12-11,0 repairs,True,True,True,True,HAI-WA-2025-3672WKS,False,Manual Review
CLM-2026-01410,USR-18953,PRD-SM-TCL-55C7,Smart TV,TCL QLED Mini-LED 55-inch,TCL,55C755,TCL-SM-2025-UJ5UGZB,2025-11-27,170300.0,Mega PK Technologies Flagship Hub,24,2025-11-28,2027-11-28,2027-08-10,Motherboard HDMI receiver chip failure; all ports report No Signal,Mainboard HDMI Interface Failure,2027-08-14,0 repairs,True,True,True,True,TCL-5M-2025-UJ5UGZB,False,Manual Review
CLM-2026-00630,USR-41973,PRD-LA-DEL-XPS9,Laptop,Dell XPS 15 9530,Dell,XPS9530-7456SLV,DEL-LA-2025-5Z89RRX,2024-09-20,404100.0,Brand Flagship Experience Store,24,2024-09-21,2026-09-21,2024-10-21,Laptop crushed inside backpack; cracked matrix glass and bent aluminum chassis,Physical Impact / Accidental Drop,2024-10-23,1 repair (Authorized Service Center),True,True,True,True,DEL-LA-2025-5Z89RRX,False,Invalid Claim
CLM-2026-00733,USR-40441,PRD-LA-LEN-21HD,Laptop,Lenovo ThinkPad T14 Gen 4,Lenovo,21HD001EUS,LEN-LA-2025-MEZC82T,2024-07-21,214300.0,Metro Cash & Carry Official Counter,12,2024-07-22,2025-07-22,2024-09-04,Tea spill across keyboard assembly; red liquid contact indicators observed on motherboard,Liquid / Moisture Damage,2024-09-09,1 repair (Authorized Service Center),True,True,True,True,LEN-LA-2025-MEZC82T,False,Invalid Claim
CLM-2026-00266,USR-95520,PRD-SM-TCL-55C7,Smart TV,TCL QLED Mini-LED 55-inch,TCL,55C755,TCL-SM-2025-HNVNDJE,2026-03-05,116600.0,Mega PK Technologies Flagship Hub,24,2026-03-06,2028-03-05,2027-06-18,LED backlight string driver open circuit resulting in total black screen with intact audio,Backlight Array Failure,2027-06-23,0 repairs,True,True,True,True,TCL-SM-2025-HNVNDJE,False,Valid Claim
CLM-2026-00566,USR-95093,PRD-WA-DAW-DW-F,Washing Machine,Dawlance Inverter Front-Load ProWash,Dawlance,DW-FL-9000,DAW-WA-2025-TGSGKB7,2026-02-04,88700.0,Muller & Phipps Authorized Retail,12,2026-02-05,2027-02-05,2026-04-04,Unit power failure; replacement unit already issued under previous claim,Hardware Failure,2026-04-08,1 repair (Unauthorized Third-Party),True,True,True,True,DAW-WA-2025-TGSGKB7,True,Invalid Claim
CLM-2026-01049,USR-37294,PRD-SM-SAM-SM-F,Smartphone,Samsung Galaxy Z Fold 5,Samsung,SM-F946B,86410950948607,2026-04-26,475400.0,Mega PK Technologies Flagship Hub,12,2026-04-27,2027-04-27,2027-03-23,USB-C fast charging handshake pin solder fatigue; fails to negotiate charge,Charging Port Failure,2027-03-25,0 repairs,True,True,True,True,B6410950948607,False,Manual Review
CLM-2026-01493,USR-81057,PRD-SM-SAM-QA55,Smart TV,Samsung QLED 4K Smart TV 55-inch,Samsung,QA55Q60CA,SAM-SM-2025-F8UJU56,2025-12-27,179200.0,Hafeez Center Certified Dealer Outlets,12,2025-12-28,2026-12-28,2026-12-30,Internal switch-mode power supply (SMPS) secondary rail diode breakdown,Internal Power Supply Failure,2027-01-03,0 repairs,True,True,True,True,SAM-SM-2025-F8UJU56,False,Manual Review
CLM-2026-01168,USR-42946,PRD-SM-SAM-QA55,Smart TV,Samsung QLED 4K Smart TV 55-inch,Samsung,QA55Q60CA,SAM-SM-2025-F7X5PVM,2026-03-10,188400.0,Airlink Communications Official Flagship,24,2026-03-11,2028-03-10,2026-09-28,LED backlight string driver open circuit resulting in total black screen with intact audio,Backlight Array Failure,2026-09-30,0 repairs,True,False,True,True,sam-sm-2025-f7x5pvm,False,Manual Review
CLM-2026-01224,USR-48801,PRD-LA-APP-A268,Laptop,Apple MacBook Air 13 M2,Apple,A2681,APP-LA-2025-A7MDAR8,2026-07-14,275600.0,Brand Flagship Experience Store,12,2026-07-15,2027-07-15,2026-09-19,Internal cooling fan bearing seizure and zero RPM tachometer error,Cooling System Defect,2026-09-30,0 repairs,True,True,True,True,APP-LA-2025-A7MDAR8,False,Manual Review
CLM-2026-01271,USR-29080,PRD-SM-SON-KD-6,Smart TV,Sony Bravia LED 4K 65-inch,Sony,KD-65X77L,SON-SM-2025-L9EX4JC,2025-10-14,250400.0,Daraz Mall Authorized Brand Store,24,2025-10-15,2027-10-15,2026-02-23,Internal T-CON timing controller logic failure causing display split-screen inversion,Timing Controller (T-CON) Defect,2026-02-26,0 repairs,True,True,True,True,5ON-SM-2025-L9EX4JC,False,Manual Review
CLM-2026-00129,USR-24335,PRD-LA-HP-14-e,Laptop,HP Spectre x360 14,HP,14-ef2013dx,HP-LA-2025-PT2ZFDG,2026-01-09,285400.0,Metro Cash & Carry Official Counter,12,2026-01-09,2027-01-09,2026-07-22,Keyboard matrix row 3 (keys A-S-D-F) non-responsive under dry conditions,Keyboard Matrix Failure,2026-07-27,0 repairs,True,True,True,True,HP-LA-2025-PT2ZFDG,False,Valid Claim
CLM-2026-00680,USR-68868,PRD-AU-APP-MTJV,Audio / Soundbar,Apple AirPods Pro 2nd Gen,Apple,MTJV3,APP-AU-2025-NPWAYMX,2026-02-27,81500.0,Mega PK Technologies Flagship Hub,12,2026-02-28,2027-02-28,2026-06-29,ANC feedback microphone capsule dead; severe acoustic howling artifact,Microphone Hardware Failure,2026-06-30,1 repair (Authorized Service Center),True,True,True,True,APP-AU-2025-UCU6S80,False,Invalid Claim
CLM-2026-00785,USR-56291,PRD-WA-DAW-DW-9,Washing Machine,Dawlance Top-Load Energy Saver 11kg,Dawlance,DW-9060-ES,DAW-WA-2025-M4CZCH9,2025-08-15,63300.0,Metro Cash & Carry Official Counter,36,2025-08-16,2028-08-15,2025-09-23,Internal drainage pump motor winding electrical open circuit with OE code,Drain Pump Defect,2025-12-03,1 repair (Unauthorized Third-Party),True,True,True,True,DAW-WA-2025-M4CZCH9,False,Invalid Claim
CLM-2026-01209,USR-24423,PRD-WA-LG-F4V5,Washing Machine,LG AI DD Front-Load Washer 9kg,LG,F4V5VYP0W,LG-WA-2025-L6SBFVW,2026-02-20,149700.0,Al-Madina Electronics Authorized Franchise,12,2026-02-21,2027-02-21,2026-09-16,Main electronic drive controller PCB failed with IGBT gate driver error E2,Main Control Board Defect,2026-09-18,0 repairs,True,True,True,True,LG-WA-Z025-L6SBFVW,False,Manual Review
CLM-2026-00718,USR-16557,PRD-LA-HP-14-e,Laptop,HP Spectre x360 14,HP,14-ef2013dx,HP-LA-2025-0UV6YCA,2025-09-21,321600.0,Airlink Communications Official Flagship,24,2025-09-22,2027-09-22,2025-10-12,Keyboard matrix row 3 (keys A-S-D-F) non-responsive under dry conditions,Keyboard Matrix Failure,2025-10-13,1 repair (Authorized Service Center),True,True,True,True,HP-LA-2025-FKTNX23,False,Invalid Claim
CLM-2026-00963,USR-93196,PRD-SM-TCL-50P6,Smart TV,TCL 4K HDR Smart TV 50-inch,TCL,50P635,TCL-SM-2025-SFAR46Z,2025-10-04,86400.0,Muller & Phipps Authorized Retail,24,2025-10-05,2027-10-05,2025-11-30,Direct impact cracked display panel; internal LCD matrix ruptured with black spidering,Physical Impact / Accidental Drop,2025-12-05,0 repairs,True,True,True,True,TCL-SM-2025-SFAR46Z,False,Invalid Claim
CLM-2026-00217,USR-59369,PRD-LA-LEN-82WK,Laptop,Lenovo Legion Pro 5i,Lenovo,82WK0046US,LEN-LA-2025-CXW1M3Y,2026-03-24,293100.0,Hafeez Center Certified Dealer Outlets,24,2026-03-25,2028-03-24,2027-11-17,Keyboard matrix row 3 (keys A-S-D-F) non-responsive under dry conditions,Keyboard Matrix Failure,2027-11-22,0 repairs,True,True,True,True,LEN-LA-2025-CXW1M3Y,False,Valid Claim
CLM-2026-00230,USR-42539,PRD-LA-HP-818M,Laptop,HP EliteBook 840 G10,HP,818M8UT,HP-LA-2025-F8CT7PT,2026-01-12,273400.0,Daraz Mall Authorized Brand Store,12,2026-01-13,2027-01-13,2026-10-14,Motherboard MOSFET short circuit causing instantaneous thermal protection shutdown,Motherboard Circuit Failure,2026-10-19,0 repairs,True,True,False,True,HP-LA-2025-F8CT7PT,False,Valid Claim
CLM-2026-01228,USR-98111,PRD-SM-XIA-2403,Smartphone,Xiaomi Xiaomi 14 Ultra,Xiaomi,24030PN60G,35912449209249,2026-06-12,206300.0,Airlink Communications Official Flagship,12,2026-06-13,2027-06-13,2027-01-23,Cellular baseband modem chip malfunction; persistent No Service state,Modem / Cellular Hardware Defect,2027-01-28,0 repairs,True,True,True,True,3S912449209249,False,Manual Review
CLM-2026-00413,USR-73012,PRD-SM-TCL-50P6,Smart TV,TCL 4K HDR Smart TV 50-inch,TCL,50P635,TCL-SM-2025-LD5ET17,2026-08-10,99100.0,Cnergy Tech Retail Center,24,2026-08-10,2028-08-09,2027-04-12,LED backlight string driver open circuit resulting in total black screen with intact audio,Backlight Array Failure,2027-04-16,0 repairs,True,True,True,True,TCL-SM-2025-LD5ET17,False,Valid Claim
CLM-2026-00850,USR-37413,PRD-AU-APP-MTJV,Audio / Soundbar,Apple AirPods Pro 2nd Gen,Apple,MTJV3,APP-AU-2025-DWTP9DR,2025-02-27,59300.0,Muller & Phipps Authorized Retail,12,2025-02-28,2026-02-28,2025-04-26,Headband hinge snapped in half from severe outward hyperextension,Physical Impact / Accidental Drop,2025-04-29,1 repair (Unauthorized Third-Party),True,True,True,True,APP-AU-2025-DWTP9DR,False,Invalid Claim
CLM-2026-00796,USR-30630,PRD-SM-SON-XR-5,Smart TV,Sony Bravia 4K OLED 55-inch,Sony,XR-55A80L,SON-SM-2025-2DEP5PP,2024-09-12,432900.0,Brand Flagship Experience Store,12,2024-09-13,2025-09-13,2024-12-16,Motherboard HDMI receiver chip failure; all ports report No Signal,Mainboard HDMI Interface Failure,2025-03-13,1 repair (Unauthorized Third-Party),True,True,True,True,SON-SM-2025-2DEP5PP,False,Invalid Claim
CLM-2026-01242,USR-82645,PRD-LA-DEL-XPS9,Laptop,Dell XPS 15 9530,Dell,XPS9530-7456SLV,DEL-LA-2025-09A56ZK,2026-06-25,380100.0,Daraz Mall Authorized Brand Store,24,2026-06-26,2028-06-25,2027-04-16,Motherboard MOSFET short circuit causing instantaneous thermal protection shutdown (Customer notes prior minor servicing at local shop),Motherboard Circuit Failure,2027-04-18,1 repair (Unauthorized Third-Party),True,True,True,True,DEL-LA-2025-09A56ZK,False,Manual Review
CLM-2026-01355,USR-32600,PRD-WA-DAW-DW-9,Washing Machine,Dawlance Top-Load Energy Saver 11kg,Dawlance,DW-9060-ES,DAW-WA-2025-H5AE914,2025-11-23,60700.0,Hafeez Center Certified Dealer Outlets,36,2025-11-24,2028-11-23,2027-10-02,Electronic door safety microswitch interlock latch contact failure,Safety Interlock Defect,2027-10-07,0 repairs,True,False,True,False,DAW-WA-2025-H5AE914,False,Manual Review
CLM-2026-01021,USR-25608,PRD-AU-APP-MTJV,Audio / Soundbar,Apple AirPods Pro 2nd Gen,Apple,MTJV3,APP-AU-2025-8E87C7S,2025-12-15,65900.0,Cnergy Tech Retail Center,12,2025-12-16,2026-12-16,2026-05-31,ANC feedback microphone capsule dead; severe acoustic howling artifact (Customer notes prior minor servicing at local shop),Microphone Hardware Failure,2026-06-02,"2 repairs (1 Authorized, 1 Unauthorized)",True,True,True,True,APP-AU-2025-8E87C7S,False,Manual Review
CLM-2026-01326,USR-22903,PRD-SM-SAM-SM-F,Smartphone,Samsung Galaxy Z Fold 5,Samsung,SM-F946B,35912483001393,2026-01-18,388300.0,Metro Cash & Carry Official Counter,12,2026-01-19,2027-01-19,2026-10-14,Camera module Optical Image Stabilization (OIS) actuator rattle and blur,Camera Module Hardware Defect,2026-10-17,0 repairs,True,False,True,False,35912483001393,False,Manual Review
CLM-2026-00213,USR-72908,PRD-AU-APP-MTJV,Audio / Soundbar,Apple AirPods Pro 2nd Gen,Apple,MTJV3,APP-AU-2025-JCAE087,2025-12-31,75800.0,TechnoCity Prime Electronics,12,2026-01-01,2027-01-01,2026-07-14,ANC feedback microphone capsule dead; severe acoustic howling artifact,Microphone Hardware Failure,2026-07-16,0 repairs,True,True,True,True,APP-AU-2025-JCAE087,False,Valid Claim
CLM-2026-00098,USR-83516,PRD-AU-SAM-HW-Q,Audio / Soundbar,Samsung Q-Series Soundbar 3.1.2ch,Samsung,HW-Q600C,SAM-AU-2025-1Y30A4N,2026-01-13,115200.0,Cnergy Tech Retail Center,12,2026-01-14,2027-01-14,2026-02-24,ANC feedback microphone capsule dead; severe acoustic howling artifact,Microphone Hardware Failure,2026-02-26,0 repairs,True,True,True,True,SAM-AU-2025-1Y30A4N,False,Valid Claim
CLM-2026-00817,USR-66333,PRD-SM-APP-A310,Smartphone,Apple iPhone 15 Pro Max,Apple,A3106,86410938568701,2025-07-29,429600.0,Al-Madina Electronics Authorized Franchise,12,2025-07-30,2026-07-30,2025-11-09,Handset dropped into swimming pool; internal SIM tray LDI triggered vivid red,Liquid / Moisture Damage,2025-11-12,1 repair (Authorized Service Center),True,True,True,True,86410938568701,False,Invalid Claim
CLM-2026-01220,USR-91933,PRD-SM-SAM-UA65,Smart TV,Samsung Crystal UHD 4K 65-inch,Samsung,UA65CU7000,SAM-SM-2025-T5KE651,2025-07-27,194800.0,Metro Cash & Carry Official Counter,24,2025-07-28,2027-07-28,2026-11-02,LED backlight string driver open circuit resulting in total black screen with intact audio,Backlight Array Failure,2026-11-18,0 repairs,True,True,True,True,SAM-SM-2025-T5KE651,False,Manual Review
CLM-2026-00764,USR-14823,PRD-LA-APP-A268,Laptop,Apple MacBook Air 13 M2,Apple,A2681,APP-LA-2025-9PDT7ZA,2025-08-06,222300.0,Muller & Phipps Authorized Retail,24,2025-08-07,2027-08-07,2025-10-04,Device fell into water container; now will not boot or respond to charger,Hardware Glitch / Unspecified Defect,2025-10-10,0 repairs,False,False,True,True,,False,Invalid Claim
CLM-2026-01171,USR-83205,PRD-SM-APP-A288,Smartphone,Apple iPhone 14,Apple,A2882,35912463929904,2026-07-13,0.0,Cnergy Tech Retail Center,12,2026-07-14,2027-07-14,2026-07-30,USB-C fast charging handshake pin solder fatigue; fails to negotiate charge (Promotional raffle prize bundle),Charging Port Failure,2026-08-02,0 repairs,True,True,True,True,3S912463929904,False,Manual Review
CLM-2026-00066,USR-19447,PRD-AU-SON-HT-S,Audio / Soundbar,Sony Dolby Atmos Soundbar 5.1,Sony,HT-S40R,SON-AU-2025-SS93GE4,2025-11-12,75200.0,Hafeez Center Certified Dealer Outlets,12,2025-11-12,2026-11-12,2026-08-05,ANC feedback microphone capsule dead; severe acoustic howling artifact,Microphone Hardware Failure,2026-08-10,0 repairs,True,True,True,True,SON-AU-2025-SS93GE4,False,Valid Claim
CLM-2026-00383,USR-36920,PRD-SM-APP-A309,Smartphone,Apple iPhone 15,Apple,A3090,86049291949659,2026-06-20,306600.0,Cnergy Tech Retail Center,12,2026-06-20,2027-06-20,2027-03-16,Spontaneous vertical green line on AMOLED panel post official OTA update,Display Panel Defect,2027-03-17,0 repairs,True,True,True,True,86049291949659,False,Valid Claim
CLM-2026-00564,USR-20155,PRD-AU-SAM-HW-Q,Audio / Soundbar,Samsung Q-Series Soundbar 3.1.2ch,Samsung,HW-Q600C,SAM-AU-2025-2P88NVB,2026-01-23,100400.0,Al-Madina Electronics Authorized Franchise,12,2026-01-24,2027-01-24,2026-03-15,Bluetooth RF transceiver chip desoldered; device refuses pairing handshakes,Wireless Transceiver Defect,2026-06-12,1 repair (Unauthorized Third-Party),True,True,True,True,SAM-AU-2025-2P88NVB,False,Invalid Claim
CLM-2026-00044,USR-24871,PRD-LA-HP-15-e,Laptop,HP Pavilion 15,HP,15-eg3023nr,HP-LA-2025-EP4ZL75,2025-11-02,103500.0,TechnoCity Prime Electronics,24,2025-11-02,2027-11-02,2027-05-31,Motherboard MOSFET short circuit causing instantaneous thermal protection shutdown,Motherboard Circuit Failure,2027-06-04,0 repairs,True,True,True,True,HP-LA-2025-EP4ZL75,False,Valid Claim
CLM-2026-00614,USR-84828,PRD-SM-APP-A288,Smartphone,Apple iPhone 14,Apple,A2882,86410995461934,2025-01-23,238800.0,Daraz Mall Authorized Brand Store,12,2025-01-24,2026-01-24,2025-06-03,Spontaneous vertical green line on AMOLED panel post official OTA update,Display Panel Defect,2025-06-04,0 repairs,True,True,True,True,35874244474891,False,Invalid Claim
CLM-2026-01362,USR-14390,PRD-LA-LEN-82XD,Laptop,Lenovo IdeaPad Slim 5,Lenovo,82XD0006US,LEN-LA-2025-2KB92RS,2026-05-28,141600.0,Hafeez Center Certified Dealer Outlets,24,2026-05-29,2028-05-28,2028-05-27,Keyboard matrix row 3 (keys A-S-D-F) non-responsive under dry conditions,Keyboard Matrix Failure,2028-05-31,0 repairs,True,True,True,True,LEN-LA-2025-2KB92RS,False,Manual Review
CLM-2026-00781,USR-34265,PRD-SM-APP-A309,Smartphone,Apple iPhone 15,Apple,A3090,86410931314709,2025-06-29,256500.0,Brand Flagship Experience Store,12,2025-06-30,2026-06-30,2025-10-13,Unit power failure; replacement unit already issued under previous claim,Hardware Failure,2025-10-15,0 repairs,True,True,True,True,86410931314709,True,Invalid Claim
CLM-2026-01386,USR-76916,PRD-SM-XIA-2309,Smartphone,Xiaomi Redmi Note 13 Pro+,Xiaomi,23090RA98G,86410939670532,2025-11-17,86300.0,Al-Madina Electronics Authorized Franchise,12,2025-11-18,2026-11-18,2026-09-13,Logic board PMIC power distribution failure; unit will not boot,Logic Board Failure,2026-09-17,0 repairs,True,True,True,True,B6410939670532,False,Manual Review
CLM-2026-01385,USR-41374,PRD-WA-SAM-WW90,Washing Machine,Samsung EcoBubble Front-Load Inverter 9kg,Samsung,WW90T554DAW,SAM-WA-2025-JAKR8TR,2025-12-01,157600.0,Brand Flagship Experience Store,36,2025-12-02,2028-12-01,2028-06-06,Water inlet dual solenoid valve coil burnout; machine fails to fill water (Customer notes prior minor servicing at local shop),Water Valve Failure,2028-06-09,3 repairs (Authorized Service Center),True,True,True,True,SAM-WA-2025-JAKR8TR,False,Manual Review
CLM-2026-01116,USR-43492,PRD-LA-HP-15-e,Laptop,HP Pavilion 15,HP,15-eg3023nr,HP-LA-2025-97AS2G7,2025-12-20,106900.0,TechnoCity Prime Electronics,12,2025-12-21,2026-12-21,2026-04-15,Factory NVMe SSD controller locked in permanent read-only state (Customer notes prior minor servicing at local shop),Internal Storage Degradation,2026-04-20,3 repairs (Authorized Service Center),True,True,True,True,HP-LA-2025-97AS2G7,False,Manual Review
CLM-2026-00953,USR-33801,PRD-LA-APP-A299,Laptop,Apple MacBook Pro 14 M3,Apple,A2992,APP-LA-2025-JDU5V7E,2025-10-21,368200.0,Hafeez Center Certified Dealer Outlets,24,2025-10-22,2027-10-22,2026-04-10,Factory NVMe SSD controller locked in permanent read-only state,Internal Storage Degradation,2026-04-11,0 repairs,False,False,True,True,,False,Invalid Claim
CLM-2026-01486,USR-61530,PRD-AU-APP-MTJV,Audio / Soundbar,Apple AirPods Pro 2nd Gen,Apple,MTJV3,APP-AU-2025-UF4W440,2025-10-15,69300.0,Daraz Mall Authorized Brand Store,12,2025-10-16,2026-10-16,2026-02-04,ANC feedback microphone capsule dead; severe acoustic howling artifact,Microphone Hardware Failure,2026-02-17,0 repairs,True,True,True,True,APP-AU-2025-UF4W440,False,Manual Review
CLM-2026-00966,USR-51134,PRD-WA-DAW-DW-F,Washing Machine,Dawlance Inverter Front-Load ProWash,Dawlance,DW-FL-9000,DAW-WA-2025-7CD1SM7,2024-11-10,138000.0,Daraz Mall Authorized Brand Store,12,2024-11-11,2025-11-11,2025-01-16,Inverter Direct Drive motor stator hall-effect sensor electrical open circuit,Inverter Motor Failure,2025-04-20,1 repair (Unauthorized Third-Party),True,True,True,True,DAW-WA-2025-7CD1SM7,False,Invalid Claim
CLM-2026-00143,USR-55032,PRD-WA-DAW-DW-F,Washing Machine,Dawlance Inverter Front-Load ProWash,Dawlance,DW-FL-9000,DAW-WA-2025-PRE3372,2025-10-12,107000.0,Muller & Phipps Authorized Retail,24,2025-10-12,2027-10-12,2027-04-06,Inverter Direct Drive motor stator hall-effect sensor electrical open circuit,Inverter Motor Failure,2027-04-10,0 repairs,True,True,True,True,DAW-WA-2025-PRE3372,False,Valid Claim
CLM-2026-01360,USR-99671,PRD-SM-SON-KD-6,Smart TV,Sony Bravia LED 4K 65-inch,Sony,KD-65X77L,SON-SM-2025-EA1LXXK,2025-10-29,207000.0,Daraz Mall Authorized Brand Store,24,2025-10-30,2027-10-30,2026-12-02,Motherboard HDMI receiver chip failure; all ports report No Signal,Mainboard HDMI Interface Failure,2026-12-06,0 repairs,True,True,True,True,5ON-SM-2025-EA1LXXK,False,Manual Review
CLM-2026-01266,USR-67289,PRD-LA-APP-A268,Laptop,Apple MacBook Air 13 M2,Apple,A2681,APP-LA-2025-K7A0ES8,2026-05-18,254000.0,Cnergy Tech Retail Center,12,2026-05-19,2027-05-19,2026-08-09,Motherboard MOSFET short circuit causing instantaneous thermal protection shutdown (Customer notes prior minor servicing at local shop),Motherboard Circuit Failure,2026-08-11,"2 repairs (1 Authorized, 1 Unauthorized)",True,True,True,True,APP-LA-2025-K7A0ES8,False,Manual Review
CLM-2026-00973,USR-52086,PRD-LA-APP-A299,Laptop,Apple MacBook Pro 14 M3,Apple,A2992,APP-LA-2025-ZJLYE3L,2025-03-08,316800.0,,24,2025-03-09,2027-03-09,2025-06-09,Dedicated GPU VRAM solder fatigue resulting in visual polygon artifacting,GPU Hardware Malfunction,2025-09-10,0 repairs,True,True,True,True,APP-LA-2025-ZJLYE3L,False,Invalid Claim
CLM-2026-00395,USR-84743,PRD-SM-SAM-SM-F,Smartphone,Samsung Galaxy Z Fold 5,Samsung,SM-F946B,86049296424698,2026-06-29,324200.0,Al-Madina Electronics Authorized Franchise,12,2026-06-29,2027-06-29,2027-05-21,Cellular baseband modem chip malfunction; persistent No Service state,Modem / Cellular Hardware Defect,2027-05-26,0 repairs,True,True,True,True,86049296424698,False,Valid Claim
CLM-2026-01019,USR-90935,PRD-AU-SON-HT-S,Audio / Soundbar,Sony Dolby Atmos Soundbar 5.1,Sony,HT-S40R,SON-AU-2025-463VXS7,2025-12-02,102100.0,Cnergy Tech Retail Center,12,2025-12-03,2026-12-03,2026-12-08,Active subwoofer Class-D amplifier module silent; power LED steady green,Amplifier Circuit Failure,2026-12-10,0 repairs,True,True,True,True,SON-AU-2025-463VXS7,False,Manual Review
CLM-2026-00411,USR-29321,PRD-AU-SON-HT-S,Audio / Soundbar,Sony Dolby Atmos Soundbar 5.1,Sony,HT-S40R,SON-AU-2025-BFL6414,2025-12-31,96900.0,TechnoCity Prime Electronics,12,2026-01-01,2027-01-01,2026-06-19,ANC feedback microphone capsule dead; severe acoustic howling artifact,Microphone Hardware Failure,2026-06-24,0 repairs,True,True,True,True,SON-AU-2025-BFL6414,False,Valid Claim
CLM-2026-00616,USR-38974,PRD-SM-APP-A288,Smartphone,Apple iPhone 14,Apple,A2882,35912490407085,2025-07-26,187800.0,Muller & Phipps Authorized Retail,12,2025-07-27,2026-07-27,2026-08-25,Camera module Optical Image Stabilization (OIS) actuator rattle and blur,Camera Module Hardware Defect,2026-08-31,0 repairs,True,True,True,True,35912490407085,False,Invalid Claim
CLM-2026-00072,USR-50662,PRD-SM-SAM-UA65,Smart TV,Samsung Crystal UHD 4K 65-inch,Samsung,UA65CU7000,SAM-SM-2025-TM23N9P,2026-05-27,201100.0,Hafeez Center Certified Dealer Outlets,12,2026-05-28,2027-05-28,2026-07-18,LED backlight string driver open circuit resulting in total black screen with intact audio,Backlight Array Failure,2026-07-23,0 repairs,True,True,True,True,SAM-SM-2025-TM23N9P,False,Valid Claim
CLM-2026-01149,USR-97697,PRD-WA-SAM-WA13,Washing Machine,Samsung Wobble Technology Top-Load 13kg,Samsung,WA13CG5441BY,SAM-WA-2025-1TJB0BR,2025-09-02,88000.0,Cnergy Tech Retail Center,24,2025-09-03,2027-09-03,2026-06-11,Internal drainage pump motor winding electrical open circuit with OE code,Drain Pump Defect,2026-06-15,0 repairs,True,False,True,False,SAM-WA-2025-1TJB0BR,False,Manual Review
CLM-2026-01014,USR-31233,PRD-SM-SAM-QA55,Smart TV,Samsung QLED 4K Smart TV 55-inch,Samsung,QA55Q60CA,SAM-SM-2025-UZMW9E1,2026-07-18,221400.0,Hafeez Center Certified Dealer Outlets,12,2026-07-19,2027-07-19,2027-05-01,Internal T-CON timing controller logic failure causing display split-screen inversion,Timing Controller (T-CON) Defect,2027-05-06,0 repairs,True,True,True,True,5AM-SM-2025-UZMW9E1,False,Manual Review
CLM-2026-01329,USR-46477,PRD-SM-SAM-UA65,Smart TV,Samsung Crystal UHD 4K 65-inch,Samsung,UA65CU7000,SAM-SM-2025-CCZCGF0,2025-01-09,142400.0,Al-Madina Electronics Authorized Franchise,24,2025-01-10,2027-01-10,2025-01-28,LED backlight string driver open circuit resulting in total black screen with intact audio,Backlight Array Failure,2025-01-30,0 repairs,True,True,True,True,5AM-SM-2025-CCZCGF0,False,Manual Review
CLM-2026-01234,USR-92837,PRD-LA-LEN-82WK,Laptop,Lenovo Legion Pro 5i,Lenovo,82WK0046US,LEN-LA-2025-ZAFV5XJ,2026-03-01,369100.0,Daraz Mall Authorized Brand Store,12,2026-03-02,2027-03-02,2026-05-17,Motherboard MOSFET short circuit causing instantaneous thermal protection shutdown,Motherboard Circuit Failure,2026-05-20,0 repairs,True,False,True,False,LEN-LA-2025-ZAFV5XJ,False,Manual Review
CLM-2026-01197,USR-23311,PRD-SM-APP-A309,Smartphone,Apple iPhone 15,Apple,A3090,35874235636785,2025-12-11,249500.0,Mega PK Technologies Flagship Hub,12,2025-12-12,2026-12-12,2026-09-02,Logic board PMIC power distribution failure; unit will not boot (Customer notes prior minor servicing at local shop),Logic Board Failure,2026-09-07,1 repair (Unauthorized Third-Party),True,True,True,True,35874235636785,False,Manual Review
CLM-2026-01351,USR-68978,PRD-AU-SON-HT-S,Audio / Soundbar,Sony Dolby Atmos Soundbar 5.1,Sony,HT-S40R,SON-AU-2025-9JY799R,2026-01-15,66900.0,Brand Flagship Experience Store,12,2026-01-16,2027-01-16,2026-09-10,ANC feedback microphone capsule dead; severe acoustic howling artifact,Microphone Hardware Failure,2026-09-15,0 repairs,True,True,True,True,5ON-AU-2025-9JY799R,False,Manual Review
CLM-2026-00882,USR-81669,PRD-SM-TCL-55C7,Smart TV,TCL QLED Mini-LED 55-inch,TCL,55C755,TCL-SM-2025-NTJ7PBS,2024-07-23,123300.0,Metro Cash & Carry Official Counter,24,2024-07-24,2026-07-24,2025-01-16,Motherboard HDMI receiver chip failure; all ports report No Signal,Mainboard HDMI Interface Failure,2025-01-20,1 repair (Unauthorized Third-Party),True,True,True,True,TCL-SM-2025-ND91KDM,False,Invalid Claim
CLM-2026-00762,USR-48198,PRD-WA-SAM-WW90,Washing Machine,Samsung EcoBubble Front-Load Inverter 9kg,Samsung,WW90T554DAW,SAM-WA-2025-A1KZLU6,2025-02-02,113400.0,Brand Flagship Experience Store,24,2025-02-03,2027-02-03,2025-03-17,Coin and hairpin stuck in drain pump propeller fracturing the impeller housing,Foreign Object Physical Obstruction,2025-03-20,1 repair (Authorized Service Center),True,True,True,True,SAM-WA-2025-A1KZLU6,False,Invalid Claim
CLM-2026-01177,USR-17577,PRD-WA-LG-T211,Washing Machine,LG Smart Inverter Top-Load 11kg,LG,T2111VSSV,LG-WA-2025-5DFGGUS,2026-03-05,80300.0,Cnergy Tech Retail Center,36,2026-03-06,2029-03-05,2027-05-14,Main electronic drive controller PCB failed with IGBT gate driver error E2,Main Control Board Defect,2027-05-30,0 repairs,True,True,True,True,LG-WA-2025-5DFGGUS,False,Manual Review
CLM-2026-01500,USR-37438,PRD-WA-SAM-WW90,Washing Machine,Samsung EcoBubble Front-Load Inverter 9kg,Samsung,WW90T554DAW,SAM-WA-2025-42E09H8,2025-05-06,125600.0,Hafeez Center Certified Dealer Outlets,24,2025-05-07,2027-05-07,2025-11-02,Drum balance suspension damper mechanical collapse under rated wash load,Mechanical Suspension Defect,2025-11-07,0 repairs,True,False,True,False,SAM-WA-2025-42E09H8,False,Manual Review
CLM-2026-00847,USR-49916,PRD-WA-DAW-DW-F,Washing Machine,Dawlance Inverter Front-Load ProWash,Dawlance,DW-FL-9000,DAW-WA-2025-GZW9LRD,2025-04-19,113000.0,Brand Flagship Experience Store,24,2025-04-20,2027-04-20,2025-06-24,Main electronic drive controller PCB failed with IGBT gate driver error E2,Main Control Board Defect,2025-06-29,1 repair (Unauthorized Third-Party),False,False,True,True,,False,Invalid Claim
CLM-2026-00727,USR-37321,PRD-LA-LEN-21HD,Laptop,Lenovo ThinkPad T14 Gen 4,Lenovo,21HD001EUS,LEN-LA-2025-96UN2E3,2025-01-21,193500.0,Daraz Mall Authorized Brand Store,12,2025-01-22,2026-01-22,2025-05-09,Factory NVMe SSD controller locked in permanent read-only state,Internal Storage Degradation,2025-05-13,0 repairs,False,False,True,True,,False,Invalid Claim
CLM-2026-01350,USR-70018,PRD-WA-SAM-WA13,Washing Machine,Samsung Wobble Technology Top-Load 13kg,Samsung,WA13CG5441BY,SAM-WA-2025-8EWVDAA,2025-11-29,121900.0,Muller & Phipps Authorized Retail,12,2025-11-30,2026-11-30,2026-06-01,Internal drainage pump motor winding electrical open circuit with OE code,Drain Pump Defect,2026-06-03,0 repairs,True,True,True,False,SAM-WA-2025-8EWVDAA,False,Manual Review
CLM-2026-00339,USR-20188,PRD-SM-SAM-SM-S,Smartphone,Samsung Galaxy S24 Ultra,Samsung,SM-S928B,35874251262332,2026-04-26,334200.0,Airlink Communications Official Flagship,12,2026-04-26,2027-04-26,2026-06-15,Earpiece acoustic transducer failure causing distorted voice audio,Acoustic Transducer Defect,2026-06-19,0 repairs,True,True,True,True,35874251262332,False,Valid Claim
CLM-2026-00393,USR-54279,PRD-LA-APP-A299,Laptop,Apple MacBook Pro 14 M3,Apple,A2992,APP-LA-2025-W7UG4BV,2026-01-10,478600.0,Hafeez Center Certified Dealer Outlets,24,2026-01-11,2028-01-11,2027-08-30,Keyboard matrix row 3 (keys A-S-D-F) non-responsive under dry conditions,Keyboard Matrix Failure,2027-09-02,1 repair (Authorized Service Center),True,True,True,True,APP-LA-2025-W7UG4BV,False,Valid Claim
CLM-2026-01079,USR-19528,PRD-SM-SAM-SM-F,Smartphone,Samsung Galaxy Z Fold 5,Samsung,SM-F946B,35874222004795,2026-05-29,464400.0,Airlink Communications Official Flagship,12,2026-05-30,2027-05-30,2026-11-13,USB-C fast charging handshake pin solder fatigue; fails to negotiate charge,Charging Port Failure,2026-11-16,0 repairs,True,False,True,False,35874222004795,False,Manual Review
CLM-2026-00106,USR-72676,PRD-WA-DAW-DW-F,Washing Machine,Dawlance Inverter Front-Load ProWash,Dawlance,DW-FL-9000,DAW-WA-2025-ADGWPA3,2026-03-13,124100.0,Mega PK Technologies Flagship Hub,24,2026-03-14,2028-03-13,2027-12-13,Main electronic drive controller PCB failed with IGBT gate driver error E2,Main Control Board Defect,2027-12-15,0 repairs,True,True,True,True,DAW-WA-2025-ADGWPA3,False,Valid Claim
CLM-2026-00423,USR-50051,PRD-SM-APP-A310,Smartphone,Apple iPhone 15 Pro Max,Apple,A3106,35874268878747,2025-10-30,388600.0,Airlink Communications Official Flagship,12,2025-10-30,2026-10-30,2026-05-19,Cellular baseband modem chip malfunction; persistent No Service state,Modem / Cellular Hardware Defect,2026-05-21,0 repairs,True,True,True,True,35874268878747,False,Valid Claim
CLM-2026-00137,USR-23423,PRD-WA-DAW-DW-9,Washing Machine,Dawlance Top-Load Energy Saver 11kg,Dawlance,DW-9060-ES,DAW-WA-2025-JSGGJ8H,2026-02-05,64200.0,Metro Cash & Carry Official Counter,24,2026-02-05,2028-02-05,2027-05-12,Main electronic drive controller PCB failed with IGBT gate driver error E2,Main Control Board Defect,2027-05-17,1 repair (Authorized Service Center),True,True,True,True,DAW-WA-2025-JSGGJ8H,False,Valid Claim
CLM-2026-00371,USR-25807,PRD-WA-SAM-WW90,Washing Machine,Samsung EcoBubble Front-Load Inverter 9kg,Samsung,WW90T554DAW,SAM-WA-2025-YCD5YV2,2026-04-27,173200.0,Daraz Mall Authorized Brand Store,36,2026-04-27,2029-04-26,2028-07-10,Water inlet dual solenoid valve coil burnout; machine fails to fill water,Water Valve Failure,2028-07-14,0 repairs,True,True,True,True,SAM-WA-2025-YCD5YV2,False,Valid Claim
CLM-2026-01094,USR-39136,PRD-WA-DAW-DW-F,Washing Machine,Dawlance Inverter Front-Load ProWash,Dawlance,DW-FL-9000,DAW-WA-2025-6XC73T5,2025-04-29,0.0,Brand Flagship Experience Store,24,2025-04-30,2027-04-30,2026-01-17,Internal drainage pump motor winding electrical open circuit with OE code (Customer notes prior minor servicing at local shop) (Promotional raffle prize bundle),Drain Pump Defect,2026-01-19,3 repairs (Authorized Service Center),True,True,True,True,DAW-WA-2025-6XC73T5,False,Manual Review
CLM-2026-01162,USR-68839,PRD-LA-HP-14-e,Laptop,HP Spectre x360 14,HP,14-ef2013dx,HP-LA-2025-1PC7T3D,2025-09-13,267300.0,Mega PK Technologies Flagship Hub,24,2025-09-14,2027-09-14,2027-09-15,Keyboard matrix row 3 (keys A-S-D-F) non-responsive under dry conditions,Keyboard Matrix Failure,2027-09-18,0 repairs,True,True,True,True,HP-LA-2025-1PC7T3D,False,Manual Review
CLM-2026-01104,USR-49257,PRD-SM-SAM-SM-A,Smartphone,Samsung Galaxy A55 5G,Samsung,SM-A556E,86410911333195,2026-03-11,113000.0,Metro Cash & Carry Official Counter,12,2026-03-12,2027-03-12,2026-06-06,Spontaneous vertical green line on AMOLED panel post official OTA update,Display Panel Defect,2026-06-08,0 repairs,True,False,True,True,86410911333195,False,Manual Review
CLM-2026-00029,USR-37742,PRD-SM-TCL-55C7,Smart TV,TCL QLED Mini-LED 55-inch,TCL,55C755,TCL-SM-2025-ZHWKM2E,2025-12-18,173000.0,TechnoCity Prime Electronics,12,2025-12-18,2026-12-18,2026-01-22,Motherboard HDMI receiver chip failure; all ports report No Signal,Mainboard HDMI Interface Failure,2026-01-25,0 repairs,True,True,True,True,TCL-SM-2025-ZHWKM2E,False,Valid Claim
CLM-2026-00141,USR-52318,PRD-SM-XIA-2403,Smartphone,Xiaomi Xiaomi 14 Ultra,Xiaomi,24030PN60G,86410918500108,2026-01-20,255800.0,Daraz Mall Authorized Brand Store,12,2026-01-20,2027-01-20,2026-09-06,USB-C fast charging handshake pin solder fatigue; fails to negotiate charge,Charging Port Failure,2026-09-08,0 repairs,True,True,True,True,86410918500108,False,Valid Claim
CLM-2026-00986,USR-96758,PRD-LA-HP-15-e,Laptop,HP Pavilion 15,HP,15-eg3023nr,HP-LA-2025-1HFYTTT,2025-12-06,154700.0,Mega PK Technologies Flagship Hub,12,2025-12-07,2026-12-07,2027-07-03,Dedicated GPU VRAM solder fatigue resulting in visual polygon artifacting,GPU Hardware Malfunction,2027-07-05,1 repair (Authorized Service Center),True,True,True,True,HP-LA-2025-1HFYTTT,False,Invalid Claim
CLM-2026-00668,USR-99392,PRD-LA-APP-A268,Laptop,Apple MacBook Air 13 M2,Apple,A2681,APP-LA-2025-FEK2Z0E,2026-01-10,241700.0,Cnergy Tech Retail Center,12,2026-01-11,2027-01-11,2026-04-02,Motherboard MOSFET short circuit causing instantaneous thermal protection shutdown,Motherboard Circuit Failure,2026-06-04,1 repair (Authorized Service Center),True,True,True,True,APP-LA-2025-FEK2Z0E,False,Invalid Claim
CLM-2026-01457,USR-27580,PRD-SM-SON-KD-6,Smart TV,Sony Bravia LED 4K 65-inch,Sony,KD-65X77L,SON-SM-2025-BYWCT5G,2025-10-16,256100.0,Muller & Phipps Authorized Retail,24,2025-10-17,2027-10-17,2027-10-18,Motherboard HDMI receiver chip failure; all ports report No Signal,Mainboard HDMI Interface Failure,2027-10-22,0 repairs,True,True,True,True,SON-SM-2025-BYWCT5G,False,Manual Review
CLM-2026-00329,USR-15253,PRD-LA-LEN-82WK,Laptop,Lenovo Legion Pro 5i,Lenovo,82WK0046US,LEN-LA-2025-M9WYRZN,2025-10-26,347400.0,Mega PK Technologies Flagship Hub,24,2025-10-27,2027-10-27,2026-10-18,Persistent dead pixel vertical line across IPS display panel,Display Panel Defect,2026-10-19,1 repair (Authorized Service Center),True,True,True,True,LEN-LA-2025-M9WYRZN,False,Valid Claim
CLM-2026-00833,USR-13003,PRD-LA-LEN-82WK,Laptop,Lenovo Legion Pro 5i,Lenovo,82WK0046US,LEN-LA-2025-5JRGRL7,2025-07-15,290900.0,TechnoCity Prime Electronics,24,2025-07-16,2027-07-16,2025-12-29,Persistent dead pixel vertical line across IPS display panel,Display Panel Defect,2026-01-02,1 repair (Unauthorized Third-Party),True,True,True,True,LEN-LA-2025-83HHZDB,False,Invalid Claim
CLM-2026-00061,USR-58843,PRD-SM-APP-A309,Smartphone,Apple iPhone 15,Apple,A3090,86410930486847,2026-07-08,248100.0,Mega PK Technologies Flagship Hub,12,2026-07-08,2027-07-08,2026-08-30,USB-C fast charging handshake pin solder fatigue; fails to negotiate charge,Charging Port Failure,2026-08-31,0 repairs,True,True,True,True,86410930486847,False,Valid Claim
CLM-2026-00780,USR-10525,PRD-AU-APP-MTJV,Audio / Soundbar,Apple AirPods Pro 2nd Gen,Apple,MTJV3,APP-AU-2025-3DXAV3A,2026-01-15,82200.0,Muller & Phipps Authorized Retail,12,2026-01-16,2027-01-16,2026-02-13,ANC feedback microphone capsule dead; severe acoustic howling artifact,Microphone Hardware Failure,2026-04-11,0 repairs,True,True,True,True,APP-AU-2025-3DXAV3A,False,Invalid Claim
CLM-2026-00985,USR-73915,PRD-SM-SAM-QA55,Smart TV,Samsung QLED 4K Smart TV 55-inch,Samsung,QA55Q60CA,SAM-SM-2025-NEFX0V4,2025-03-19,240700.0,Mega PK Technologies Flagship Hub,12,2025-03-20,2026-03-20,2025-06-07,Internal switch-mode power supply (SMPS) secondary rail diode breakdown,Internal Power Supply Failure,2025-06-13,1 repair (Authorized Service Center),True,True,True,True,SAM-SM-2025-8R5M62W,False,Invalid Claim
CLM-2026-00517,USR-96463,PRD-SM-APP-A310,Smartphone,Apple iPhone 15 Pro Max,Apple,A3106,35874266358976,2024-12-03,397800.0,Brand Flagship Experience Store,12,2024-12-04,2025-12-04,2025-03-10,Spontaneous vertical green line on AMOLED panel post official OTA update,Display Panel Defect,2025-03-11,0 repairs,False,True,True,True,,False,Invalid Claim
CLM-2026-01307,USR-93365,PRD-SM-SON-KD-6,Smart TV,Sony Bravia LED 4K 65-inch,Sony,KD-65X77L,SON-SM-2025-NY0J0DB,2026-04-06,209700.0,Airlink Communications Official Flagship,24,2026-04-07,2028-04-06,2026-05-31,Internal switch-mode power supply (SMPS) secondary rail diode breakdown (Customer notes prior minor servicing at local shop),Internal Power Supply Failure,2026-06-03,3 repairs (Authorized Service Center),True,True,True,True,SON-SM-2025-NY0J0DB,False,Manual Review
CLM-2026-01095,USR-30980,PRD-WA-SAM-WW90,Washing Machine,Samsung EcoBubble Front-Load Inverter 9kg,Samsung,WW90T554DAW,SAM-WA-2025-LLZAP7K,2025-04-10,123300.0,Brand Flagship Experience Store,24,2025-04-11,2027-04-11,2027-04-06,Drum balance suspension damper mechanical collapse under rated wash load,Mechanical Suspension Defect,2027-04-12,0 repairs,True,True,True,True,SAM-WA-2025-LLZAP7K,False,Manual Review
CLM-2026-01126,USR-76711,PRD-AU-SAM-HW-Q,Audio / Soundbar,Samsung Q-Series Soundbar 3.1.2ch,Samsung,HW-Q600C,SAM-AU-2025-NED6USD,2025-10-05,100000.0,Brand Flagship Experience Store,12,2025-10-06,2026-10-06,2026-10-01,ANC feedback microphone capsule dead; severe acoustic howling artifact,Microphone Hardware Failure,2026-10-08,0 repairs,True,True,True,True,sam-au-2025-ned6usd,False,Manual Review
CLM-2026-00274,USR-88656,PRD-LA-DEL-XPS9,Laptop,Dell XPS 15 9530,Dell,XPS9530-7456SLV,DEL-LA-2025-0GGTLG7,2025-12-11,392100.0,Airlink Communications Official Flagship,24,2025-12-12,2027-12-12,2027-02-14,Motherboard MOSFET short circuit causing instantaneous thermal protection shutdown,Motherboard Circuit Failure,2027-02-18,2 repairs (Authorized Service Center),True,True,True,True,DEL-LA-2025-0GGTLG7,False,Valid Claim
CLM-2026-00964,USR-37664,PRD-WA-SAM-WW90,Washing Machine,Samsung EcoBubble Front-Load Inverter 9kg,Samsung,WW90T554DAW,SAM-WA-2025-VJPMNV5,2025-01-19,139400.0,Cnergy Tech Retail Center,36,2025-01-20,2028-01-20,2025-03-27,Water inlet dual solenoid valve coil burnout; machine fails to fill water,Water Valve Failure,2025-04-01,0 repairs,False,False,True,True,,False,Invalid Claim
CLM-2026-01164,USR-71281,PRD-AU-SON-WH-1,Audio / Soundbar,Sony Wireless Noise Canceling Headphones,Sony,WH-1000XM5,SON-AU-2025-96KAJ1C,2026-01-21,80800.0,Brand Flagship Experience Store,12,2026-01-22,2027-01-22,2026-03-27,Bluetooth RF transceiver chip desoldered; device refuses pairing handshakes (Customer notes prior minor servicing at local shop),Wireless Transceiver Defect,2026-03-31,3 repairs (Authorized Service Center),True,True,True,True,son-au-2025-96kaj1c,False,Manual Review
CLM-2026-00883,USR-81122,PRD-AU-SAM-HW-Q,Audio / Soundbar,Samsung Q-Series Soundbar 3.1.2ch,Samsung,HW-Q600C,SAM-AU-2025-5E5BC5X,2025-07-04,84600.0,Al-Madina Electronics Authorized Franchise,12,2025-07-05,2026-07-05,2025-11-06,Unit power failure; replacement unit already issued under previous claim,Hardware Failure,2025-11-09,1 repair (Unauthorized Third-Party),True,True,True,True,SAM-AU-2025-5E5BC5X,True,Invalid Claim
CLM-2026-01256,USR-68916,PRD-AU-APP-MTJV,Audio / Soundbar,Apple AirPods Pro 2nd Gen,Apple,MTJV3,APP-AU-2025-4UCP9GG,2026-01-27,67900.0,Brand Flagship Experience Store,12,2026-01-28,2027-01-28,2026-07-20,ANC feedback microphone capsule dead; severe acoustic howling artifact (Customer notes prior minor servicing at local shop),Microphone Hardware Failure,2026-07-22,3 repairs (Authorized Service Center),True,True,True,True,APP-AU-2025-4UCP9GG,False,Manual Review
CLM-2026-00573,USR-39312,PRD-SM-XIA-2403,Smartphone,Xiaomi Xiaomi 14 Ultra,Xiaomi,24030PN60G,86410923350175,2025-09-21,228700.0,Mega PK Technologies Flagship Hub,12,2025-09-22,2026-09-22,2025-12-21,USB-C fast charging handshake pin solder fatigue; fails to negotiate charge,Charging Port Failure,2025-12-25,0 repairs,False,False,True,True,,False,Invalid Claim
CLM-2026-01160,USR-51814,PRD-LA-APP-A299,Laptop,Apple MacBook Pro 14 M3,Apple,A2992,APP-LA-2025-1VFXYXM,2025-10-21,318900.0,Daraz Mall Authorized Brand Store,24,2025-10-22,2027-10-22,2027-07-03,Persistent dead pixel vertical line across IPS display panel (Customer notes prior minor servicing at local shop),Display Panel Defect,2027-07-06,1 repair (Unauthorized Third-Party),True,True,True,True,APP-LA-2025-1VFXYXM,False,Manual Review
CLM-2026-01390,USR-39362,PRD-SM-SAM-QA55,Smart TV,Samsung QLED 4K Smart TV 55-inch,Samsung,QA55Q60CA,SAM-SM-2025-P9HNZ5E,2026-05-28,266400.0,Daraz Mall Authorized Brand Store,12,2026-05-29,2027-05-29,2027-01-16,Motherboard HDMI receiver chip failure; all ports report No Signal,Mainboard HDMI Interface Failure,2027-01-20,0 repairs,True,True,True,False,SAM-SM-2025-P9HNZ5E,False,Manual Review
CLM-2026-01097,USR-84061,PRD-AU-APP-MTJV,Audio / Soundbar,Apple AirPods Pro 2nd Gen,Apple,MTJV3,APP-AU-2025-GJ90RZR,2026-05-02,55700.0,Mega PK Technologies Flagship Hub,12,2026-05-03,2027-05-03,2027-02-21,Bluetooth RF transceiver chip desoldered; device refuses pairing handshakes,Wireless Transceiver Defect,2027-02-23,0 repairs,True,False,True,True,APP-AU-2025-GJ90RZR,False,Manual Review
CLM-2026-00254,USR-97194,PRD-WA-HAI-HWM1,Washing Machine,Haier Inverter Front-Load 10kg Washer,Haier,HWM100-1678,HAI-WA-2025-37C6MJY,2025-10-30,157000.0,Hafeez Center Certified Dealer Outlets,12,2025-10-31,2026-10-31,2026-01-03,Water inlet dual solenoid valve coil burnout; machine fails to fill water,Water Valve Failure,2026-01-08,1 repair (Authorized Service Center),True,True,True,True,HAI-WA-2025-37C6MJY,False,Valid Claim
CLM-2026-00208,USR-53478,PRD-SM-SAM-SM-F,Smartphone,Samsung Galaxy Z Fold 5,Samsung,SM-F946B,35912423948823,2025-11-09,427000.0,Airlink Communications Official Flagship,12,2025-11-10,2026-11-10,2025-12-26,Logic board PMIC power distribution failure; unit will not boot,Logic Board Failure,2025-12-25,1 repair (Authorized Service Center),True,True,True,True,35912423948823,False,Valid Claim
CLM-2026-00997,USR-82911,PRD-SM-XIA-2309,Smartphone,Xiaomi Redmi Note 13 Pro+,Xiaomi,23090RA98G,35912481911907,2025-05-08,89200.0,,12,2025-05-09,2026-05-09,2025-10-11,Camera module Optical Image Stabilization (OIS) actuator rattle and blur,Camera Module Hardware Defect,2025-10-14,0 repairs,True,True,True,True,86049288228681,False,Invalid Claim
CLM-2026-00402,USR-74091,PRD-SM-SAM-QA55,Smart TV,Samsung QLED 4K Smart TV 55-inch,Samsung,QA55Q60CA,SAM-SM-2025-BFK0NM0,2025-12-11,232900.0,Hafeez Center Certified Dealer Outlets,24,2025-12-11,2027-12-11,2025-12-30,Motherboard HDMI receiver chip failure; all ports report No Signal,Mainboard HDMI Interface Failure,2026-01-01,2 repairs (Authorized Service Center),True,True,True,True,SAM-SM-2025-BFK0NM0,False,Valid Claim
CLM-2026-01462,USR-23531,PRD-WA-LG-F4V5,Washing Machine,LG AI DD Front-Load Washer 9kg,LG,F4V5VYP0W,LG-WA-2025-6D0HPP0,2025-12-12,181900.0,Daraz Mall Authorized Brand Store,24,2025-12-13,2027-12-13,2027-02-10,Inverter Direct Drive motor stator hall-effect sensor electrical open circuit,Inverter Motor Failure,2027-02-24,0 repairs,True,True,True,True,LG-WA-2025-6D0HPP0,False,Manual Review
CLM-2026-00640,USR-19579,PRD-AU-SAM-HW-Q,Audio / Soundbar,Samsung Q-Series Soundbar 3.1.2ch,Samsung,HW-Q600C,SAM-AU-2025-LRJZSHT,2024-07-30,85500.0,Hafeez Center Certified Dealer Outlets,12,2024-07-31,2025-07-31,2026-01-28,Bluetooth RF transceiver chip desoldered; device refuses pairing handshakes,Wireless Transceiver Defect,2026-02-03,1 repair (Authorized Service Center),True,True,True,True,SAM-AU-2025-LRJZSHT,False,Invalid Claim
CLM-2026-00446,USR-24312,PRD-SM-APP-A288,Smartphone,Apple iPhone 14,Apple,A2882,35874217916432,2026-05-05,228900.0,Mega PK Technologies Flagship Hub,12,2026-05-06,2027-05-06,2026-12-11,Earpiece acoustic transducer failure causing distorted voice audio,Acoustic Transducer Defect,2026-12-10,2 repairs (Authorized Service Center),True,True,True,True,35874217916432,False,Valid Claim
CLM-2026-01367,USR-21565,PRD-AU-APP-MTJV,Audio / Soundbar,Apple AirPods Pro 2nd Gen,Apple,MTJV3,APP-AU-2025-VAUNLDX,2026-03-20,69900.0,Al-Madina Electronics Authorized Franchise,12,2026-03-21,2027-03-21,2026-10-03,Bluetooth RF transceiver chip desoldered; device refuses pairing handshakes,Wireless Transceiver Defect,2026-10-05,0 repairs,True,True,False,True,APP-AU-2025-VAUNLDX,False,Manual Review
CLM-2026-01270,USR-75374,PRD-AU-SAM-HW-Q,Audio / Soundbar,Samsung Q-Series Soundbar 3.1.2ch,Samsung,HW-Q600C,SAM-AU-2025-SV6Z7VN,2026-07-16,77000.0,Muller & Phipps Authorized Retail,12,2026-07-17,2027-07-17,2026-10-25,ANC feedback microphone capsule dead; severe acoustic howling artifact,Microphone Hardware Failure,2026-10-30,0 repairs,True,True,True,True,5AM-AU-2025-SV6Z7VN,False,Manual Review
CLM-2026-00261,USR-91681,PRD-AU-SON-HT-S,Audio / Soundbar,Sony Dolby Atmos Soundbar 5.1,Sony,HT-S40R,SON-AU-2025-AX2NDBA,2026-07-30,68600.0,Mega PK Technologies Flagship Hub,12,2026-07-31,2027-07-31,2026-11-04,ANC feedback microphone capsule dead; severe acoustic howling artifact,Microphone Hardware Failure,2026-11-07,1 repair (Authorized Service Center),True,True,True,True,SON-AU-2025-AX2NDBA,False,Valid Claim
CLM-2026-00101,USR-23133,PRD-SM-TCL-50P6,Smart TV,TCL 4K HDR Smart TV 50-inch,TCL,50P635,TCL-SM-2025-6HXN4LK,2026-04-09,94900.0,Hafeez Center Certified Dealer Outlets,12,2026-04-09,2027-04-09,2027-01-15,LED backlight string driver open circuit resulting in total black screen with intact audio,Backlight Array Failure,2027-01-17,0 repairs,True,True,True,True,TCL-SM-2025-6HXN4LK,False,Valid Claim
CLM-2026-00033,USR-69087,PRD-WA-LG-F4V5,Washing Machine,LG AI DD Front-Load Washer 9kg,LG,F4V5VYP0W,LG-WA-2025-HMLXSFU,2025-10-12,164200.0,Metro Cash & Carry Official Counter,36,2025-10-13,2028-10-12,2027-08-14,Inverter Direct Drive motor stator hall-effect sensor electrical open circuit,Inverter Motor Failure,2027-08-16,0 repairs,True,True,True,True,LG-WA-2025-HMLXSFU,False,Valid Claim
CLM-2026-00958,USR-39715,PRD-WA-HAI-HWM1,Washing Machine,Haier Inverter Front-Load 10kg Washer,Haier,HWM100-1678,HAI-WA-2025-FNR26FU,2025-11-07,86900.0,Brand Flagship Experience Store,12,2025-11-08,2026-11-08,2025-11-29,Excessive limescale encrustation and tub corrosion from brackish 2200 PPM groundwater,High-TDS Groundwater Corrosion,2025-12-04,1 repair (Authorized Service Center),True,True,True,True,HAI-WA-2025-FNR26FU,False,Invalid Claim
CLM-2026-00856,USR-38080,PRD-SM-TCL-55C7,Smart TV,TCL QLED Mini-LED 55-inch,TCL,55C755,TCL-SM-2025-KUK0JE5,2025-06-30,123500.0,TechnoCity Prime Electronics,24,2025-07-01,2027-07-01,2025-12-02,Internal T-CON timing controller logic failure causing display split-screen inversion,Timing Controller (T-CON) Defect,2025-12-06,1 repair (Unauthorized Third-Party),False,False,True,True,,False,Invalid Claim
CLM-2026-01460,USR-21612,PRD-LA-DEL-L544,Laptop,Dell Latitude 5440,Dell,L5440-CTO1,DEL-LA-2025-H69ZC3X,2025-11-02,243100.0,Al-Madina Electronics Authorized Franchise,12,2025-11-03,2026-11-03,2026-06-14,Motherboard MOSFET short circuit causing instantaneous thermal protection shutdown,Motherboard Circuit Failure,2026-06-28,0 repairs,True,True,True,True,DEL-LA-2025-H69ZC3X,False,Manual Review
CLM-2026-01154,USR-82554,PRD-SM-XIA-2403,Smartphone,Xiaomi Xiaomi 14 Ultra,Xiaomi,24030PN60G,35874220584511,2026-05-14,238700.0,Cnergy Tech Retail Center,12,2026-05-15,2027-05-15,2027-05-12,USB-C fast charging handshake pin solder fatigue; fails to negotiate charge,Charging Port Failure,2027-05-18,0 repairs,True,True,True,True,35874220584511,False,Manual Review
CLM-2026-01237,USR-65826,PRD-WA-SAM-WA13,Washing Machine,Samsung Wobble Technology Top-Load 13kg,Samsung,WA13CG5441BY,SAM-WA-2025-5MRW0L9,2025-04-06,86700.0,Hafeez Center Certified Dealer Outlets,24,2025-04-07,2027-04-07,2026-10-29,Electronic door safety microswitch interlock latch contact failure,Safety Interlock Defect,2026-11-02,0 repairs,True,True,True,False,SAM-WA-2025-5MRW0L9,False,Manual Review
CLM-2026-00425,USR-34470,PRD-SM-SON-KD-6,Smart TV,Sony Bravia LED 4K 65-inch,Sony,KD-65X77L, SON-SM-2025-63JEW33 ,2025-11-01,187000.0,Metro Cash & Carry Official Counter,24,2025-11-01,2027-11-01,2025-12-13,Motherboard HDMI receiver chip failure; all ports report No Signal,Mainboard HDMI Interface Failure,2025-12-18,0 repairs,True,True,True,True,SON-SM-2025-63JEW33,False,Valid Claim
CLM-2026-00838,USR-46031,PRD-SM-XIA-2309,Smartphone,Xiaomi Redmi Note 13 Pro+,Xiaomi,23090RA98G,35874283010276,2025-02-03,69100.0,Hafeez Center Certified Dealer Outlets,12,2025-02-04,2026-02-04,2025-03-02,USB-C fast charging handshake pin solder fatigue; fails to negotiate charge,Charging Port Failure,2025-03-07,1 repair (Authorized Service Center),True,True,True,True,35874282379602,False,Invalid Claim
CLM-2026-00445,USR-73762,PRD-SM-TCL-50P6,Smart TV,TCL 4K HDR Smart TV 50-inch,TCL,50P635,TCL-SM-2025-T02NHMR,2026-05-16,65300.0,Mega PK Technologies Flagship Hub,12,2026-05-16,2027-05-16,2026-12-03,LED backlight string driver open circuit resulting in total black screen with intact audio,Backlight Array Failure,2026-12-05,0 repairs,True,True,True,True,TCL-SM-2025-T02NHMR,False,Valid Claim
CLM-2026-00773,USR-33458,PRD-LA-HP-14-e,Laptop,HP Spectre x360 14,HP,14-ef2013dx,HP-LA-2025-AHJ2ZVV,2025-07-07,357100.0,Muller & Phipps Authorized Retail,24,2025-07-08,2027-07-08,2028-02-17,Factory NVMe SSD controller locked in permanent read-only state,Internal Storage Degradation,2028-02-24,0 repairs,True,True,True,True,HP-LA-2025-AHJ2ZVV,False,Invalid Claim
CLM-2026-01068,USR-21387,PRD-AU-SAM-HW-Q,Audio / Soundbar,Samsung Q-Series Soundbar 3.1.2ch,Samsung,HW-Q600C,SAM-AU-2025-7VTAADR,2025-10-20,123500.0,Cnergy Tech Retail Center,12,2025-10-21,2026-10-21,2025-12-31,Bluetooth RF transceiver chip desoldered; device refuses pairing handshakes,Wireless Transceiver Defect,2026-01-03,0 repairs,True,True,True,True,5AM-AU-2025-7VTAADR,False,Manual Review
CLM-2026-00824,USR-98081,PRD-SM-XIA-2309,Smartphone,Xiaomi Redmi Note 13 Pro+,Xiaomi,23090RA98G,35912494604521,2026-02-22,90800.0,Mega PK Technologies Flagship Hub,12,2026-02-23,2027-02-23,2026-07-11,Handset dropped into swimming pool; internal SIM tray LDI triggered vivid red,Liquid / Moisture Damage,2026-07-15,1 repair (Unauthorized Third-Party),True,True,True,True,35912494604521,False,Invalid Claim
CLM-2026-00399,USR-84481,PRD-SM-SON-KD-6,Smart TV,Sony Bravia LED 4K 65-inch,Sony,KD-65X77L,SON-SM-2025-J20LX0J,2025-10-15,186700.0,Hafeez Center Certified Dealer Outlets,24,2025-10-15,2027-10-15,2026-07-04,LED backlight string driver open circuit resulting in total black screen with intact audio,Backlight Array Failure,2026-07-09,0 repairs,True,True,True,True,SON-SM-2025-J20LX0J,False,Valid Claim
CLM-2026-00160,USR-73527,PRD-LA-HP-818M,Laptop,HP EliteBook 840 G10,HP,818M8UT,HP-LA-2025-2946WHL,2025-11-06,242400.0,Cnergy Tech Retail Center,24,2025-11-06,2027-11-06,2026-12-12,Internal cooling fan bearing seizure and zero RPM tachometer error,Cooling System Defect,2026-12-15,2 repairs (Authorized Service Center),True,True,True,True,HP-LA-2025-2946WHL,False,Valid Claim
CLM-2026-00921,USR-71384,PRD-SM-SAM-SM-A,Smartphone,Samsung Galaxy A55 5G,Samsung,SM-A556E,86410985400085,2025-05-13,89100.0,Hafeez Center Certified Dealer Outlets,12,2025-05-14,2026-05-14,2025-06-21,Cellular baseband modem chip malfunction; persistent No Service state,Modem / Cellular Hardware Defect,2025-10-16,0 repairs,True,True,True,True,86410985400085,False,Invalid Claim
CLM-2026-00959,USR-56014,PRD-SM-SAM-SM-A,Smartphone,Samsung Galaxy A55 5G,Samsung,SM-A556E,35912432075910,2025-11-05,104100.0,Mega PK Technologies Flagship Hub,12,2025-11-06,2026-11-06,2026-02-25,Device bootloader unlocked and custom kernel flashed; Knox counter tripped 0x1,Unauthorized Modification / Rooting,2026-03-02,0 repairs,True,True,True,True,35912432075910,False,Invalid Claim
CLM-2026-00702,USR-51820,PRD-WA-SAM-WW90,Washing Machine,Samsung EcoBubble Front-Load Inverter 9kg,Samsung,WW90T554DAW,SAM-WA-2025-GW1RENW,2026-02-25,115500.0,TechnoCity Prime Electronics,12,2026-02-26,2027-02-26,2026-08-10,Drum balance suspension damper mechanical collapse under rated wash load,Mechanical Suspension Defect,2026-08-13,1 repair (Unauthorized Third-Party),True,True,True,True,SAM-WA-2025-NASXPKY,False,Invalid Claim
CLM-2026-00641,USR-95670,PRD-SM-SAM-QA55,Smart TV,Samsung QLED 4K Smart TV 55-inch,Samsung,QA55Q60CA,SAM-SM-2025-5JESRYW,2024-07-29,231500.0,Metro Cash & Carry Official Counter,12,2024-07-30,2025-07-30,2024-11-10,Motherboard HDMI receiver chip failure; all ports report No Signal,Mainboard HDMI Interface Failure,2024-11-15,1 repair (Authorized Service Center),True,True,True,True,SAM-SM-2025-0U07E87,False,Invalid Claim
CLM-2026-00497,USR-89309,PRD-SM-XIA-2309,Smartphone,Xiaomi Redmi Note 13 Pro+,Xiaomi,23090RA98G,35874263741109,2026-07-14,109000.0,Muller & Phipps Authorized Retail,12,2026-07-14,2027-07-14,2027-02-09,Earpiece acoustic transducer failure causing distorted voice audio,Acoustic Transducer Defect,2027-02-11,2 repairs (Authorized Service Center),True,True,True,True,35874263741109,False,Valid Claim
CLM-2026-00825,USR-31527,PRD-AU-SAM-HW-Q,Audio / Soundbar,Samsung Q-Series Soundbar 3.1.2ch,Samsung,HW-Q600C,SAM-AU-2025-868H7TA,2025-06-04,123900.0,TechnoCity Prime Electronics,12,2025-06-05,2026-06-05,2025-07-05,Unit power failure; replacement unit already issued under previous claim,Hardware Failure,2025-07-06,1 repair (Unauthorized Third-Party),True,True,True,True,SAM-AU-2025-868H7TA,True,Invalid Claim
CLM-2026-00848,USR-86851,PRD-SM-XIA-2309,Smartphone,Xiaomi Redmi Note 13 Pro+,Xiaomi,23090RA98G,35874210839870,2025-10-01,109300.0,Metro Cash & Carry Official Counter,12,2025-10-02,2026-10-02,2027-01-30,Device fell into water container; now will not boot or respond to charger,Hardware Glitch / Unspecified Defect,2027-02-05,1 repair (Authorized Service Center),True,True,True,True,35874210839870,False,Invalid Claim
CLM-2026-00404,USR-35701,PRD-LA-LEN-82XD,Laptop,Lenovo IdeaPad Slim 5,Lenovo,82XD0006US,LEN-LA-2025-6TLT7ZY,2026-07-24,161000.0,Hafeez Center Certified Dealer Outlets,24,2026-07-25,2028-07-24,2027-12-21,Dedicated GPU VRAM solder fatigue resulting in visual polygon artifacting,GPU Hardware Malfunction,2027-12-26,0 repairs,True,True,True,True,LEN-LA-2025-6TLT7ZY,False,Valid Claim
CLM-2026-00354,USR-50703,PRD-WA-LG-T211,Washing Machine,LG Smart Inverter Top-Load 11kg,LG,T2111VSSV,LG-WA-2025-LU895N7,2026-04-11,87300.0,TechnoCity Prime Electronics,12,2026-04-11,2027-04-11,2026-07-06,Inverter Direct Drive motor stator hall-effect sensor electrical open circuit,Inverter Motor Failure,2026-07-08,0 repairs,True,True,True,True,LG-WA-2025-LU895N7,False,Valid Claim
CLM-2026-00012,USR-62565,PRD-WA-LG-F4V5,Washing Machine,LG AI DD Front-Load Washer 9kg,LG,F4V5VYP0W,LG-WA-2025-EVJ1ZUY,2026-04-12,203700.0,Airlink Communications Official Flagship,12,2026-04-12,2027-04-12,2026-11-16,Internal drainage pump motor winding electrical open circuit with OE code,Drain Pump Defect,2026-11-20,0 repairs,True,True,True,True,LG-WA-2025-EVJ1ZUY,False,Valid Claim
CLM-2026-00940,USR-89777,PRD-SM-APP-A288,Smartphone,Apple iPhone 14,Apple,A2882,86410941720107,2025-07-31,211000.0,Mega PK Technologies Flagship Hub,12,2025-08-01,2026-08-01,2026-01-08,Unit power failure; replacement unit already issued under previous claim,Hardware Failure,2026-01-12,0 repairs,True,True,True,True,86410941720107,True,Invalid Claim
CLM-2026-00451,USR-23824,PRD-AU-SON-HT-S,Audio / Soundbar,Sony Dolby Atmos Soundbar 5.1,Sony,HT-S40R,SON-AU-2025-9NJV5E3,2025-11-08,89900.0,Hafeez Center Certified Dealer Outlets,12,2025-11-08,2026-11-08,2026-03-22,Bluetooth RF transceiver chip desoldered; device refuses pairing handshakes,Wireless Transceiver Defect,2026-03-24,0 repairs,True,True,True,True,SON-AU-2025-9NJV5E3,False,Valid Claim
CLM-2026-00256,USR-12844,PRD-LA-APP-A268,Laptop,Apple MacBook Air 13 M2,Apple,A2681,APP-LA-2025-EDPZKHZ,2026-03-10,222400.0,Daraz Mall Authorized Brand Store,24,2026-03-10,2028-03-09,2027-01-21,Dedicated GPU VRAM solder fatigue resulting in visual polygon artifacting,GPU Hardware Malfunction,2027-01-23,0 repairs,True,True,True,True,APP-LA-2025-EDPZKHZ,False,Valid Claim
CLM-2026-00649,USR-96424,PRD-AU-APP-MTJV,Audio / Soundbar,Apple AirPods Pro 2nd Gen,Apple,MTJV3,APP-AU-2025-4GT4MRP,2025-11-22,69300.0,Daraz Mall Authorized Brand Store,12,2025-11-23,2026-11-23,2026-02-15,ANC feedback microphone capsule dead; severe acoustic howling artifact,Microphone Hardware Failure,2026-02-17,0 repairs,False,True,True,True,,False,Invalid Claim
CLM-2026-00536,USR-24442,PRD-AU-SAM-HW-Q,Audio / Soundbar,Samsung Q-Series Soundbar 3.1.2ch,Samsung,HW-Q600C,SAM-AU-2025-WCDZA1H,2025-11-04,84600.0,Airlink Communications Official Flagship,12,2025-11-05,2026-11-05,2026-04-19,Active subwoofer Class-D amplifier module silent; power LED steady green,Amplifier Circuit Failure,2026-04-22,1 repair (Authorized Service Center),False,False,True,True,,False,Invalid Claim
CLM-2026-01196,USR-16058,PRD-SM-TCL-55C7,Smart TV,TCL QLED Mini-LED 55-inch,TCL,55C755,TCL-SM-2025-F4F4JCL,2026-04-04,175500.0,Metro Cash & Carry Official Counter,12,2026-04-05,2027-04-05,2027-04-10,Internal switch-mode power supply (SMPS) secondary rail diode breakdown,Internal Power Supply Failure,2027-04-14,0 repairs,True,True,True,True,TCL-SM-2025-F4F4JCL,False,Manual Review
CLM-2026-00709,USR-25776,PRD-LA-HP-15-e,Laptop,HP Pavilion 15,HP,15-eg3023nr,HP-LA-2025-F70BLJS,2024-10-29,104300.0,Daraz Mall Authorized Brand Store,12,2024-10-30,2025-10-30,2025-01-06,Keyboard matrix row 3 (keys A-S-D-F) non-responsive under dry conditions,Keyboard Matrix Failure,2025-01-11,1 repair (Authorized Service Center),False,True,True,True,,False,Invalid Claim
CLM-2026-00447,USR-89034,PRD-SM-SON-KD-6,Smart TV,Sony Bravia LED 4K 65-inch,Sony,KD-65X77L,SON-SM-2025-KFN32R0,2026-07-21,187100.0,Al-Madina Electronics Authorized Franchise,12,2026-07-21,2027-07-21,2026-11-16,Internal T-CON timing controller logic failure causing display split-screen inversion,Timing Controller (T-CON) Defect,2026-11-21,1 repair (Authorized Service Center),True,True,True,True,SON-SM-2025-KFN32R0,False,Valid Claim
CLM-2026-00307,USR-54572,PRD-SM-TCL-55C7,Smart TV,TCL QLED Mini-LED 55-inch,TCL,55C755,TCL-SM-2025-CNS3HZB,2026-03-09,150500.0,Muller & Phipps Authorized Retail,12,2026-03-10,2027-03-10,2026-04-17,Internal switch-mode power supply (SMPS) secondary rail diode breakdown,Internal Power Supply Failure,2026-04-18,2 repairs (Authorized Service Center),True,True,True,True,TCL-SM-2025-CNS3HZB,False,Valid Claim
CLM-2026-01393,USR-82554,PRD-SM-XIA-2309,Smartphone,Xiaomi Redmi Note 13 Pro+,Xiaomi,23090RA98G,86049295062958,2026-03-09,0.0,Airlink Communications Official Flagship,12,2026-03-10,2027-03-10,2026-07-07,Logic board PMIC power distribution failure; unit will not boot (Promotional raffle prize bundle),Logic Board Failure,2026-07-10,0 repairs,True,True,True,False,86049295062958,False,Manual Review
CLM-2026-00385,USR-19120,PRD-SM-SAM-QA55,Smart TV,Samsung QLED 4K Smart TV 55-inch,Samsung,QA55Q60CA,SAM-SM-2025-S4EXWYH,2026-02-07,176700.0,Muller & Phipps Authorized Retail,24,2026-02-07,2028-02-07,2027-05-16,Internal T-CON timing controller logic failure causing display split-screen inversion,Timing Controller (T-CON) Defect,2027-05-18,2 repairs (Authorized Service Center),True,True,True,True,SAM-SM-2025-S4EXWYH,False,Valid Claim
CLM-2026-00933,USR-80416,PRD-SM-SAM-SM-S,Smartphone,Samsung Galaxy S24 Ultra,Samsung,SM-S928B,86049276200243,2025-04-23,293900.0,Daraz Mall Authorized Brand Store,12,2025-04-24,2026-04-24,2025-07-26,USB-C fast charging handshake pin solder fatigue; fails to negotiate charge,Charging Port Failure,2025-07-27,1 repair (Authorized Service Center),True,True,True,True,35874262501002,False,Invalid Claim
CLM-2026-01470,USR-64108,PRD-SM-SAM-SM-A,Smartphone,Samsung Galaxy A55 5G,Samsung,SM-A556E,86049245217991,2026-05-04,79300.0,Hafeez Center Certified Dealer Outlets,12,2026-05-05,2027-05-05,2026-05-26,Cellular baseband modem chip malfunction; persistent No Service state,Modem / Cellular Hardware Defect,2026-06-05,0 repairs,True,True,True,True,86049245217991,False,Manual Review
CLM-2026-00839,USR-15004,PRD-AU-SON-WH-1,Audio / Soundbar,Sony Wireless Noise Canceling Headphones,Sony,WH-1000XM5,SON-AU-2025-C4LXGP5,2025-04-16,97300.0,Al-Madina Electronics Authorized Franchise,12,2025-04-17,2026-04-17,2025-06-21,Subwoofer power coil fried by 280V voltage spike on unprotected extension lead,Power Surge Burnout (No Voltage Stabilizer),2025-06-25,1 repair (Unauthorized Third-Party),True,True,True,True,SON-AU-2025-C4LXGP5,False,Invalid Claim
CLM-2026-00615,USR-47344,PRD-AU-APP-MTJV,Audio / Soundbar,Apple AirPods Pro 2nd Gen,Apple,MTJV3,APP-AU-2025-CFSERS9,2026-01-22,75800.0,Daraz Mall Authorized Brand Store,12,2026-01-23,2027-01-23,2026-04-04,Device fell into water container; now will not boot or respond to charger,Hardware Glitch / Unspecified Defect,2026-06-11,1 repair (Unauthorized Third-Party),True,True,True,True,APP-AU-2025-CFSERS9,False,Invalid Claim
CLM-2026-00867,USR-30787,PRD-WA-HAI-HWM1,Washing Machine,Haier Inverter Front-Load 10kg Washer,Haier,HWM100-1678,HAI-WA-2025-EP2EKD4,2024-09-12,129900.0,Airlink Communications Official Flagship,12,2024-09-13,2025-09-13,2024-12-29,Water inlet dual solenoid valve coil burnout; machine fails to fill water,Water Valve Failure,2025-01-01,1 repair (Unauthorized Third-Party),False,True,True,True,,False,Invalid Claim
CLM-2026-00350,USR-22809,PRD-LA-LEN-82WK,Laptop,Lenovo Legion Pro 5i,Lenovo,82WK0046US,LEN-LA-2025-MDGD0F0,2026-03-02,312200.0,TechnoCity Prime Electronics,24,2026-03-03,2028-03-02,2027-10-18,Factory NVMe SSD controller locked in permanent read-only state,Internal Storage Degradation,2027-10-22,2 repairs (Authorized Service Center),True,True,True,True,LEN-LA-2025-MDGD0F0,False,Valid Claim
CLM-2026-01178,USR-99056,PRD-WA-HAI-HWM1,Washing Machine,Haier Direct Drive Top-Load 12kg Washer,Haier,HWM120-826,HAI-WA-2025-PZ6PJCA,2024-11-21,88500.0,Cnergy Tech Retail Center,24,2024-11-22,2026-11-22,2025-09-10,Electronic door safety microswitch interlock latch contact failure,Safety Interlock Defect,2025-09-19,0 repairs,True,True,True,True,HAI-WA-2025-PZ6PJCA,False,Manual Review
CLM-2026-00049,USR-93611,PRD-WA-SAM-WA13,Washing Machine,Samsung Wobble Technology Top-Load 13kg,Samsung,WA13CG5441BY,SAM-WA-2025-HJT52VL,2026-04-10,100400.0,Daraz Mall Authorized Brand Store,12,2026-04-11,2027-04-11,2027-02-13,Main electronic drive controller PCB failed with IGBT gate driver error E2,Main Control Board Defect,2027-02-15,1 repair (Authorized Service Center),True,True,True,True,SAM-WA-2025-HJT52VL,False,Valid Claim
CLM-2026-00037,USR-16734,PRD-SM-SAM-SM-F,Smartphone,Samsung Galaxy Z Fold 5,Samsung,SM-F946B,35912423769080,2026-03-19,369700.0,Daraz Mall Authorized Brand Store,12,2026-03-20,2027-03-20,2026-11-30,Camera module Optical Image Stabilization (OIS) actuator rattle and blur,Camera Module Hardware Defect,2026-12-04,0 repairs,True,True,True,True,35912423769080,False,Valid Claim
CLM-2026-00526,USR-97586,PRD-WA-HAI-HWM8,Washing Machine,Haier Twin Tub Semi-Automatic Washer,Haier,HWM80-50,HAI-WA-2025-W11A8NT,2025-06-06,49400.0,Muller & Phipps Authorized Retail,24,2025-06-07,2027-06-07,2025-10-10,Internal drainage pump motor winding electrical open circuit with OE code,Drain Pump Defect,2025-10-16,1 repair (Unauthorized Third-Party),True,True,True,True,HAI-WA-2025-54F4VRW,False,Invalid Claim
CLM-2026-00276,USR-45968,PRD-AU-APP-MTJV,Audio / Soundbar,Apple AirPods Pro 2nd Gen,Apple,MTJV3,APP-AU-2025-X39CC2E,2025-11-03,84000.0,Cnergy Tech Retail Center,12,2025-11-03,2026-11-03,2026-04-11,Bluetooth RF transceiver chip desoldered; device refuses pairing handshakes,Wireless Transceiver Defect,2026-04-15,0 repairs,True,True,True,True,APP-AU-2025-X39CC2E,False,Valid Claim
CLM-2026-01119,USR-22302,PRD-SM-XIA-2403,Smartphone,Xiaomi Xiaomi 14 Ultra,Xiaomi,24030PN60G,86410967356740,2025-11-19,232900.0,Daraz Mall Authorized Brand Store,12,2025-11-20,2026-11-20,2026-10-26,Earpiece acoustic transducer failure causing distorted voice audio (Customer notes prior minor servicing at local shop),Acoustic Transducer Defect,2026-10-31,3 repairs (Authorized Service Center),True,True,True,True,86410967356740,False,Manual Review
CLM-2026-00562,USR-20426,PRD-WA-SAM-WW90,Washing Machine,Samsung EcoBubble Front-Load Inverter 9kg,Samsung,WW90T554DAW,SAM-WA-2025-MUUE001,2024-11-03,120600.0,Daraz Mall Authorized Brand Store,36,2024-11-04,2027-11-04,2025-03-08,Electronic door safety microswitch interlock latch contact failure,Safety Interlock Defect,2025-03-09,1 repair (Unauthorized Third-Party),False,True,True,True,,False,Invalid Claim
CLM-2026-00610,USR-98436,PRD-SM-APP-A309,Smartphone,Apple iPhone 15,Apple,A3090,35912477385565,2025-03-31,243300.0,Muller & Phipps Authorized Retail,12,2025-04-01,2026-04-01,2025-08-07,USB-C fast charging handshake pin solder fatigue; fails to negotiate charge,Charging Port Failure,2025-08-12,1 repair (Unauthorized Third-Party),True,True,True,True,86410924988382,False,Invalid Claim
CLM-2026-00169,USR-74349,PRD-LA-APP-A299,Laptop,Apple MacBook Pro 14 M3,Apple,A2992,APP-LA-2025-66PPR89,2026-04-12,319600.0,Mega PK Technologies Flagship Hub,24,2026-04-12,2028-04-11,2026-06-11,Keyboard matrix row 3 (keys A-S-D-F) non-responsive under dry conditions,Keyboard Matrix Failure,2026-06-10,2 repairs (Authorized Service Center),True,True,True,True,APP-LA-2025-66PPR89,False,Valid Claim
CLM-2026-00697,USR-20919,PRD-SM-SAM-UA65,Smart TV,Samsung Crystal UHD 4K 65-inch,Samsung,UA65CU7000,SAM-SM-2025-NBTVSDB,2025-06-15,143200.0,TechnoCity Prime Electronics,24,2025-06-16,2027-06-16,2025-11-08,Internal switch-mode power supply (SMPS) secondary rail diode breakdown,Internal Power Supply Failure,2025-11-11,1 repair (Unauthorized Third-Party),False,True,True,True,,False,Invalid Claim
CLM-2026-00575,USR-39155,PRD-AU-SAM-HW-Q,Audio / Soundbar,Samsung Q-Series Soundbar 3.1.2ch,Samsung,HW-Q600C,SAM-AU-2025-93PUEE8,2025-05-28,98600.0,Muller & Phipps Authorized Retail,12,2025-05-29,2026-05-29,2025-07-12,Left earpiece dropped in water puddle; acoustic chamber liquid contaminated,Liquid / Moisture Damage,2025-07-15,1 repair (Unauthorized Third-Party),True,True,True,True,SAM-AU-2025-93PUEE8,False,Invalid Claim
CLM-2026-00717,USR-49763,PRD-WA-LG-F4V5,Washing Machine,LG AI DD Front-Load Washer 9kg,LG,F4V5VYP0W,LG-WA-2025-NS63C3X,2025-08-17,165100.0,Cnergy Tech Retail Center,36,2025-08-18,2028-08-17,2025-11-17,Coin and hairpin stuck in drain pump propeller fracturing the impeller housing,Foreign Object Physical Obstruction,2025-11-19,1 repair (Unauthorized Third-Party),True,True,True,True,LG-WA-2025-NS63C3X,False,Invalid Claim
CLM-2026-00006,USR-88172,PRD-AU-APP-MTJV,Audio / Soundbar,Apple AirPods Pro 2nd Gen,Apple,MTJV3,APP-AU-2025-WD7ZG31,2026-06-16,77400.0,Muller & Phipps Authorized Retail,12,2026-06-16,2027-06-16,2027-05-13,ANC feedback microphone capsule dead; severe acoustic howling artifact,Microphone Hardware Failure,2027-05-15,1 repair (Authorized Service Center),True,True,True,True,APP-AU-2025-WD7ZG31,False,Valid Claim
CLM-2026-00792,USR-88423,PRD-SM-APP-A310,Smartphone,Apple iPhone 15 Pro Max,Apple,A3106,86049247636119,2025-08-07,466900.0,Al-Madina Electronics Authorized Franchise,12,2025-08-08,2026-08-08,2025-09-27,Camera module Optical Image Stabilization (OIS) actuator rattle and blur,Camera Module Hardware Defect,2025-09-28,0 repairs,True,True,True,True,86410941770619,False,Invalid Claim
CLM-2026-00152,USR-52899,PRD-SM-SON-KD-6,Smart TV,Sony Bravia LED 4K 65-inch,Sony,KD-65X77L,SON-SM-2025-82CGW5T,2026-07-19,207300.0,Muller & Phipps Authorized Retail,24,2026-07-20,2028-07-19,2026-10-08,Internal switch-mode power supply (SMPS) secondary rail diode breakdown,Internal Power Supply Failure,2026-10-12,0 repairs,True,True,True,True,SON-SM-2025-82CGW5T,False,Valid Claim
CLM-2026-00093,USR-69930,PRD-SM-TCL-50P6,Smart TV,TCL 4K HDR Smart TV 50-inch,TCL,50P635,TCL-SM-2025-TXP65ZF,2026-03-07,74900.0,Metro Cash & Carry Official Counter,12,2026-03-08,2027-03-08,2026-03-29,Motherboard HDMI receiver chip failure; all ports report No Signal,Mainboard HDMI Interface Failure,2026-03-30,2 repairs (Authorized Service Center),True,True,True,True,TCL-SM-2025-TXP65ZF,False,Valid Claim
CLM-2026-00156,USR-44735,PRD-WA-SAM-WA13,Washing Machine,Samsung Wobble Technology Top-Load 13kg,Samsung,WA13CG5441BY,SAM-WA-2025-Y4S33EA,2026-06-11,92100.0,Muller & Phipps Authorized Retail,12,2026-06-12,2027-06-12,2026-10-06,Water inlet dual solenoid valve coil burnout; machine fails to fill water,Water Valve Failure,2026-10-10,1 repair (Authorized Service Center),True,True,False,True,SAM-WA-2025-Y4S33EA,False,Valid Claim
CLM-2026-01050,USR-27224,PRD-WA-SAM-WW90,Washing Machine,Samsung EcoBubble Front-Load Inverter 9kg,Samsung,WW90T554DAW,SAM-WA-2025-F2FUP0Z,2026-03-11,129100.0,Muller & Phipps Authorized Retail,12,2026-03-12,2027-03-12,2027-03-08,Water inlet dual solenoid valve coil burnout; machine fails to fill water,Water Valve Failure,2027-03-13,0 repairs,True,True,True,True,SAM-WA-2025-F2FUP0Z,False,Manual Review
CLM-2026-00528,USR-60538,PRD-SM-SAM-QA55,Smart TV,Samsung QLED 4K Smart TV 55-inch,Samsung,QA55Q60CA,SAM-SM-2025-6KHVSAE,2024-10-09,213600.0,TechnoCity Prime Electronics,24,2024-10-10,2026-10-10,2024-11-27,Severe lightning strike destroyed primary power circuitry during thunderstorm,Power Surge Burnout (No Voltage Stabilizer),2024-11-29,0 repairs,True,True,True,True,SAM-SM-2025-6KHVSAE,False,Invalid Claim
CLM-2026-00669,USR-86922,PRD-WA-SAM-WW90,Washing Machine,Samsung EcoBubble Front-Load Inverter 9kg,Samsung,WW90T554DAW,SAM-WA-2025-ES4DMAP,2025-04-05,170700.0,Cnergy Tech Retail Center,24,2025-04-06,2027-04-06,2025-06-01,Drum balance suspension damper mechanical collapse under rated wash load,Mechanical Suspension Defect,2025-06-06,0 repairs,False,False,True,True,,False,Invalid Claim
CLM-2026-00116,USR-86550,PRD-WA-SAM-WA13,Washing Machine,Samsung Wobble Technology Top-Load 13kg,Samsung,WA13CG5441BY,SAM-WA-2025-FTPSA6A,2026-07-19,96700.0,Brand Flagship Experience Store,24,2026-07-19,2028-07-18,2026-12-25,Water inlet dual solenoid valve coil burnout; machine fails to fill water,Water Valve Failure,2026-12-26,2 repairs (Authorized Service Center),True,True,True,True,SAM-WA-2025-FTPSA6A,False,Valid Claim
CLM-2026-00735,USR-66606,PRD-SM-APP-A288,Smartphone,Apple iPhone 14,Apple,A2882,35874243160886,2025-03-04,239400.0,Airlink Communications Official Flagship,12,2025-03-05,2026-03-05,2025-04-27,Logic board PMIC power distribution failure; unit will not boot,Logic Board Failure,2025-08-02,0 repairs,True,True,True,True,35874243160886,False,Invalid Claim
CLM-2026-01148,USR-80544,PRD-SM-XIA-2309,Smartphone,Xiaomi Redmi Note 13 Pro+,Xiaomi,23090RA98G,86049273245670,2026-01-26,83600.0,Brand Flagship Experience Store,12,2026-01-27,2027-01-27,2026-10-16,Logic board PMIC power distribution failure; unit will not boot,Logic Board Failure,2026-10-27,0 repairs,True,True,True,True,86049273245670,False,Manual Review
CLM-2026-00553,USR-39523,PRD-SM-APP-A310,Smartphone,Apple iPhone 15 Pro Max,Apple,A3106,35912427376444,2026-01-26,472000.0,Cnergy Tech Retail Center,12,2026-01-27,2027-01-27,2026-02-20,Cellular baseband modem chip malfunction; persistent No Service state,Modem / Cellular Hardware Defect,2026-06-08,0 repairs,True,True,True,True,35912427376444,False,Invalid Claim
CLM-2026-01130,USR-95727,PRD-AU-SON-WH-1,Audio / Soundbar,Sony Wireless Noise Canceling Headphones,Sony,WH-1000XM5,SON-AU-2025-CCMMNBM,2026-07-01,96200.0,Al-Madina Electronics Authorized Franchise,12,2026-07-02,2027-07-02,2027-01-27,Bluetooth RF transceiver chip desoldered; device refuses pairing handshakes,Wireless Transceiver Defect,2027-02-07,0 repairs,True,True,True,True,,False,Manual Review
CLM-2026-00284,USR-79766,PRD-SM-SAM-SM-F,Smartphone,Samsung Galaxy Z Fold 5,Samsung,SM-F946B,86049287518764,2026-04-26,450300.0,Cnergy Tech Retail Center,12,2026-04-27,2027-04-27,2026-08-17,Camera module Optical Image Stabilization (OIS) actuator rattle and blur,Camera Module Hardware Defect,2026-08-19,0 repairs,True,True,True,True,86049287518764,False,Valid Claim
CLM-2026-00194,USR-96732,PRD-SM-SAM-QA55,Smart TV,Samsung QLED 4K Smart TV 55-inch,Samsung,QA55Q60CA,SAM-SM-2025-18APNSK,2025-10-26,257600.0,Metro Cash & Carry Official Counter,24,2025-10-26,2027-10-26,2027-09-21,Internal T-CON timing controller logic failure causing display split-screen inversion,Timing Controller (T-CON) Defect,2027-09-24,1 repair (Authorized Service Center),True,True,True,True,SAM-SM-2025-18APNSK,False,Valid Claim
CLM-2026-01186,USR-21799,PRD-LA-HP-15-e,Laptop,HP Pavilion 15,HP,15-eg3023nr,HP-LA-2025-KLJ4Z0P,2025-10-24,96200.0,Cnergy Tech Retail Center,24,2025-10-25,2027-10-25,2027-09-06,Dedicated GPU VRAM solder fatigue resulting in visual polygon artifacting (Customer notes prior minor servicing at local shop),GPU Hardware Malfunction,2027-09-08,1 repair (Unauthorized Third-Party),True,True,True,True,HP-LA-2025-KLJ4Z0P,False,Manual Review
CLM-2026-00308,USR-87718,PRD-WA-DAW-DW-F,Washing Machine,Dawlance Inverter Front-Load ProWash,Dawlance,DW-FL-9000,DAW-WA-2025-M9C3NGW,2025-12-30,116900.0,Metro Cash & Carry Official Counter,24,2025-12-30,2027-12-30,2026-06-01,Main electronic drive controller PCB failed with IGBT gate driver error E2,Main Control Board Defect,2026-06-02,0 repairs,True,True,True,True,DAW-WA-2025-M9C3NGW,False,Valid Claim
CLM-2026-01043,USR-47960,PRD-WA-LG-F4V5,Washing Machine,LG AI DD Front-Load Washer 9kg,LG,F4V5VYP0W,LG-WA-2025-J4C8XD6,2026-05-08,177900.0,Airlink Communications Official Flagship,36,2026-05-09,2029-05-08,2028-01-25,Internal drainage pump motor winding electrical open circuit with OE code (Customer notes prior minor servicing at local shop),Drain Pump Defect,2028-01-28,1 repair (Unauthorized Third-Party),True,True,True,True,LG-WA-2025-J4C8XD6,False,Manual Review
CLM-2026-00591,USR-50075,PRD-WA-DAW-DW-F,Washing Machine,Dawlance Inverter Front-Load ProWash,Dawlance,DW-FL-9000,DAW-WA-2025-F3LK2LW,2026-02-23,125700.0,Cnergy Tech Retail Center,36,2026-02-24,2029-02-23,2026-05-27,Electronic door safety microswitch interlock latch contact failure,Safety Interlock Defect,2026-05-31,0 repairs,False,False,True,True,,False,Invalid Claim
CLM-2026-01340,USR-92527,PRD-LA-LEN-82WK,Laptop,Lenovo Legion Pro 5i,Lenovo,82WK0046US,LEN-LA-2025-KHRSLME,2025-07-21,298800.0,Daraz Mall Authorized Brand Store,24,2025-07-22,2027-07-22,2027-02-08,Keyboard matrix row 3 (keys A-S-D-F) non-responsive under dry conditions (Customer notes prior minor servicing at local shop),Keyboard Matrix Failure,2027-02-13,1 repair (Unauthorized Third-Party),True,True,True,True,LEN-LA-2025-KHRSLME,False,Manual Review
CLM-2026-01377,USR-97051,PRD-SM-SAM-SM-A,Smartphone,Samsung Galaxy A55 5G,Samsung,SM-A556E,35912492659261,2026-06-27,128400.0,Daraz Mall Authorized Brand Store,12,2026-06-28,2027-06-28,2027-04-08,Earpiece acoustic transducer failure causing distorted voice audio,Acoustic Transducer Defect,2027-04-11,0 repairs,True,True,False,True,35912492659261,False,Manual Review
CLM-2026-00461,USR-33584,PRD-LA-LEN-82XD,Laptop,Lenovo IdeaPad Slim 5,Lenovo,82XD0006US,LEN-LA-2025-DPCTSH2,2025-11-09,114800.0,Airlink Communications Official Flagship,12,2025-11-09,2026-11-09,2026-03-05,Dedicated GPU VRAM solder fatigue resulting in visual polygon artifacting,GPU Hardware Malfunction,2026-03-06,2 repairs (Authorized Service Center),True,True,True,True,LEN-LA-2025-DPCTSH2,False,Valid Claim
CLM-2026-01277,USR-62452,PRD-WA-SAM-WW90,Washing Machine,Samsung EcoBubble Front-Load Inverter 9kg,Samsung,WW90T554DAW,SAM-WA-2025-APH8YZK,2025-02-21,160000.0,Mega PK Technologies Flagship Hub,24,2025-02-22,2027-02-22,2025-12-23,Main electronic drive controller PCB failed with IGBT gate driver error E2,Main Control Board Defect,2026-01-07,0 repairs,True,True,True,True,sam-wa-2025-aph8yzk,False,Manual Review
CLM-2026-00207,USR-31940,PRD-WA-LG-F4V5,Washing Machine,LG AI DD Front-Load Washer 9kg,LG,F4V5VYP0W,LG-WA-2025-P0HSGGG,2026-03-13,159700.0,Al-Madina Electronics Authorized Franchise,36,2026-03-13,2029-03-12,2028-01-08,Inverter Direct Drive motor stator hall-effect sensor electrical open circuit,Inverter Motor Failure,2028-01-13,0 repairs,True,True,True,True,LG-WA-2025-P0HSGGG,False,Valid Claim
CLM-2026-00147,USR-76402,PRD-WA-SAM-WW90,Washing Machine,Samsung EcoBubble Front-Load Inverter 9kg,Samsung,WW90T554DAW,SAM-WA-2025-DJ5FZ2K,2026-08-04,142900.0,Daraz Mall Authorized Brand Store,36,2026-08-05,2029-08-04,2027-10-30,Inverter Direct Drive motor stator hall-effect sensor electrical open circuit,Inverter Motor Failure,2027-10-31,1 repair (Authorized Service Center),True,True,True,True,SAM-WA-2025-DJ5FZ2K,False,Valid Claim
CLM-2026-00827,USR-46673,PRD-WA-HAI-HWM1,Washing Machine,Haier Inverter Front-Load 10kg Washer,Haier,HWM100-1678,HAI-WA-2025-HL99LVA,2025-01-16,155900.0,,24,2025-01-17,2027-01-17,2025-05-11,Drum balance suspension damper mechanical collapse under rated wash load,Mechanical Suspension Defect,2025-05-13,0 repairs,True,True,True,True,HAI-WA-2025-VHVYML1,False,Invalid Claim
CLM-2026-00846,USR-68953,PRD-AU-SON-WH-1,Audio / Soundbar,Sony Wireless Noise Canceling Headphones,Sony,WH-1000XM5,SON-AU-2025-S0B7GJS,2025-09-24,100300.0,Al-Madina Electronics Authorized Franchise,12,2025-09-25,2026-09-25,2026-03-13,Active subwoofer Class-D amplifier module silent; power LED steady green,Amplifier Circuit Failure,2026-03-18,0 repairs,True,True,True,True,SON-AU-2025-XJXSDYV,False,Invalid Claim
CLM-2026-01301,USR-85263,PRD-LA-APP-A299,Laptop,Apple MacBook Pro 14 M3,Apple,A2992,APP-LA-2025-CW0YM04,2026-04-30,457800.0,TechnoCity Prime Electronics,12,2026-05-01,2027-05-01,2026-12-18,Internal cooling fan bearing seizure and zero RPM tachometer error (Customer notes prior minor servicing at local shop),Cooling System Defect,2026-12-21,"2 repairs (1 Authorized, 1 Unauthorized)",True,True,True,True,APP-LA-2025-CW0YM04,False,Manual Review
CLM-2026-00365,USR-59930,PRD-WA-LG-F4V5,Washing Machine,LG AI DD Front-Load Washer 9kg,LG,F4V5VYP0W,LG-WA-2025-DK2J1XF,2026-02-11,189200.0,Daraz Mall Authorized Brand Store,36,2026-02-11,2029-02-10,2026-03-03,Electronic door safety microswitch interlock latch contact failure,Safety Interlock Defect,2026-03-06,2 repairs (Authorized Service Center),True,True,True,True,LG-WA-2025-DK2J1XF,False,Valid Claim
CLM-2026-00441,USR-60336,PRD-WA-LG-T211,Washing Machine,LG Smart Inverter Top-Load 11kg,LG,T2111VSSV,LG-WA-2025-FAP6X0V,2026-02-01,90000.0,TechnoCity Prime Electronics,36,2026-02-02,2029-02-01,2028-05-20,Internal drainage pump motor winding electrical open circuit with OE code,Drain Pump Defect,2028-05-24,0 repairs,True,True,True,True,LG-WA-2025-FAP6X0V,False,Valid Claim
CLM-2026-01085,USR-22806,PRD-SM-SAM-UA65,Smart TV,Samsung Crystal UHD 4K 65-inch,Samsung,UA65CU7000,SAM-SM-2025-23F2G4C,2025-03-22,152700.0,TechnoCity Prime Electronics,24,2025-03-23,2027-03-23,2026-08-12,LED backlight string driver open circuit resulting in total black screen with intact audio (Customer notes prior minor servicing at local shop),Backlight Array Failure,2026-08-14,1 repair (Unauthorized Third-Party),True,True,True,True,SAM-SM-2025-23F2G4C,False,Manual Review
CLM-2026-00334,USR-13728,PRD-WA-SAM-WA13,Washing Machine,Samsung Wobble Technology Top-Load 13kg,Samsung,WA13CG5441BY,SAM-WA-2025-7T59MM4,2026-03-17,107100.0,Muller & Phipps Authorized Retail,24,2026-03-18,2028-03-17,2026-09-27,Drum balance suspension damper mechanical collapse under rated wash load,Mechanical Suspension Defect,2026-10-01,0 repairs,True,True,True,True,SAM-WA-2025-7T59MM4,False,Valid Claim
CLM-2026-00845,USR-33242,PRD-AU-SON-HT-S,Audio / Soundbar,Sony Dolby Atmos Soundbar 5.1,Sony,HT-S40R,SON-AU-2025-V1Y8UPM,2025-05-23,104900.0,TechnoCity Prime Electronics,12,2025-05-24,2026-05-24,2026-06-27,Active subwoofer Class-D amplifier module silent; power LED steady green,Amplifier Circuit Failure,2026-07-04,0 repairs,True,True,True,True,SON-AU-2025-V1Y8UPM,False,Invalid Claim
CLM-2026-00240,USR-52624,PRD-SM-XIA-2309,Smartphone,Xiaomi Redmi Note 13 Pro+,Xiaomi,23090RA98G,86410969479982,2026-06-05,78900.0,TechnoCity Prime Electronics,12,2026-06-05,2027-06-05,2026-06-29,Earpiece acoustic transducer failure causing distorted voice audio,Acoustic Transducer Defect,2026-06-30,0 repairs,True,True,True,True,86410969479982,False,Valid Claim
CLM-2026-00060,USR-69441,PRD-AU-APP-MTJV,Audio / Soundbar,Apple AirPods Pro 2nd Gen,Apple,MTJV3,APP-AU-2025-EK3PVMS,2026-04-23,66400.0,Hafeez Center Certified Dealer Outlets,12,2026-04-24,2027-04-24,2026-12-21,Active subwoofer Class-D amplifier module silent; power LED steady green,Amplifier Circuit Failure,2026-12-23,0 repairs,True,True,True,True,APP-AU-2025-EK3PVMS,False,Valid Claim
CLM-2026-00017,USR-42914,PRD-AU-SON-WH-1,Audio / Soundbar,Sony Wireless Noise Canceling Headphones,Sony,WH-1000XM5, SON-AU-2025-X433J8K ,2026-02-17,116900.0,Airlink Communications Official Flagship,12,2026-02-17,2027-02-17,2027-01-17,ANC feedback microphone capsule dead; severe acoustic howling artifact,Microphone Hardware Failure,2027-01-20,1 repair (Authorized Service Center),True,True,True,True,SON-AU-2025-X433J8K,False,Valid Claim
CLM-2026-01354,USR-54978,PRD-LA-HP-15-e,Laptop,HP Pavilion 15,HP,15-eg3023nr,HP-LA-2025-JAWZ9S0,2025-06-04,152700.0,Daraz Mall Authorized Brand Store,24,2025-06-05,2027-06-05,2027-01-31,Internal cooling fan bearing seizure and zero RPM tachometer error (Customer notes prior minor servicing at local shop),Cooling System Defect,2027-02-03,"2 repairs (1 Authorized, 1 Unauthorized)",True,True,True,True,hp-la-2025-jawz9s0,False,Manual Review
CLM-2026-01145,USR-74250,PRD-WA-HAI-HWM1,Washing Machine,Haier Direct Drive Top-Load 12kg Washer,Haier,HWM120-826,HAI-WA-2025-G35726M,2025-06-08,76200.0,TechnoCity Prime Electronics,24,2025-06-09,2027-06-09,2025-07-07,Inverter Direct Drive motor stator hall-effect sensor electrical open circuit (Customer notes prior minor servicing at local shop),Inverter Motor Failure,2025-07-09,"2 repairs (1 Authorized, 1 Unauthorized)",True,True,True,True,HAI-WA-2025-G35726M,False,Manual Review
CLM-2026-01364,USR-20531,PRD-AU-APP-MTJV,Audio / Soundbar,Apple AirPods Pro 2nd Gen,Apple,MTJV3,APP-AU-2025-TKRBD2N,2025-11-13,57100.0,Muller & Phipps Authorized Retail,12,2025-11-14,2026-11-14,2026-09-27,ANC feedback microphone capsule dead; severe acoustic howling artifact,Microphone Hardware Failure,2026-10-11,0 repairs,True,True,True,True,APP-AU-2025-TKRBD2N,False,Manual Review
CLM-2026-00636,USR-46718,PRD-AU-APP-MTJV,Audio / Soundbar,Apple AirPods Pro 2nd Gen,Apple,MTJV3,APP-AU-2025-V38AFPF,2025-02-03,78900.0,Brand Flagship Experience Store,12,2025-02-04,2026-02-04,2026-08-28,Bluetooth RF transceiver chip desoldered; device refuses pairing handshakes,Wireless Transceiver Defect,2026-09-01,1 repair (Unauthorized Third-Party),True,True,True,True,APP-AU-2025-V38AFPF,False,Invalid Claim
CLM-2026-00954,USR-38837,PRD-WA-HAI-HWM8,Washing Machine,Haier Twin Tub Semi-Automatic Washer,Haier,HWM80-50,HAI-WA-2025-H6T5D3S,2025-08-03,51100.0,TechnoCity Prime Electronics,36,2025-08-04,2028-08-03,2025-12-17,Internal drainage pump motor winding electrical open circuit with OE code,Drain Pump Defect,2025-12-22,1 repair (Unauthorized Third-Party),False,True,True,True,,False,Invalid Claim
CLM-2026-00180,USR-46291,PRD-AU-APP-MTJV,Audio / Soundbar,Apple AirPods Pro 2nd Gen,Apple,MTJV3,APP-AU-2025-GMUCML9,2026-06-17,72500.0,Daraz Mall Authorized Brand Store,12,2026-06-18,2027-06-18,2026-07-30,Active subwoofer Class-D amplifier module silent; power LED steady green,Amplifier Circuit Failure,2026-08-02,0 repairs,True,True,True,True,APP-AU-2025-GMUCML9,False,Valid Claim
CLM-2026-01475,USR-60645,PRD-WA-HAI-HWM8,Washing Machine,Haier Twin Tub Semi-Automatic Washer,Haier,HWM80-50,HAI-WA-2025-A3VNAEG,2026-07-27,46100.0,TechnoCity Prime Electronics,12,2026-07-28,2027-07-28,2026-12-30,Electronic door safety microswitch interlock latch contact failure,Safety Interlock Defect,2027-01-01,0 repairs,True,True,True,True,HA1-WA-2025-A3VNAEG,False,Manual Review
CLM-2026-01448,USR-11510,PRD-SM-APP-A310,Smartphone,Apple iPhone 15 Pro Max,Apple,A3106,86410918836034,2026-02-09,451100.0,Muller & Phipps Authorized Retail,12,2026-02-10,2027-02-10,2026-12-14,USB-C fast charging handshake pin solder fatigue; fails to negotiate charge,Charging Port Failure,2026-12-16,0 repairs,True,True,True,True,B6410918836034,False,Manual Review
CLM-2026-01379,USR-29106,PRD-WA-LG-F4V5,Washing Machine,LG AI DD Front-Load Washer 9kg,LG,F4V5VYP0W,LG-WA-2025-B7MLXYB,2026-05-21,192100.0,Airlink Communications Official Flagship,12,2026-05-22,2027-05-22,2027-05-20,Electronic door safety microswitch interlock latch contact failure,Safety Interlock Defect,2027-05-24,0 repairs,True,True,True,True,lg-wa-2025-b7mlxyb,False,Manual Review
CLM-2026-01102,USR-45922,PRD-SM-SON-KD-6,Smart TV,Sony Bravia LED 4K 65-inch,Sony,KD-65X77L,SON-SM-2025-WBZ34D2,2026-06-06,250500.0,TechnoCity Prime Electronics,12,2026-06-07,2027-06-07,2027-06-09,Motherboard HDMI receiver chip failure; all ports report No Signal,Mainboard HDMI Interface Failure,2027-06-13,0 repairs,True,True,True,True,SON-SM-2025-WBZ34D2,False,Manual Review
CLM-2026-00568,USR-28106,PRD-SM-SAM-QA55,Smart TV,Samsung QLED 4K Smart TV 55-inch,Samsung,QA55Q60CA,SAM-SM-2025-XMKEDJU,2024-09-05,198700.0,Brand Flagship Experience Store,12,2024-09-06,2025-09-06,2025-01-03,Liquid spray applied directly to glass panel corroded lower COF ribbon flex cables,Liquid / Moisture Damage,2025-01-08,0 repairs,True,True,True,True,SAM-SM-2025-XMKEDJU,False,Invalid Claim
CLM-2026-00771,USR-36248,PRD-SM-APP-A288,Smartphone,Apple iPhone 14,Apple,A2882,86049241518806,2025-04-07,192800.0,Airlink Communications Official Flagship,12,2025-04-08,2026-04-08,2025-09-14,Unit power failure; replacement unit already issued under previous claim,Hardware Failure,2025-09-20,0 repairs,True,True,True,True,86049241518806,True,Invalid Claim
CLM-2026-01283,USR-33894,PRD-SM-TCL-55C7,Smart TV,TCL QLED Mini-LED 55-inch,TCL,55C755,TCL-SM-2025-0LC5U94,2025-07-19,124600.0,Mega PK Technologies Flagship Hub,24,2025-07-20,2027-07-20,2026-11-16,LED backlight string driver open circuit resulting in total black screen with intact audio,Backlight Array Failure,2026-11-19,0 repairs,True,True,True,True,TCL-5M-2025-0LC5U94,False,Manual Review
CLM-2026-00747,USR-28564,PRD-AU-APP-MTJV,Audio / Soundbar,Apple AirPods Pro 2nd Gen,Apple,MTJV3,APP-AU-2025-CS2X3N1,2024-09-18,80400.0,Hafeez Center Certified Dealer Outlets,12,2024-09-19,2025-09-19,2026-02-06,Active subwoofer Class-D amplifier module silent; power LED steady green,Amplifier Circuit Failure,2026-02-08,1 repair (Authorized Service Center),True,True,True,True,APP-AU-2025-CS2X3N1,False,Invalid Claim
CLM-2026-00881,USR-24744,PRD-AU-SON-WH-1,Audio / Soundbar,Sony Wireless Noise Canceling Headphones,Sony,WH-1000XM5,SON-AU-2025-KZXFL8K,2025-11-09,107700.0,Cnergy Tech Retail Center,12,2025-11-10,2026-11-10,2025-12-17,Headband hinge snapped in half from severe outward hyperextension,Physical Impact / Accidental Drop,2025-12-22,1 repair (Authorized Service Center),True,True,True,True,SON-AU-2025-KZXFL8K,False,Invalid Claim
CLM-2026-01129,USR-29228,PRD-SM-SAM-QA55,Smart TV,Samsung QLED 4K Smart TV 55-inch,Samsung,QA55Q60CA,SAM-SM-2025-2BH6CZH,2026-03-31,269300.0,Muller & Phipps Authorized Retail,12,2026-04-01,2027-04-01,2026-08-19,Internal switch-mode power supply (SMPS) secondary rail diode breakdown (Customer notes prior minor servicing at local shop),Internal Power Supply Failure,2026-08-21,3 repairs (Authorized Service Center),True,True,True,True,SAM-SM-2025-2BH6CZH,False,Manual Review
CLM-2026-01260,USR-75271,PRD-AU-APP-MTJV,Audio / Soundbar,Apple AirPods Pro 2nd Gen,Apple,MTJV3,APP-AU-2025-L684N4B,2026-06-21,55700.0,Muller & Phipps Authorized Retail,12,2026-06-22,2027-06-22,2027-06-26,Bluetooth RF transceiver chip desoldered; device refuses pairing handshakes,Wireless Transceiver Defect,2027-06-28,0 repairs,True,True,True,True,,False,Manual Review
CLM-2026-00149,USR-77793,PRD-LA-LEN-21HD,Laptop,Lenovo ThinkPad T14 Gen 4,Lenovo,21HD001EUS,LEN-LA-2025-3L1MM50,2026-06-02,202900.0,Daraz Mall Authorized Brand Store,24,2026-06-02,2028-06-01,2026-11-26,Factory NVMe SSD controller locked in permanent read-only state,Internal Storage Degradation,2026-11-30,2 repairs (Authorized Service Center),True,True,True,True,LEN-LA-2025-3L1MM50,False,Valid Claim
CLM-2026-00899,USR-80634,PRD-AU-APP-MTJV,Audio / Soundbar,Apple AirPods Pro 2nd Gen,Apple,MTJV3,APP-AU-2025-EWD6MMN,2024-10-24,75500.0,Hafeez Center Certified Dealer Outlets,12,2024-10-25,2025-10-25,2024-11-16,Subwoofer power coil fried by 280V voltage spike on unprotected extension lead,Power Surge Burnout (No Voltage Stabilizer),2024-11-18,0 repairs,True,True,True,True,APP-AU-2025-EWD6MMN,False,Invalid Claim
CLM-2026-01312,USR-17774,PRD-SM-SON-KD-6,Smart TV,Sony Bravia LED 4K 65-inch,Sony,KD-65X77L,SON-SM-2025-C0L1J2U,2026-07-07,237800.0,Daraz Mall Authorized Brand Store,24,2026-07-08,2028-07-07,2028-07-03,LED backlight string driver open circuit resulting in total black screen with intact audio,Backlight Array Failure,2028-07-11,0 repairs,True,True,True,True,SON-SM-2025-C0L1J2U,False,Manual Review
CLM-2026-01047,USR-72123,PRD-SM-SAM-QA55,Smart TV,Samsung QLED 4K Smart TV 55-inch,Samsung,QA55Q60CA,SAM-SM-2025-T8VP9D3,2026-06-01,180400.0,Airlink Communications Official Flagship,12,2026-06-02,2027-06-02,2027-03-24,LED backlight string driver open circuit resulting in total black screen with intact audio,Backlight Array Failure,2027-03-26,0 repairs,True,True,True,True,5AM-SM-2025-T8VP9D3,False,Manual Review
CLM-2026-01418,USR-94564,PRD-WA-SAM-WA13,Washing Machine,Samsung Wobble Technology Top-Load 13kg,Samsung,WA13CG5441BY,SAM-WA-2025-F3LDAWR,2026-07-07,91300.0,Airlink Communications Official Flagship,24,2026-07-08,2028-07-07,2027-04-05,Internal drainage pump motor winding electrical open circuit with OE code,Drain Pump Defect,2027-04-21,0 repairs,True,True,True,True,SAM-WA-2025-F3LDAWR,False,Manual Review
CLM-2026-01215,USR-69525,PRD-SM-SAM-UA65,Smart TV,Samsung Crystal UHD 4K 65-inch,Samsung,UA65CU7000,SAM-SM-2025-Y0T2F1N,2026-02-14,155400.0,Airlink Communications Official Flagship,12,2026-02-15,2027-02-15,2026-08-03,Motherboard HDMI receiver chip failure; all ports report No Signal,Mainboard HDMI Interface Failure,2026-08-17,0 repairs,True,True,True,True,SAM-SM-2025-Y0T2F1N,False,Manual Review
CLM-2026-01108,USR-82803,PRD-LA-LEN-82WK,Laptop,Lenovo Legion Pro 5i,Lenovo,82WK0046US,LEN-LA-2025-FMSBXVM,2025-07-10,341300.0,Mega PK Technologies Flagship Hub,24,2025-07-11,2027-07-11,2027-03-17,Motherboard MOSFET short circuit causing instantaneous thermal protection shutdown (Customer notes prior minor servicing at local shop),Motherboard Circuit Failure,2027-03-22,1 repair (Unauthorized Third-Party),True,True,True,True,LEN-LA-2025-FMSBXVM,False,Manual Review
CLM-2026-00336,USR-22387,PRD-SM-APP-A309,Smartphone,Apple iPhone 15,Apple,A3090,86049248903844,2025-11-13,257800.0,Brand Flagship Experience Store,12,2025-11-13,2026-11-13,2026-08-13,Earpiece acoustic transducer failure causing distorted voice audio,Acoustic Transducer Defect,2026-08-15,0 repairs,True,True,True,True,86049248903844,False,Valid Claim
CLM-2026-01371,USR-78003,PRD-AU-SAM-HW-Q,Audio / Soundbar,Samsung Q-Series Soundbar 3.1.2ch,Samsung,HW-Q600C,SAM-AU-2025-JAVT1KA,2026-05-01,108200.0,Muller & Phipps Authorized Retail,12,2026-05-02,2027-05-02,2026-11-25,ANC feedback microphone capsule dead; severe acoustic howling artifact,Microphone Hardware Failure,2026-11-29,0 repairs,True,True,True,False,SAM-AU-2025-JAVT1KA,False,Manual Review
CLM-2026-01048,USR-38137,PRD-WA-DAW-DW-9,Washing Machine,Dawlance Top-Load Energy Saver 11kg,Dawlance,DW-9060-ES,DAW-WA-2025-US9SW64,2026-07-20,60000.0,Brand Flagship Experience Store,12,2026-07-21,2027-07-21,2027-01-27,Main electronic drive controller PCB failed with IGBT gate driver error E2,Main Control Board Defect,2027-01-30,0 repairs,True,True,True,True,DAW-WA-Z025-US9SW64,False,Manual Review
CLM-2026-01293,USR-91098,PRD-SM-SAM-SM-A,Smartphone,Samsung Galaxy A55 5G,Samsung,SM-A556E,35874211122999,2025-11-15,112400.0,Al-Madina Electronics Authorized Franchise,12,2025-11-16,2026-11-16,2026-10-06,Spontaneous vertical green line on AMOLED panel post official OTA update,Display Panel Defect,2026-10-11,0 repairs,True,True,True,True,3S874211122999,False,Manual Review
CLM-2026-00279,USR-72193,PRD-WA-SAM-WW90,Washing Machine,Samsung EcoBubble Front-Load Inverter 9kg,Samsung,WW90T554DAW,SAM-WA-2025-JS3ADJY,2026-05-14,136200.0,Airlink Communications Official Flagship,36,2026-05-14,2029-05-13,2028-03-30,Drum balance suspension damper mechanical collapse under rated wash load,Mechanical Suspension Defect,2028-04-02,1 repair (Authorized Service Center),True,True,True,True,SAM-WA-2025-JS3ADJY,False,Valid Claim
CLM-2026-01087,USR-56941,PRD-AU-SAM-HW-Q,Audio / Soundbar,Samsung Q-Series Soundbar 3.1.2ch,Samsung,HW-Q600C,SAM-AU-2025-80MC6F2,2026-02-04,94700.0,Brand Flagship Experience Store,12,2026-02-05,2027-02-05,2027-02-09,Bluetooth RF transceiver chip desoldered; device refuses pairing handshakes,Wireless Transceiver Defect,2027-02-11,0 repairs,True,True,True,True,SAM-AU-2025-80MC6F2,False,Manual Review
CLM-2026-01316,USR-31197,PRD-SM-APP-A310,Smartphone,Apple iPhone 15 Pro Max,Apple,A3106,35912491195902,2026-02-04,385300.0,Al-Madina Electronics Authorized Franchise,12,2026-02-05,2027-02-05,2026-10-09,Logic board PMIC power distribution failure; unit will not boot,Logic Board Failure,2026-10-12,0 repairs,True,True,True,True,3S912491195902,False,Manual Review
CLM-2026-00588,USR-28332,PRD-SM-APP-A310,Smartphone,Apple iPhone 15 Pro Max,Apple,A3106,86049232306583,2025-11-13,441100.0,Al-Madina Electronics Authorized Franchise,12,2025-11-14,2026-11-14,2026-05-13,USB-C fast charging handshake pin solder fatigue; fails to negotiate charge,Charging Port Failure,2026-05-18,0 repairs,True,True,True,True,35912476462542,False,Invalid Claim
CLM-2026-00045,USR-45018,PRD-LA-APP-A268,Laptop,Apple MacBook Air 13 M2,Apple,A2681,APP-LA-2025-DFFF46K,2026-06-03,235800.0,Airlink Communications Official Flagship,24,2026-06-03,2028-06-02,2027-03-22,Factory NVMe SSD controller locked in permanent read-only state,Internal Storage Degradation,2027-03-26,2 repairs (Authorized Service Center),True,True,True,True,APP-LA-2025-DFFF46K,False,Valid Claim
CLM-2026-01383,USR-22804,PRD-SM-TCL-50P6,Smart TV,TCL 4K HDR Smart TV 50-inch,TCL,50P635,TCL-SM-2025-BPXLU2C,2025-05-27,94100.0,Metro Cash & Carry Official Counter,24,2025-05-28,2027-05-28,2025-10-31,LED backlight string driver open circuit resulting in total black screen with intact audio,Backlight Array Failure,2025-11-02,0 repairs,True,False,True,True,TCL-SM-2025-BPXLU2C,False,Manual Review
CLM-2026-01416,USR-10338,PRD-SM-APP-A288,Smartphone,Apple iPhone 14,Apple,A2882,86049282942383,2026-01-15,219900.0,TechnoCity Prime Electronics,12,2026-01-16,2027-01-16,2026-12-06,Spontaneous vertical green line on AMOLED panel post official OTA update,Display Panel Defect,2026-12-10,0 repairs,True,True,True,True,B6049282942383,False,Manual Review
CLM-2026-00930,USR-39016,PRD-WA-HAI-HWM1,Washing Machine,Haier Inverter Front-Load 10kg Washer,Haier,HWM100-1678,HAI-WA-2025-394171L,2026-01-03,136800.0,Cnergy Tech Retail Center,36,2026-01-04,2029-01-03,2026-07-03,Inverter Direct Drive motor stator hall-effect sensor electrical open circuit,Inverter Motor Failure,2026-07-08,0 repairs,False,False,True,True,,False,Invalid Claim
CLM-2026-01491,USR-89632,PRD-SM-XIA-2309,Smartphone,Xiaomi Redmi Note 13 Pro+,Xiaomi,23090RA98G,35912461594161,2026-07-13,102000.0,Metro Cash & Carry Official Counter,12,2026-07-14,2027-07-14,2027-07-15,Spontaneous vertical green line on AMOLED panel post official OTA update,Display Panel Defect,2027-07-19,0 repairs,True,True,True,True,35912461594161,False,Manual Review
CLM-2026-00740,USR-36108,PRD-WA-LG-T211,Washing Machine,LG Smart Inverter Top-Load 11kg,LG,T2111VSSV,LG-WA-2025-24CJC2T,2024-10-19,79000.0,,36,2024-10-20,2027-10-20,2025-03-19,Internal drainage pump motor winding electrical open circuit with OE code,Drain Pump Defect,2025-03-24,1 repair (Authorized Service Center),False,False,True,True,,False,Invalid Claim
CLM-2026-00273,USR-47851,PRD-AU-APP-MTJV,Audio / Soundbar,Apple AirPods Pro 2nd Gen,Apple,MTJV3,APP-AU-2025-15BVV54,2026-07-16,66400.0,Mega PK Technologies Flagship Hub,12,2026-07-17,2027-07-17,2026-12-31,ANC feedback microphone capsule dead; severe acoustic howling artifact,Microphone Hardware Failure,2027-01-03,1 repair (Authorized Service Center),True,True,True,True,APP-AU-2025-15BVV54,False,Valid Claim
CLM-2026-00144,USR-95199,PRD-SM-TCL-55C7,Smart TV,TCL QLED Mini-LED 55-inch,TCL,55C755,TCL-SM-2025-CR3AW4S,2026-06-04,145800.0,Mega PK Technologies Flagship Hub,12,2026-06-04,2027-06-04,2026-07-19,Internal T-CON timing controller logic failure causing display split-screen inversion,Timing Controller (T-CON) Defect,2026-07-24,2 repairs (Authorized Service Center),True,True,True,True,TCL-SM-2025-CR3AW4S,False,Valid Claim
CLM-2026-00222,USR-79444,PRD-LA-LEN-21HD,Laptop,Lenovo ThinkPad T14 Gen 4,Lenovo,21HD001EUS,LEN-LA-2025-VHR3MWH,2026-08-11,261400.0,Hafeez Center Certified Dealer Outlets,12,2026-08-12,2027-08-12,2027-05-16,Factory NVMe SSD controller locked in permanent read-only state,Internal Storage Degradation,2027-05-20,0 repairs,True,True,True,True,LEN-LA-2025-VHR3MWH,False,Valid Claim
CLM-2026-01012,USR-23891,PRD-SM-SAM-SM-S,Smartphone,Samsung Galaxy S24 Ultra,Samsung,SM-S928B,86049254275747,2025-10-24,280100.0,Al-Madina Electronics Authorized Franchise,12,2025-10-25,2026-10-25,2026-03-10,Cellular baseband modem chip malfunction; persistent No Service state (Customer notes prior minor servicing at local shop),Modem / Cellular Hardware Defect,2026-03-15,"2 repairs (1 Authorized, 1 Unauthorized)",True,True,True,True,86049254275747,False,Manual Review
CLM-2026-00603,USR-69827,PRD-WA-HAI-HWM8,Washing Machine,Haier Twin Tub Semi-Automatic Washer,Haier,HWM80-50,HAI-WA-2025-5FBW6B5,2025-08-31,39200.0,Brand Flagship Experience Store,12,2025-09-01,2026-09-01,2026-01-11,Unit power failure; replacement unit already issued under previous claim,Hardware Failure,2026-01-16,0 repairs,True,True,True,True,HAI-WA-2025-5FBW6B5,True,Invalid Claim
CLM-2026-01117,USR-71290,PRD-SM-SAM-SM-A,Smartphone,Samsung Galaxy A55 5G,Samsung,SM-A556E,35874260801452,2025-10-14,123100.0,Mega PK Technologies Flagship Hub,12,2025-10-15,2026-10-15,2025-11-20,Cellular baseband modem chip malfunction; persistent No Service state,Modem / Cellular Hardware Defect,2025-11-24,0 repairs,True,True,True,True,3S874260801452,False,Manual Review
CLM-2026-01443,USR-86391,PRD-LA-APP-A299,Laptop,Apple MacBook Pro 14 M3,Apple,A2992,APP-LA-2025-ZWFUFN3,2026-04-25,360800.0,Hafeez Center Certified Dealer Outlets,12,2026-04-26,2027-04-26,2027-02-22,Factory NVMe SSD controller locked in permanent read-only state (Customer notes prior minor servicing at local shop),Internal Storage Degradation,2027-02-27,1 repair (Unauthorized Third-Party),True,True,True,True,APP-LA-2025-ZWFUFN3,False,Manual Review
CLM-2026-00647,USR-11958,PRD-WA-SAM-WA13,Washing Machine,Samsung Wobble Technology Top-Load 13kg,Samsung,WA13CG5441BY,SAM-WA-2025-AW1VX1C,2024-09-18,79500.0,Cnergy Tech Retail Center,12,2024-09-19,2025-09-19,2024-11-18,Unit power failure; replacement unit already issued under previous claim,Hardware Failure,2024-11-19,0 repairs,True,True,True,True,SAM-WA-2025-AW1VX1C,True,Invalid Claim
CLM-2026-00737,USR-21925,PRD-SM-TCL-50P6,Smart TV,TCL 4K HDR Smart TV 50-inch,TCL,50P635,TCL-SM-2025-XVFGRUK,2024-07-30,77100.0,TechnoCity Prime Electronics,24,2024-07-31,2026-07-31,2024-12-18,Unit power failure; replacement unit already issued under previous claim,Hardware Failure,2024-12-21,0 repairs,True,True,True,True,TCL-SM-2025-XVFGRUK,True,Invalid Claim
CLM-2026-01265,USR-98102,PRD-AU-SAM-HW-Q,Audio / Soundbar,Samsung Q-Series Soundbar 3.1.2ch,Samsung,HW-Q600C,SAM-AU-2025-ALAYKZD,2025-10-27,115700.0,Airlink Communications Official Flagship,12,2025-10-28,2026-10-28,2026-01-07,Active subwoofer Class-D amplifier module silent; power LED steady green,Amplifier Circuit Failure,2026-01-10,0 repairs,True,True,True,True,5AM-AU-2025-ALAYKZD,False,Manual Review
CLM-2026-00059,USR-18609,PRD-AU-SON-HT-S,Audio / Soundbar,Sony Dolby Atmos Soundbar 5.1,Sony,HT-S40R,SON-AU-2025-FY2FDNG,2025-12-27,101400.0,Mega PK Technologies Flagship Hub,12,2025-12-27,2026-12-27,2026-02-16,ANC feedback microphone capsule dead; severe acoustic howling artifact,Microphone Hardware Failure,2026-02-19,0 repairs,True,True,True,True,SON-AU-2025-FY2FDNG,False,Valid Claim
CLM-2026-01445,USR-79984,PRD-WA-SAM-WA13,Washing Machine,Samsung Wobble Technology Top-Load 13kg,Samsung,WA13CG5441BY,SAM-WA-2025-KVB3WRV,2025-11-04,105000.0,Airlink Communications Official Flagship,12,2025-11-05,2026-11-05,2026-11-03,Drum balance suspension damper mechanical collapse under rated wash load,Mechanical Suspension Defect,2026-11-08,0 repairs,True,True,True,True,SAM-WA-2025-KVB3WRV,False,Manual Review
CLM-2026-01151,USR-15230,PRD-SM-SAM-SM-F,Smartphone,Samsung Galaxy Z Fold 5,Samsung,SM-F946B,35874220930008,2026-04-11,476900.0,Metro Cash & Carry Official Counter,12,2026-04-12,2027-04-12,2026-11-08,Cellular baseband modem chip malfunction; persistent No Service state,Modem / Cellular Hardware Defect,2026-11-13,0 repairs,True,True,False,True,35874220930008,False,Manual Review
CLM-2026-00132,USR-40389,PRD-SM-SAM-SM-A,Smartphone,Samsung Galaxy A55 5G,Samsung,SM-A556E,35874279255522,2025-11-02,110600.0,Hafeez Center Certified Dealer Outlets,12,2025-11-02,2026-11-02,2026-04-30,USB-C fast charging handshake pin solder fatigue; fails to negotiate charge,Charging Port Failure,2026-05-05,1 repair (Authorized Service Center),True,True,True,True,35874279255522,False,Valid Claim
CLM-2026-00136,USR-14044,PRD-SM-APP-A310,Smartphone,Apple iPhone 15 Pro Max,Apple,A3106,35912464913087,2026-01-11,351200.0,Metro Cash & Carry Official Counter,12,2026-01-12,2027-01-12,2026-09-29,Logic board PMIC power distribution failure; unit will not boot,Logic Board Failure,2026-10-01,2 repairs (Authorized Service Center),True,True,True,True,35912464913087,False,Valid Claim
CLM-2026-00196,USR-54676,PRD-AU-SAM-HW-Q,Audio / Soundbar,Samsung Q-Series Soundbar 3.1.2ch,Samsung,HW-Q600C,SAM-AU-2025-AZR0D1J,2026-06-26,117100.0,Cnergy Tech Retail Center,12,2026-06-27,2027-06-27,2027-03-24,Bluetooth RF transceiver chip desoldered; device refuses pairing handshakes,Wireless Transceiver Defect,2027-03-29,1 repair (Authorized Service Center),True,True,True,True,SAM-AU-2025-AZR0D1J,False,Valid Claim
CLM-2026-01093,USR-99817,PRD-LA-APP-A268,Laptop,Apple MacBook Air 13 M2,Apple,A2681,APP-LA-2025-1JVEWSX,2026-01-04,234600.0,Airlink Communications Official Flagship,12,2026-01-05,2027-01-05,2026-09-05,Dedicated GPU VRAM solder fatigue resulting in visual polygon artifacting,GPU Hardware Malfunction,2026-09-07,0 repairs,True,True,True,False,APP-LA-2025-1JVEWSX,False,Manual Review
CLM-2026-00538,USR-44243,PRD-WA-SAM-WW90,Washing Machine,Samsung EcoBubble Front-Load Inverter 9kg,Samsung,WW90T554DAW,SAM-WA-2025-8Z6K27F,2025-06-28,191100.0,Daraz Mall Authorized Brand Store,36,2025-06-29,2028-06-28,2025-11-04,Inverter Direct Drive motor stator hall-effect sensor electrical open circuit,Inverter Motor Failure,2025-11-08,1 repair (Unauthorized Third-Party),False,False,True,True,,False,Invalid Claim
CLM-2026-00890,USR-85925,PRD-AU-APP-MTJV,Audio / Soundbar,Apple AirPods Pro 2nd Gen,Apple,MTJV3,APP-AU-2025-Z8XW13F,2026-01-05,56800.0,Daraz Mall Authorized Brand Store,12,2026-01-06,2027-01-06,2026-02-27,ANC feedback microphone capsule dead; severe acoustic howling artifact,Microphone Hardware Failure,2026-02-28,0 repairs,True,True,True,True,APP-AU-2025-UHST6AD,False,Invalid Claim
CLM-2026-00685,USR-10448,PRD-WA-DAW-DW-F,Washing Machine,Dawlance Inverter Front-Load ProWash,Dawlance,DW-FL-9000,DAW-WA-2025-1NDHL5X,2026-01-29,116500.0,,24,2026-01-30,2028-01-30,2026-04-19,Internal drainage pump motor winding electrical open circuit with OE code,Drain Pump Defect,2026-04-20,0 repairs,False,True,True,True,,False,Invalid Claim
CLM-2026-01143,USR-83229,PRD-SM-SAM-QA55,Smart TV,Samsung QLED 4K Smart TV 55-inch,Samsung,QA55Q60CA,SAM-SM-2025-90LP4H7,2026-07-12,241700.0,Brand Flagship Experience Store,12,2026-07-13,2027-07-13,2027-07-08,Motherboard HDMI receiver chip failure; all ports report No Signal,Mainboard HDMI Interface Failure,2027-07-16,0 repairs,True,True,True,True,SAM-SM-2025-90LP4H7,False,Manual Review
CLM-2026-00621,USR-88819,PRD-SM-SAM-UA65,Smart TV,Samsung Crystal UHD 4K 65-inch,Samsung,UA65CU7000,SAM-SM-2025-L4LZKRY,2025-06-27,157000.0,Hafeez Center Certified Dealer Outlets,12,2025-06-28,2026-06-28,2025-08-10,Internal T-CON timing controller logic failure causing display split-screen inversion,Timing Controller (T-CON) Defect,2025-08-13,0 repairs,False,False,True,True,,False,Invalid Claim
CLM-2026-00184,USR-53598,PRD-AU-SON-WH-1,Audio / Soundbar,Sony Wireless Noise Canceling Headphones,Sony,WH-1000XM5,SON-AU-2025-1V46DJW,2025-12-20,98800.0,Mega PK Technologies Flagship Hub,12,2025-12-20,2026-12-20,2026-06-09,Bluetooth RF transceiver chip desoldered; device refuses pairing handshakes,Wireless Transceiver Defect,2026-06-11,1 repair (Authorized Service Center),True,True,True,True,SON-AU-2025-1V46DJW,False,Valid Claim
CLM-2026-00572,USR-51756,PRD-AU-APP-MTJV,Audio / Soundbar,Apple AirPods Pro 2nd Gen,Apple,MTJV3,APP-AU-2025-CEGKY39,2026-01-19,75200.0,Mega PK Technologies Flagship Hub,12,2026-01-20,2027-01-20,2026-04-23,Active subwoofer Class-D amplifier module silent; power LED steady green,Amplifier Circuit Failure,2026-04-26,1 repair (Unauthorized Third-Party),False,False,True,True,,False,Invalid Claim
CLM-2026-00791,USR-38119,PRD-AU-SON-HT-S,Audio / Soundbar,Sony Dolby Atmos Soundbar 5.1,Sony,HT-S40R,SON-AU-2025-7V6DZ2N,2024-12-13,70200.0,Metro Cash & Carry Official Counter,12,2024-12-14,2025-12-14,2025-02-06,Unit power failure; replacement unit already issued under previous claim,Hardware Failure,2025-02-08,1 repair (Unauthorized Third-Party),True,True,True,True,SON-AU-2025-7V6DZ2N,True,Invalid Claim
CLM-2026-00561,USR-15060,PRD-AU-APP-MTJV,Audio / Soundbar,Apple AirPods Pro 2nd Gen,Apple,MTJV3,APP-AU-2025-FZ7W9N9,2024-08-31,59900.0,Brand Flagship Experience Store,12,2024-09-01,2025-09-01,2024-12-11,Headband hinge snapped in half from severe outward hyperextension,Physical Impact / Accidental Drop,2024-12-16,1 repair (Authorized Service Center),True,True,True,True,APP-AU-2025-FZ7W9N9,False,Invalid Claim
CLM-2026-01398,USR-46122,PRD-SM-SAM-SM-F,Smartphone,Samsung Galaxy Z Fold 5,Samsung,SM-F946B,86410922881864,2026-05-04,435200.0,Brand Flagship Experience Store,12,2026-05-05,2027-05-05,2026-09-02,Camera module Optical Image Stabilization (OIS) actuator rattle and blur,Camera Module Hardware Defect,2026-09-17,0 repairs,True,True,True,True,86410922881864,False,Manual Review
CLM-2026-00540,USR-58904,PRD-WA-SAM-WA13,Washing Machine,Samsung Wobble Technology Top-Load 13kg,Samsung,WA13CG5441BY,SAM-WA-2025-DD0JYDR,2025-05-04,96400.0,Mega PK Technologies Flagship Hub,24,2025-05-05,2027-05-05,2025-10-20,Unit power failure; replacement unit already issued under previous claim,Hardware Failure,2025-10-25,0 repairs,True,True,True,True,SAM-WA-2025-DD0JYDR,True,Invalid Claim
CLM-2026-01464,USR-27655,PRD-SM-SON-KD-6,Smart TV,Sony Bravia LED 4K 65-inch,Sony,KD-65X77L,SON-SM-2025-U6AX21L,2025-12-25,253600.0,Cnergy Tech Retail Center,24,2025-12-26,2027-12-26,2026-01-26,LED backlight string driver open circuit resulting in total black screen with intact audio,Backlight Array Failure,2026-01-28,0 repairs,True,True,True,True,5ON-SM-2025-U6AX21L,False,Manual Review
CLM-2026-00022,USR-49363,PRD-AU-SON-WH-1,Audio / Soundbar,Sony Wireless Noise Canceling Headphones,Sony,WH-1000XM5,SON-AU-2025-0XHPRNC,2026-07-07,77000.0,Al-Madina Electronics Authorized Franchise,12,2026-07-08,2027-07-08,2027-06-02,ANC feedback microphone capsule dead; severe acoustic howling artifact,Microphone Hardware Failure,2027-06-05,0 repairs,True,True,True,True,SON-AU-2025-0XHPRNC,False,Valid Claim
CLM-2026-00294,USR-33566,PRD-SM-XIA-2403,Smartphone,Xiaomi Xiaomi 14 Ultra,Xiaomi,24030PN60G,35912428223511,2026-06-02,203000.0,TechnoCity Prime Electronics,12,2026-06-03,2027-06-03,2027-02-01,USB-C fast charging handshake pin solder fatigue; fails to negotiate charge,Charging Port Failure,2027-02-06,2 repairs (Authorized Service Center),True,True,True,True,35912428223511,False,Valid Claim
CLM-2026-00491,USR-51976,PRD-WA-DAW-DW-9,Washing Machine,Dawlance Top-Load Energy Saver 11kg,Dawlance,DW-9060-ES,DAW-WA-2025-NL9V8GC,2026-03-29,63600.0,Mega PK Technologies Flagship Hub,36,2026-03-29,2029-03-28,2026-04-12,Drum balance suspension damper mechanical collapse under rated wash load,Mechanical Suspension Defect,2026-04-14,0 repairs,True,True,True,True,DAW-WA-2025-NL9V8GC,False,Valid Claim
CLM-2026-00888,USR-92128,PRD-SM-APP-A309,Smartphone,Apple iPhone 15,Apple,A3090,86049246439921,2025-06-05,295000.0,Hafeez Center Certified Dealer Outlets,12,2025-06-06,2026-06-06,2025-12-02,USB-C fast charging handshake pin solder fatigue; fails to negotiate charge,Charging Port Failure,2025-12-04,1 repair (Authorized Service Center),True,True,True,True,86049240396845,False,Invalid Claim
CLM-2026-01236,USR-60926,PRD-AU-SAM-HW-Q,Audio / Soundbar,Samsung Q-Series Soundbar 3.1.2ch,Samsung,HW-Q600C,SAM-AU-2025-391P2BA,2025-09-25,83700.0,Muller & Phipps Authorized Retail,12,2025-09-26,2026-09-26,2026-05-20,ANC feedback microphone capsule dead; severe acoustic howling artifact,Microphone Hardware Failure,2026-05-23,0 repairs,True,True,True,True,5AM-AU-2025-391P2BA,False,Manual Review
CLM-2026-01233,USR-21325,PRD-SM-APP-A310,Smartphone,Apple iPhone 15 Pro Max,Apple,A3106,35912489413711,2025-10-22,431300.0,TechnoCity Prime Electronics,12,2025-10-23,2026-10-23,2026-10-27,USB-C fast charging handshake pin solder fatigue; fails to negotiate charge,Charging Port Failure,2026-10-28,0 repairs,True,True,True,True,35912489413711,False,Manual Review
CLM-2026-00283,USR-21413,PRD-SM-XIA-2403,Smartphone,Xiaomi Xiaomi 14 Ultra,Xiaomi,24030PN60G,35912462021208,2026-06-13,208500.0,Cnergy Tech Retail Center,12,2026-06-13,2027-06-13,2026-11-29,Earpiece acoustic transducer failure causing distorted voice audio,Acoustic Transducer Defect,2026-11-30,2 repairs (Authorized Service Center),True,True,True,True,35912462021208,False,Valid Claim
CLM-2026-00788,USR-96283,PRD-SM-SAM-SM-F,Smartphone,Samsung Galaxy Z Fold 5,Samsung,SM-F946B,35874224740384,2025-02-23,402600.0,Al-Madina Electronics Authorized Franchise,12,2025-02-24,2026-02-24,2025-04-17,Camera module Optical Image Stabilization (OIS) actuator rattle and blur,Camera Module Hardware Defect,2025-06-13,1 repair (Unauthorized Third-Party),True,True,True,True,35874224740384,False,Invalid Claim
CLM-2026-00344,USR-40522,PRD-SM-TCL-55C7,Smart TV,TCL QLED Mini-LED 55-inch,TCL,55C755,TCL-SM-2025-3DNZRW5,2026-02-06,139700.0,Hafeez Center Certified Dealer Outlets,12,2026-02-06,2027-02-06,2026-08-08,Motherboard HDMI receiver chip failure; all ports report No Signal,Mainboard HDMI Interface Failure,2026-08-10,0 repairs,True,True,True,True,TCL-SM-2025-3DNZRW5,False,Valid Claim
CLM-2026-00569,USR-71585,PRD-WA-SAM-WA13,Washing Machine,Samsung Wobble Technology Top-Load 13kg,Samsung,WA13CG5441BY,SAM-WA-2025-DZKLSWV,2025-09-20,84100.0,Muller & Phipps Authorized Retail,24,2025-09-21,2027-09-21,2028-01-31,Electronic door safety microswitch interlock latch contact failure,Safety Interlock Defect,2028-02-03,0 repairs,True,True,True,True,SAM-WA-2025-DZKLSWV,False,Invalid Claim
CLM-2026-01412,USR-78258,PRD-LA-HP-15-e,Laptop,HP Pavilion 15,HP,15-eg3023nr,HP-LA-2025-ZSE8LCC,2026-01-23,151200.0,Muller & Phipps Authorized Retail,24,2026-01-24,2028-01-24,2028-01-25,Factory NVMe SSD controller locked in permanent read-only state,Internal Storage Degradation,2028-01-26,0 repairs,True,True,True,True,HP-LA-2025-ZSE8LCC,False,Manual Review
CLM-2026-00696,USR-49676,PRD-WA-LG-T211,Washing Machine,LG Smart Inverter Top-Load 11kg,LG,T2111VSSV,LG-WA-2025-RSF2J4Z,2026-02-27,88200.0,Hafeez Center Certified Dealer Outlets,24,2026-02-28,2028-02-28,2026-08-13,Unit power failure; replacement unit already issued under previous claim,Hardware Failure,2026-08-14,1 repair (Unauthorized Third-Party),True,True,True,True,LG-WA-2025-RSF2J4Z,True,Invalid Claim
CLM-2026-00377,USR-49441,PRD-SM-XIA-2403,Smartphone,Xiaomi Xiaomi 14 Ultra,Xiaomi,24030PN60G,35912497056732,2026-04-10,267300.0,TechnoCity Prime Electronics,12,2026-04-11,2027-04-11,2027-03-07,Spontaneous vertical green line on AMOLED panel post official OTA update,Display Panel Defect,2027-03-12,0 repairs,True,True,True,True,35912497056732,False,Valid Claim
CLM-2026-00679,USR-30437,PRD-AU-APP-MTJV,Audio / Soundbar,Apple AirPods Pro 2nd Gen,Apple,MTJV3,APP-AU-2025-6NX07TU,2025-02-03,56400.0,Mega PK Technologies Flagship Hub,12,2025-02-04,2026-02-04,2025-05-25,Left earpiece dropped in water puddle; acoustic chamber liquid contaminated,Liquid / Moisture Damage,2025-05-29,0 repairs,True,True,True,True,APP-AU-2025-6NX07TU,False,Invalid Claim
CLM-2026-00338,USR-49935,PRD-LA-DEL-i563,Laptop,Dell Inspiron 16,Dell,i5630-7212SLV,DEL-LA-2025-DX340BN,2026-06-01,166000.0,Airlink Communications Official Flagship,12,2026-06-02,2027-06-02,2027-04-13,Factory NVMe SSD controller locked in permanent read-only state,Internal Storage Degradation,2027-04-18,0 repairs,True,True,True,True,DEL-LA-2025-DX340BN,False,Valid Claim
CLM-2026-01193,USR-76837,PRD-SM-APP-A288,Smartphone,Apple iPhone 14,Apple,A2882,86410988273831,2025-11-17,192600.0,Brand Flagship Experience Store,12,2025-11-18,2026-11-18,2026-01-01,Cellular baseband modem chip malfunction; persistent No Service state (Customer notes prior minor servicing at local shop),Modem / Cellular Hardware Defect,2026-01-05,"2 repairs (1 Authorized, 1 Unauthorized)",True,True,True,True,86410988273831,False,Manual Review
CLM-2026-00812,USR-59452,PRD-AU-APP-MTJV,Audio / Soundbar,Apple AirPods Pro 2nd Gen,Apple,MTJV3,APP-AU-2025-60TKBDJ,2024-09-19,55300.0,Cnergy Tech Retail Center,12,2024-09-20,2025-09-20,2024-12-11,Unit power failure; replacement unit already issued under previous claim,Hardware Failure,2024-12-17,0 repairs,True,True,True,True,APP-AU-2025-60TKBDJ,True,Invalid Claim
CLM-2026-00531,USR-63026,PRD-WA-LG-T211,Washing Machine,LG Smart Inverter Top-Load 11kg,LG,T2111VSSV,LG-WA-2025-MY71182,2025-05-31,77200.0,Hafeez Center Certified Dealer Outlets,12,2025-06-01,2026-06-01,2026-12-01,Drum balance suspension damper mechanical collapse under rated wash load,Mechanical Suspension Defect,2026-12-07,0 repairs,True,True,True,True,LG-WA-2025-MY71182,False,Invalid Claim
CLM-2026-00252,USR-96235,PRD-SM-SAM-SM-S,Smartphone,Samsung Galaxy S24 Ultra,Samsung,SM-S928B,35874224368707,2026-05-05,212200.0,TechnoCity Prime Electronics,12,2026-05-05,2027-05-05,2026-05-31,Earpiece acoustic transducer failure causing distorted voice audio,Acoustic Transducer Defect,2026-06-05,1 repair (Authorized Service Center),True,True,True,True,35874224368707,False,Valid Claim
CLM-2026-01113,USR-67052,PRD-WA-DAW-DW-9,Washing Machine,Dawlance Top-Load Energy Saver 11kg,Dawlance,DW-9060-ES,DAW-WA-2025-DEE473Z,2025-06-02,64400.0,Daraz Mall Authorized Brand Store,24,2025-06-03,2027-06-03,2027-06-09,Inverter Direct Drive motor stator hall-effect sensor electrical open circuit,Inverter Motor Failure,2027-06-10,0 repairs,True,True,True,True,DAW-WA-2025-DEE473Z,False,Manual Review
CLM-2026-01173,USR-44389,PRD-SM-SAM-UA65,Smart TV,Samsung Crystal UHD 4K 65-inch,Samsung,UA65CU7000,SAM-SM-2025-E4J0XU0,2025-11-19,185600.0,Hafeez Center Certified Dealer Outlets,24,2025-11-20,2027-11-20,2026-06-18,Motherboard HDMI receiver chip failure; all ports report No Signal,Mainboard HDMI Interface Failure,2026-06-22,0 repairs,True,False,True,False,SAM-SM-2025-E4J0XU0,False,Manual Review
CLM-2026-00775,USR-18768,PRD-AU-SON-WH-1,Audio / Soundbar,Sony Wireless Noise Canceling Headphones,Sony,WH-1000XM5,SON-AU-2025-0VTETSD,2025-08-27,119600.0,Metro Cash & Carry Official Counter,12,2025-08-28,2026-08-28,2026-01-13,Subwoofer power coil fried by 280V voltage spike on unprotected extension lead,Power Surge Burnout (No Voltage Stabilizer),2026-01-18,1 repair (Unauthorized Third-Party),True,True,True,True,SON-AU-2025-0VTETSD,False,Invalid Claim
CLM-2026-00894,USR-23096,PRD-AU-APP-MTJV,Audio / Soundbar,Apple AirPods Pro 2nd Gen,Apple,MTJV3,APP-AU-2025-0XEV355,2024-12-26,61900.0,Muller & Phipps Authorized Retail,12,2024-12-27,2025-12-27,2025-03-02,ANC feedback microphone capsule dead; severe acoustic howling artifact,Microphone Hardware Failure,2025-03-05,1 repair (Authorized Service Center),True,True,True,True,APP-AU-2025-NFDSLC3,False,Invalid Claim
CLM-2026-00663,USR-12087,PRD-LA-HP-818M,Laptop,HP EliteBook 840 G10,HP,818M8UT,HP-LA-2025-MAG6C8P,2025-03-29,206600.0,Muller & Phipps Authorized Retail,12,2025-03-30,2026-03-30,2025-05-29,Factory NVMe SSD controller locked in permanent read-only state,Internal Storage Degradation,2025-05-31,1 repair (Authorized Service Center),False,False,True,True,,False,Invalid Claim
CLM-2026-01141,USR-83927,PRD-LA-APP-A299,Laptop,Apple MacBook Pro 14 M3,Apple,A2992,APP-LA-2025-91ZPX4L,2026-02-21,315300.0,Muller & Phipps Authorized Retail,12,2026-02-22,2027-02-22,2026-07-03,Persistent dead pixel vertical line across IPS display panel,Display Panel Defect,2026-07-05,0 repairs,True,True,True,False,APP-LA-2025-91ZPX4L,False,Manual Review
CLM-2026-01082,USR-76265,PRD-SM-TCL-55C7,Smart TV,TCL QLED Mini-LED 55-inch,TCL,55C755,TCL-SM-2025-7J3AUW9,2025-05-23,127300.0,Brand Flagship Experience Store,24,2025-05-24,2027-05-24,2025-11-14,Internal switch-mode power supply (SMPS) secondary rail diode breakdown,Internal Power Supply Failure,2025-11-19,0 repairs,True,True,True,True,TCL-5M-2025-7J3AUW9,False,Manual Review
CLM-2026-00706,USR-18273,PRD-SM-SON-KD-6,Smart TV,Sony Bravia LED 4K 65-inch,Sony,KD-65X77L,SON-SM-2025-LBALLKH,2025-02-20,234000.0,Airlink Communications Official Flagship,24,2025-02-21,2027-02-21,2025-06-15,Motherboard HDMI receiver chip failure; all ports report No Signal,Mainboard HDMI Interface Failure,2025-06-20,1 repair (Unauthorized Third-Party),False,True,True,True,,False,Invalid Claim
CLM-2026-00150,USR-58193,PRD-LA-HP-15-e,Laptop,HP Pavilion 15,HP,15-eg3023nr,HP-LA-2025-BEH8ZLG,2025-11-23,152600.0,Mega PK Technologies Flagship Hub,12,2025-11-24,2026-11-24,2026-01-01,Keyboard matrix row 3 (keys A-S-D-F) non-responsive under dry conditions,Keyboard Matrix Failure,2026-01-05,0 repairs,True,True,True,True,HP-LA-2025-BEH8ZLG,False,Valid Claim
CLM-2026-01432,USR-73228,PRD-SM-TCL-50P6,Smart TV,TCL 4K HDR Smart TV 50-inch,TCL,50P635,TCL-SM-2025-DB4BHCS,2026-02-21,0.0,Airlink Communications Official Flagship,12,2026-02-22,2027-02-22,2026-05-17,Internal T-CON timing controller logic failure causing display split-screen inversion (Promotional raffle prize bundle),Timing Controller (T-CON) Defect,2026-05-29,0 repairs,True,True,True,True,TCL-SM-2025-DB4BHCS,False,Manual Review
CLM-2026-01089,USR-75511,PRD-AU-SON-WH-1,Audio / Soundbar,Sony Wireless Noise Canceling Headphones,Sony,WH-1000XM5,SON-AU-2025-RYAVE80,2026-02-13,84000.0,Cnergy Tech Retail Center,12,2026-02-14,2027-02-14,2027-02-19,Active subwoofer Class-D amplifier module silent; power LED steady green,Amplifier Circuit Failure,2027-02-23,0 repairs,True,True,True,True,SON-AU-2025-RYAVE80,False,Manual Review
CLM-2026-01404,USR-23338,PRD-SM-SON-XR-5,Smart TV,Sony Bravia 4K OLED 55-inch,Sony,XR-55A80L,SON-SM-2025-L3657RS,2025-04-29,437500.0,Daraz Mall Authorized Brand Store,24,2025-04-30,2027-04-30,2026-03-18,Internal T-CON timing controller logic failure causing display split-screen inversion (Customer notes prior minor servicing at local shop),Timing Controller (T-CON) Defect,2026-03-20,"2 repairs (1 Authorized, 1 Unauthorized)",True,True,True,True,SON-SM-2025-L3657RS,False,Manual Review
CLM-2026-00510,USR-23606,PRD-WA-LG-T211,Washing Machine,LG Smart Inverter Top-Load 11kg,LG,T2111VSSV,LG-WA-2025-FCJ5E9M,2024-12-17,77400.0,Muller & Phipps Authorized Retail,12,2024-12-18,2025-12-18,2025-02-12,Inverter Direct Drive motor stator hall-effect sensor electrical open circuit,Inverter Motor Failure,2025-04-10,1 repair (Unauthorized Third-Party),True,True,True,True,LG-WA-2025-FCJ5E9M,False,Invalid Claim
CLM-2026-00760,USR-52879,PRD-WA-SAM-WW90,Washing Machine,Samsung EcoBubble Front-Load Inverter 9kg,Samsung,WW90T554DAW,SAM-WA-2025-WGYKDV9,2025-09-22,136200.0,Brand Flagship Experience Store,24,2025-09-23,2027-09-23,2025-11-22,Unit power failure; replacement unit already issued under previous claim,Hardware Failure,2025-11-27,1 repair (Authorized Service Center),True,True,True,True,SAM-WA-2025-WGYKDV9,True,Invalid Claim
CLM-2026-01376,USR-20752,PRD-WA-SAM-WA13,Washing Machine,Samsung Wobble Technology Top-Load 13kg,Samsung,WA13CG5441BY,SAM-WA-2025-R6K4XVK,2026-02-21,84200.0,Brand Flagship Experience Store,36,2026-02-22,2029-02-21,2028-07-09,Inverter Direct Drive motor stator hall-effect sensor electrical open circuit (Customer notes prior minor servicing at local shop),Inverter Motor Failure,2028-07-13,3 repairs (Authorized Service Center),True,True,True,True,SAM-WA-2025-R6K4XVK,False,Manual Review
CLM-2026-00124,USR-66489,PRD-LA-LEN-21HD,Laptop,Lenovo ThinkPad T14 Gen 4,Lenovo,21HD001EUS,LEN-LA-2025-PLRA30A,2026-02-08,230200.0,TechnoCity Prime Electronics,24,2026-02-09,2028-02-09,2026-06-03,Motherboard MOSFET short circuit causing instantaneous thermal protection shutdown,Motherboard Circuit Failure,2026-06-05,0 repairs,True,True,True,True,LEN-LA-2025-PLRA30A,False,Valid Claim
CLM-2026-00793,USR-65981,PRD-LA-LEN-82XD,Laptop,Lenovo IdeaPad Slim 5,Lenovo,82XD0006US,LEN-LA-2025-MN0UT7D,2025-11-27,161700.0,Cnergy Tech Retail Center,12,2025-11-28,2026-11-28,2026-05-14,Motherboard MOSFET short circuit causing instantaneous thermal protection shutdown,Motherboard Circuit Failure,2026-05-17,0 repairs,False,True,True,True,,False,Invalid Claim
CLM-2026-00197,USR-28408,PRD-LA-APP-A268,Laptop,Apple MacBook Air 13 M2,Apple,A2681,APP-LA-2025-PBE3M0B,2026-03-15,240400.0,Hafeez Center Certified Dealer Outlets,24,2026-03-16,2028-03-15,2026-07-12,Dedicated GPU VRAM solder fatigue resulting in visual polygon artifacting,GPU Hardware Malfunction,2026-07-13,1 repair (Authorized Service Center),True,True,True,True,APP-LA-2025-PBE3M0B,False,Valid Claim
CLM-2026-00001,USR-40495,PRD-SM-SAM-SM-F,Smartphone,Samsung Galaxy Z Fold 5,Samsung,SM-F946B,35874223756668,2026-06-28,366800.0,Al-Madina Electronics Authorized Franchise,12,2026-06-29,2027-06-29,2026-07-25,Logic board PMIC power distribution failure; unit will not boot,Logic Board Failure,2026-07-26,0 repairs,True,True,True,True,35874223756668,False,Valid Claim
CLM-2026-01123,USR-72308,PRD-SM-TCL-55C7,Smart TV,TCL QLED Mini-LED 55-inch,TCL,55C755,TCL-SM-2025-FE6TFTW,2026-03-11,125800.0,Brand Flagship Experience Store,24,2026-03-12,2028-03-11,2026-09-30,LED backlight string driver open circuit resulting in total black screen with intact audio,Backlight Array Failure,2026-10-15,0 repairs,True,True,True,True,TCL-SM-2025-FE6TFTW,False,Manual Review
CLM-2026-00960,USR-93877,PRD-SM-SON-XR-5,Smart TV,Sony Bravia 4K OLED 55-inch,Sony,XR-55A80L,SON-SM-2025-JLF84CL,2025-08-03,400200.0,TechnoCity Prime Electronics,12,2025-08-04,2026-08-04,2025-09-11,LED backlight string driver open circuit resulting in total black screen with intact audio,Backlight Array Failure,2025-11-16,0 repairs,True,True,True,True,SON-SM-2025-JLF84CL,False,Invalid Claim
CLM-2026-00862,USR-59844,PRD-SM-SAM-SM-F,Smartphone,Samsung Galaxy Z Fold 5,Samsung,SM-F946B,35874256028488,2025-06-28,442700.0,Cnergy Tech Retail Center,12,2025-06-29,2026-06-29,2025-12-12,USB-C fast charging handshake pin solder fatigue; fails to negotiate charge,Charging Port Failure,2025-12-14,0 repairs,True,True,True,True,35874214969144,False,Invalid Claim
CLM-2026-00941,USR-21623,PRD-AU-SAM-HW-Q,Audio / Soundbar,Samsung Q-Series Soundbar 3.1.2ch,Samsung,HW-Q600C,SAM-AU-2025-AWVMZ4P,2025-09-24,114200.0,Daraz Mall Authorized Brand Store,12,2025-09-25,2026-09-25,2025-11-23,Active subwoofer Class-D amplifier module silent; power LED steady green,Amplifier Circuit Failure,2025-11-24,0 repairs,True,True,True,True,SAM-AU-2025-1JLHLU7,False,Invalid Claim
CLM-2026-00738,USR-98617,PRD-AU-APP-MTJV,Audio / Soundbar,Apple AirPods Pro 2nd Gen,Apple,MTJV3,APP-AU-2025-XVK7XA7,2025-03-18,62500.0,Hafeez Center Certified Dealer Outlets,12,2025-03-19,2026-03-19,2025-05-22,Subwoofer power coil fried by 280V voltage spike on unprotected extension lead,Power Surge Burnout (No Voltage Stabilizer),2025-05-25,1 repair (Authorized Service Center),True,True,True,True,APP-AU-2025-XVK7XA7,False,Invalid Claim
CLM-2026-00707,USR-42649,PRD-SM-SON-XR-5,Smart TV,Sony Bravia 4K OLED 55-inch,Sony,XR-55A80L,SON-SM-2025-XWLWF9B,2025-08-22,468900.0,TechnoCity Prime Electronics,12,2025-08-23,2026-08-23,2026-02-05,LED backlight string driver open circuit resulting in total black screen with intact audio,Backlight Array Failure,2026-02-07,0 repairs,False,False,True,True,,False,Invalid Claim
CLM-2026-00285,USR-51744,PRD-SM-APP-A310,Smartphone,Apple iPhone 15 Pro Max,Apple,A3106,86049293610258,2025-11-21,345200.0,Daraz Mall Authorized Brand Store,12,2025-11-21,2026-11-21,2026-03-16,Camera module Optical Image Stabilization (OIS) actuator rattle and blur,Camera Module Hardware Defect,2026-03-21,2 repairs (Authorized Service Center),True,True,True,True,86049293610258,False,Valid Claim
CLM-2026-00421,USR-62928,PRD-WA-DAW-DW-9,Washing Machine,Dawlance Top-Load Energy Saver 11kg,Dawlance,DW-9060-ES,DAW-WA-2025-TN9PZZR,2025-11-06,67300.0,Hafeez Center Certified Dealer Outlets,36,2025-11-07,2028-11-06,2025-12-04,Water inlet dual solenoid valve coil burnout; machine fails to fill water,Water Valve Failure,2025-12-07,0 repairs,True,True,True,True,DAW-WA-2025-TN9PZZR,False,Valid Claim
CLM-2026-00239,USR-23622,PRD-LA-LEN-21HD,Laptop,Lenovo ThinkPad T14 Gen 4,Lenovo,21HD001EUS,LEN-LA-2025-YP2532V,2025-11-04,299200.0,Daraz Mall Authorized Brand Store,24,2025-11-04,2027-11-04,2025-12-10,Keyboard matrix row 3 (keys A-S-D-F) non-responsive under dry conditions,Keyboard Matrix Failure,2025-12-14,0 repairs,True,True,True,True,LEN-LA-2025-YP2532V,False,Valid Claim
CLM-2026-00893,USR-24208,PRD-SM-APP-A310,Smartphone,Apple iPhone 15 Pro Max,Apple,A3106,86410964282556,2025-09-02,358800.0,Hafeez Center Certified Dealer Outlets,12,2025-09-03,2026-09-03,2025-12-13,Handset dropped into swimming pool; internal SIM tray LDI triggered vivid red,Liquid / Moisture Damage,2025-12-16,1 repair (Authorized Service Center),True,True,True,True,86410964282556,False,Invalid Claim
CLM-2026-01336,USR-72419,PRD-LA-LEN-82XD,Laptop,Lenovo IdeaPad Slim 5,Lenovo,82XD0006US,LEN-LA-2025-D3U2LH8,2026-07-04,126600.0,Mega PK Technologies Flagship Hub,12,2026-07-05,2027-07-05,2027-05-24,Factory NVMe SSD controller locked in permanent read-only state,Internal Storage Degradation,2027-05-26,0 repairs,True,True,False,True,LEN-LA-2025-D3U2LH8,False,Manual Review
CLM-2026-00418,USR-50107,PRD-LA-HP-15-e,Laptop,HP Pavilion 15,HP,15-eg3023nr,HP-LA-2025-PG8DXK1,2026-04-21,119300.0,Hafeez Center Certified Dealer Outlets,24,2026-04-21,2028-04-20,2027-08-06,Internal cooling fan bearing seizure and zero RPM tachometer error,Cooling System Defect,2027-08-08,0 repairs,True,True,True,True,HP-LA-2025-PG8DXK1,False,Valid Claim
CLM-2026-00909,USR-21835,PRD-AU-SAM-HW-Q,Audio / Soundbar,Samsung Q-Series Soundbar 3.1.2ch,Samsung,HW-Q600C,SAM-AU-2025-0NEZND3,2025-01-31,115900.0,Metro Cash & Carry Official Counter,12,2025-02-01,2026-02-01,2026-05-13,Bluetooth RF transceiver chip desoldered; device refuses pairing handshakes,Wireless Transceiver Defect,2026-05-20,1 repair (Authorized Service Center),True,True,True,True,SAM-AU-2025-0NEZND3,False,Invalid Claim
CLM-2026-00813,USR-26144,PRD-SM-SAM-UA65,Smart TV,Samsung Crystal UHD 4K 65-inch,Samsung,UA65CU7000,SAM-SM-2025-YWXWNCL,2025-10-23,214100.0,Al-Madina Electronics Authorized Franchise,12,2025-10-24,2026-10-24,2026-01-31,Internal T-CON timing controller logic failure causing display split-screen inversion,Timing Controller (T-CON) Defect,2026-02-05,0 repairs,False,True,True,True,,False,Invalid Claim
CLM-2026-00039,USR-87832,PRD-WA-LG-T211,Washing Machine,LG Smart Inverter Top-Load 11kg,LG,T2111VSSV,LG-WA-2025-LRY66M5,2026-05-15,99300.0,TechnoCity Prime Electronics,12,2026-05-15,2027-05-15,2026-08-13,Internal drainage pump motor winding electrical open circuit with OE code,Drain Pump Defect,2026-08-14,1 repair (Authorized Service Center),True,True,True,True,LG-WA-2025-LRY66M5,False,Valid Claim
CLM-2026-00626,USR-48316,PRD-LA-HP-14-e,Laptop,HP Spectre x360 14,HP,14-ef2013dx,HP-LA-2025-JPAPJAP,2025-05-12,280900.0,Hafeez Center Certified Dealer Outlets,24,2025-05-13,2027-05-13,2025-06-18,Keyboard matrix row 3 (keys A-S-D-F) non-responsive under dry conditions,Keyboard Matrix Failure,2025-08-20,0 repairs,True,True,True,True,HP-LA-2025-JPAPJAP,False,Invalid Claim
CLM-2026-00660,USR-62257,PRD-SM-SAM-SM-A,Smartphone,Samsung Galaxy A55 5G,Samsung,SM-A556E,35912415350575,2024-12-14,106900.0,Hafeez Center Certified Dealer Outlets,12,2024-12-15,2025-12-15,2025-03-18,Logic board PMIC power distribution failure; unit will not boot,Logic Board Failure,2025-07-07,1 repair (Authorized Service Center),True,True,True,True,35912415350575,False,Invalid Claim
CLM-2026-00803,USR-15161,PRD-AU-SAM-HW-Q,Audio / Soundbar,Samsung Q-Series Soundbar 3.1.2ch,Samsung,HW-Q600C,SAM-AU-2025-7487AMC,2024-07-27,92300.0,TechnoCity Prime Electronics,12,2024-07-28,2025-07-28,2024-08-22,Device fell into water container; now will not boot or respond to charger,Hardware Glitch / Unspecified Defect,2024-08-27,1 repair (Authorized Service Center),True,True,True,True,SAM-AU-2025-7487AMC,False,Invalid Claim
CLM-2026-00311,USR-32734,PRD-AU-SON-HT-S,Audio / Soundbar,Sony Dolby Atmos Soundbar 5.1,Sony,HT-S40R,SON-AU-2025-26BURD3,2025-11-05,70700.0,Cnergy Tech Retail Center,12,2025-11-05,2026-11-05,2026-04-28,Bluetooth RF transceiver chip desoldered; device refuses pairing handshakes,Wireless Transceiver Defect,2026-04-30,2 repairs (Authorized Service Center),True,True,False,True,SON-AU-2025-26BURD3,False,Valid Claim
CLM-2026-00127,USR-62198,PRD-WA-HAI-HWM1,Washing Machine,Haier Direct Drive Top-Load 12kg Washer,Haier,HWM120-826,HAI-WA-2025-CVEEUMK,2026-03-11,79900.0,Cnergy Tech Retail Center,36,2026-03-12,2029-03-11,2027-05-07,Water inlet dual solenoid valve coil burnout; machine fails to fill water,Water Valve Failure,2027-05-11,0 repairs,True,True,True,True,HAI-WA-2025-CVEEUMK,False,Valid Claim
CLM-2026-00589,USR-48036,PRD-SM-APP-A310,Smartphone,Apple iPhone 15 Pro Max,Apple,A3106,86410980126095,2025-02-22,389700.0,Al-Madina Electronics Authorized Franchise,12,2025-02-23,2026-02-23,2025-04-26,Unit power failure; replacement unit already issued under previous claim,Hardware Failure,2025-04-28,1 repair (Unauthorized Third-Party),True,True,True,True,86410980126095,True,Invalid Claim
CLM-2026-01439,USR-62153,PRD-LA-APP-A299,Laptop,Apple MacBook Pro 14 M3,Apple,A2992,APP-LA-2025-9HX60YG,2026-03-04,396600.0,Al-Madina Electronics Authorized Franchise,24,2026-03-05,2028-03-04,2027-10-09,Dedicated GPU VRAM solder fatigue resulting in visual polygon artifacting,GPU Hardware Malfunction,2027-10-12,0 repairs,True,True,True,True,APP-LA-Z025-9HX60YG,False,Manual Review
CLM-2026-00190,USR-77070,PRD-AU-SON-WH-1,Audio / Soundbar,Sony Wireless Noise Canceling Headphones,Sony,WH-1000XM5,SON-AU-2025-5JXNF70,2026-06-27,106700.0,Muller & Phipps Authorized Retail,12,2026-06-27,2027-06-27,2027-04-26,Bluetooth RF transceiver chip desoldered; device refuses pairing handshakes,Wireless Transceiver Defect,2027-04-30,0 repairs,True,True,True,True,SON-AU-2025-5JXNF70,False,Valid Claim
CLM-2026-00509,USR-69768,PRD-AU-SON-WH-1,Audio / Soundbar,Sony Wireless Noise Canceling Headphones,Sony,WH-1000XM5,SON-AU-2025-YZK0T0W,2025-11-02,84700.0,Hafeez Center Certified Dealer Outlets,12,2025-11-03,2026-11-03,2026-03-30,Unit power failure; replacement unit already issued under previous claim,Hardware Failure,2026-04-05,1 repair (Unauthorized Third-Party),True,True,True,True,SON-AU-2025-YZK0T0W,True,Invalid Claim
CLM-2026-01217,USR-22510,PRD-WA-SAM-WW90,Washing Machine,Samsung EcoBubble Front-Load Inverter 9kg,Samsung,WW90T554DAW,SAM-WA-2025-5R3T0D1,2026-06-19,167400.0,Hafeez Center Certified Dealer Outlets,12,2026-06-20,2027-06-20,2026-12-15,Water inlet dual solenoid valve coil burnout; machine fails to fill water (Customer notes prior minor servicing at local shop),Water Valve Failure,2026-12-18,1 repair (Unauthorized Third-Party),True,True,True,True,SAM-WA-2025-5R3T0D1,False,Manual Review
CLM-2026-01337,USR-29070,PRD-WA-SAM-WA13,Washing Machine,Samsung Wobble Technology Top-Load 13kg,Samsung,WA13CG5441BY,SAM-WA-2025-NWU7KKS,2026-02-21,104200.0,Cnergy Tech Retail Center,24,2026-02-22,2028-02-22,2026-12-19,Internal drainage pump motor winding electrical open circuit with OE code,Drain Pump Defect,2026-12-22,0 repairs,True,True,False,True,SAM-WA-2025-NWU7KKS,False,Manual Review
CLM-2026-00359,USR-14440,PRD-LA-APP-A268,Laptop,Apple MacBook Air 13 M2,Apple,A2681,APP-LA-2025-XX9XR9V,2026-05-21,190700.0,Daraz Mall Authorized Brand Store,24,2026-05-22,2028-05-21,2028-03-08,Persistent dead pixel vertical line across IPS display panel,Display Panel Defect,2028-03-11,1 repair (Authorized Service Center),True,True,True,True,APP-LA-2025-XX9XR9V,False,Valid Claim
CLM-2026-00731,USR-83763,PRD-LA-APP-A299,Laptop,Apple MacBook Pro 14 M3,Apple,A2992,APP-LA-2025-BNU7EPX,2025-09-22,364400.0,Airlink Communications Official Flagship,12,2025-09-23,2026-09-23,2026-11-20,Keyboard matrix row 3 (keys A-S-D-F) non-responsive under dry conditions,Keyboard Matrix Failure,2026-11-26,0 repairs,True,True,True,True,APP-LA-2025-BNU7EPX,False,Invalid Claim
CLM-2026-00798,USR-44228,PRD-LA-LEN-82WK,Laptop,Lenovo Legion Pro 5i,Lenovo,82WK0046US,LEN-LA-2025-T71VH2H,2025-03-27,288800.0,Cnergy Tech Retail Center,12,2025-03-28,2026-03-28,2026-09-06,Factory NVMe SSD controller locked in permanent read-only state,Internal Storage Degradation,2026-09-07,1 repair (Unauthorized Third-Party),True,True,True,True,LEN-LA-2025-T71VH2H,False,Invalid Claim
CLM-2026-00164,USR-90440,PRD-LA-LEN-82WK,Laptop,Lenovo Legion Pro 5i,Lenovo,82WK0046US,LEN-LA-2025-CYD3945,2025-12-31,397700.0,Cnergy Tech Retail Center,12,2026-01-01,2027-01-01,2026-06-22,Persistent dead pixel vertical line across IPS display panel,Display Panel Defect,2026-06-24,2 repairs (Authorized Service Center),True,True,True,True,LEN-LA-2025-CYD3945,False,Valid Claim
CLM-2026-00434,USR-58362,PRD-LA-DEL-i563,Laptop,Dell Inspiron 16,Dell,i5630-7212SLV,DEL-LA-2025-37B5DAC,2025-12-20,149600.0,Airlink Communications Official Flagship,24,2025-12-20,2027-12-20,2026-03-07,Persistent dead pixel vertical line across IPS display panel,Display Panel Defect,2026-03-10,2 repairs (Authorized Service Center),True,True,True,True,DEL-LA-Z025-37B5DAC,False,Valid Claim
CLM-2026-00426,USR-60986,PRD-WA-DAW-DW-F,Washing Machine,Dawlance Inverter Front-Load ProWash,Dawlance,DW-FL-9000,DAW-WA-2025-21H5VD5,2026-06-16,100300.0,Metro Cash & Carry Official Counter,36,2026-06-16,2029-06-15,2028-10-29,Drum balance suspension damper mechanical collapse under rated wash load,Mechanical Suspension Defect,2028-11-02,0 repairs,True,True,True,True,DAW-WA-2025-21H5VD5,False,Valid Claim
CLM-2026-01285,USR-47882,PRD-LA-APP-A299,Laptop,Apple MacBook Pro 14 M3,Apple,A2992,APP-LA-2025-4BJ68FB,2025-10-16,315500.0,Al-Madina Electronics Authorized Franchise,12,2025-10-17,2026-10-17,2026-02-21,Dedicated GPU VRAM solder fatigue resulting in visual polygon artifacting,GPU Hardware Malfunction,2026-02-25,0 repairs,True,True,True,True,APP-LA-Z025-4BJ68FB,False,Manual Review
CLM-2026-01327,USR-74780,PRD-AU-SAM-HW-Q,Audio / Soundbar,Samsung Q-Series Soundbar 3.1.2ch,Samsung,HW-Q600C,SAM-AU-2025-54NXS9C,2026-02-23,115300.0,Hafeez Center Certified Dealer Outlets,12,2026-02-24,2027-02-24,2026-09-27,Active subwoofer Class-D amplifier module silent; power LED steady green,Amplifier Circuit Failure,2026-10-02,0 repairs,True,True,False,True,SAM-AU-2025-54NXS9C,False,Manual Review
CLM-2026-01252,USR-52225,PRD-AU-SAM-HW-Q,Audio / Soundbar,Samsung Q-Series Soundbar 3.1.2ch,Samsung,HW-Q600C,SAM-AU-2025-C2Z7MLB,2026-02-28,78900.0,Al-Madina Electronics Authorized Franchise,12,2026-03-01,2027-03-01,2026-06-16,Active subwoofer Class-D amplifier module silent; power LED steady green,Amplifier Circuit Failure,2026-06-26,0 repairs,True,True,True,True,SAM-AU-2025-C2Z7MLB,False,Manual Review
CLM-2026-00537,USR-56170,PRD-LA-APP-A299,Laptop,Apple MacBook Pro 14 M3,Apple,A2992,APP-LA-2025-LMA9T01,2025-11-03,404200.0,Airlink Communications Official Flagship,24,2025-11-04,2027-11-04,2026-02-10,Device fell into water container; now will not boot or respond to charger,Hardware Glitch / Unspecified Defect,2026-02-11,0 repairs,False,False,True,True,,False,Invalid Claim
CLM-2026-00712,USR-57227,PRD-AU-SON-WH-1,Audio / Soundbar,Sony Wireless Noise Canceling Headphones,Sony,WH-1000XM5,SON-AU-2025-W1P4225,2025-09-23,89600.0,Cnergy Tech Retail Center,12,2025-09-24,2026-09-24,2025-12-13,Unit power failure; replacement unit already issued under previous claim,Hardware Failure,2025-12-14,1 repair (Unauthorized Third-Party),True,True,True,True,SON-AU-2025-W1P4225,True,Invalid Claim
CLM-2026-00868,USR-58754,PRD-WA-HAI-HWM1,Washing Machine,Haier Inverter Front-Load 10kg Washer,Haier,HWM100-1678,HAI-WA-2025-LWDGXMC,2026-01-02,89400.0,Daraz Mall Authorized Brand Store,12,2026-01-03,2027-01-03,2026-06-23,Water inlet dual solenoid valve coil burnout; machine fails to fill water,Water Valve Failure,2026-06-29,1 repair (Authorized Service Center),False,False,True,True,,False,Invalid Claim
CLM-2026-00155,USR-51288,PRD-SM-XIA-2403,Smartphone,Xiaomi Xiaomi 14 Ultra,Xiaomi,24030PN60G,86049289442909,2026-07-11,235500.0,Hafeez Center Certified Dealer Outlets,12,2026-07-12,2027-07-12,2026-09-26,Camera module Optical Image Stabilization (OIS) actuator rattle and blur,Camera Module Hardware Defect,2026-09-28,0 repairs,True,True,True,True,86049289442909,False,Valid Claim
CLM-2026-00460,USR-73463,PRD-SM-SAM-SM-A,Smartphone,Samsung Galaxy A55 5G,Samsung,SM-A556E,86049288765739,2025-12-09,110300.0,Hafeez Center Certified Dealer Outlets,12,2025-12-10,2026-12-10,2026-02-06,Spontaneous vertical green line on AMOLED panel post official OTA update,Display Panel Defect,2026-02-11,1 repair (Authorized Service Center),True,True,True,True,86049288765739,False,Valid Claim
CLM-2026-00424,USR-89670,PRD-WA-SAM-WW90,Washing Machine,Samsung EcoBubble Front-Load Inverter 9kg,Samsung,WW90T554DAW,SAM-WA-2025-RSN9KJ1,2026-06-01,145600.0,Brand Flagship Experience Store,36,2026-06-01,2029-05-31,2028-04-17,Drum balance suspension damper mechanical collapse under rated wash load,Mechanical Suspension Defect,2028-04-22,2 repairs (Authorized Service Center),True,True,True,True,SAM-WA-2025-RSN9KJ1,False,Valid Claim
CLM-2026-00378,USR-64484,PRD-SM-SON-XR-5,Smart TV,Sony Bravia 4K OLED 55-inch,Sony,XR-55A80L,SON-SM-2025-REG0E89,2026-01-23,313200.0,TechnoCity Prime Electronics,12,2026-01-23,2027-01-23,2026-07-22,Internal T-CON timing controller logic failure causing display split-screen inversion,Timing Controller (T-CON) Defect,2026-07-23,1 repair (Authorized Service Center),True,True,True,True,SON-SM-2025-REG0E89,False,Valid Claim
CLM-2026-00805,USR-94900,PRD-SM-APP-A288,Smartphone,Apple iPhone 14,Apple,A2882,35912476900453,2025-08-23,224000.0,Muller & Phipps Authorized Retail,12,2025-08-24,2026-08-24,2025-10-31,Unit power failure; replacement unit already issued under previous claim,Hardware Failure,2025-11-05,1 repair (Authorized Service Center),True,True,True,True,35912476900453,True,Invalid Claim
CLM-2026-01140,USR-88576,PRD-SM-SAM-QA55,Smart TV,Samsung QLED 4K Smart TV 55-inch,Samsung,QA55Q60CA,SAM-SM-2025-0485HV8,2025-11-17,200900.0,Muller & Phipps Authorized Retail,24,2025-11-18,2027-11-18,2026-11-03,Internal T-CON timing controller logic failure causing display split-screen inversion,Timing Controller (T-CON) Defect,2026-11-15,0 repairs,True,True,True,True,SAM-SM-2025-0485HV8,False,Manual Review
CLM-2026-00557,USR-49968,PRD-WA-SAM-WW90,Washing Machine,Samsung EcoBubble Front-Load Inverter 9kg,Samsung,WW90T554DAW,SAM-WA-2025-AH3BDYG,2025-08-13,154800.0,Al-Madina Electronics Authorized Franchise,24,2025-08-14,2027-08-14,2028-04-10,Main electronic drive controller PCB failed with IGBT gate driver error E2,Main Control Board Defect,2028-04-15,0 repairs,True,True,True,True,SAM-WA-2025-AH3BDYG,False,Invalid Claim
CLM-2026-01009,USR-19865,PRD-WA-HAI-HWM1,Washing Machine,Haier Direct Drive Top-Load 12kg Washer,Haier,HWM120-826,HAI-WA-2025-FJJKAN8,2024-11-02,90800.0,Al-Madina Electronics Authorized Franchise,24,2024-11-03,2026-11-03,2025-09-05,Electronic door safety microswitch interlock latch contact failure (Customer notes prior minor servicing at local shop),Safety Interlock Defect,2025-09-10,"2 repairs (1 Authorized, 1 Unauthorized)",True,True,True,True,HAI-WA-2025-FJJKAN8,False,Manual Review
CLM-2026-00372,USR-92665,PRD-SM-TCL-50P6,Smart TV,TCL 4K HDR Smart TV 50-inch,TCL,50P635,TCL-SM-2025-B3C6EC8,2026-01-07,101100.0,Hafeez Center Certified Dealer Outlets,12,2026-01-07,2027-01-07,2026-08-21,LED backlight string driver open circuit resulting in total black screen with intact audio,Backlight Array Failure,2026-08-24,1 repair (Authorized Service Center),True,True,False,True,TCL-SM-2025-B3C6EC8,False,Valid Claim
CLM-2026-01138,USR-83882,PRD-SM-SAM-QA55,Smart TV,Samsung QLED 4K Smart TV 55-inch,Samsung,QA55Q60CA,SAM-SM-2025-JFXWW41,2026-01-18,174200.0,Brand Flagship Experience Store,24,2026-01-19,2028-01-19,2026-08-10,Motherboard HDMI receiver chip failure; all ports report No Signal (Customer notes prior minor servicing at local shop),Mainboard HDMI Interface Failure,2026-08-13,"2 repairs (1 Authorized, 1 Unauthorized)",True,True,True,True,SAM-SM-2025-JFXWW41,False,Manual Review
CLM-2026-00403,USR-58559,PRD-SM-XIA-2403,Smartphone,Xiaomi Xiaomi 14 Ultra,Xiaomi,24030PN60G,86049257378156,2026-02-09,270300.0,Metro Cash & Carry Official Counter,12,2026-02-10,2027-02-10,2026-05-21,Logic board PMIC power distribution failure; unit will not boot,Logic Board Failure,2026-05-22,1 repair (Authorized Service Center),True,True,True,True,86049257378156,False,Valid Claim
CLM-2026-00716,USR-44123,PRD-SM-XIA-2309,Smartphone,Xiaomi Redmi Note 13 Pro+,Xiaomi,23090RA98G,35912431456493,2025-06-20,77000.0,Hafeez Center Certified Dealer Outlets,12,2025-06-21,2026-06-21,2025-08-30,Unit power failure; replacement unit already issued under previous claim,Hardware Failure,2025-09-02,1 repair (Authorized Service Center),True,True,True,True,35912431456493,True,Invalid Claim
CLM-2026-00715,USR-62059,PRD-SM-SAM-SM-F,Smartphone,Samsung Galaxy Z Fold 5,Samsung,SM-F946B,35912410959975,2025-12-17,326100.0,Metro Cash & Carry Official Counter,12,2025-12-18,2026-12-18,2026-02-23,Spontaneous vertical green line on AMOLED panel post official OTA update,Display Panel Defect,2026-06-13,1 repair (Unauthorized Third-Party),True,True,True,True,35912410959975,False,Invalid Claim
CLM-2026-00501,USR-15244,PRD-LA-DEL-i563,Laptop,Dell Inspiron 16,Dell,i5630-7212SLV,DEL-LA-2025-ZGZLHSE,2025-03-27,169100.0,Hafeez Center Certified Dealer Outlets,12,2025-03-28,2026-03-28,2025-07-13,Unauthorized BGA chip reflow and jumper wire bypass attempted at local computer plaza,Unauthorized Tampering / Bazaar Rework,2025-07-18,1 repair (Authorized Service Center),True,True,True,True,DEL-LA-2025-ZGZLHSE,False,Invalid Claim
CLM-2026-00914,USR-69889,PRD-SM-XIA-2309,Smartphone,Xiaomi Redmi Note 13 Pro+,Xiaomi,23090RA98G,35912458480375,2025-04-22,107100.0,Daraz Mall Authorized Brand Store,12,2025-04-23,2026-04-23,2025-09-07,Unit power failure; replacement unit already issued under previous claim,Hardware Failure,2025-09-11,0 repairs,True,True,True,True,35912458480375,True,Invalid Claim
CLM-2026-00120,USR-72390,PRD-WA-SAM-WA13,Washing Machine,Samsung Wobble Technology Top-Load 13kg,Samsung,WA13CG5441BY,SAM-WA-2025-F8P9U2Z,2026-07-26,82100.0,Airlink Communications Official Flagship,24,2026-07-26,2028-07-25,2027-09-24,Internal drainage pump motor winding electrical open circuit with OE code,Drain Pump Defect,2027-09-28,2 repairs (Authorized Service Center),True,True,True,True,SAM-WA-2025-F8P9U2Z,False,Valid Claim
CLM-2026-00030,USR-29973,PRD-SM-SAM-UA65,Smart TV,Samsung Crystal UHD 4K 65-inch,Samsung,UA65CU7000,SAM-SM-2025-FR1Y72Y,2026-07-22,162700.0,Metro Cash & Carry Official Counter,12,2026-07-22,2027-07-22,2026-12-05,Internal T-CON timing controller logic failure causing display split-screen inversion,Timing Controller (T-CON) Defect,2026-12-07,2 repairs (Authorized Service Center),True,True,True,True,SAM-SM-2025-FR1Y72Y,False,Valid Claim
CLM-2026-00857,USR-44774,PRD-WA-DAW-DW-F,Washing Machine,Dawlance Inverter Front-Load ProWash,Dawlance,DW-FL-9000,DAW-WA-2025-TR3TDTV,2025-08-29,90200.0,Al-Madina Electronics Authorized Franchise,12,2025-08-30,2026-08-30,2025-09-28,Unit power failure; replacement unit already issued under previous claim,Hardware Failure,2025-09-29,0 repairs,True,True,True,True,DAW-WA-2025-TR3TDTV,True,Invalid Claim
CLM-2026-00698,USR-84961,PRD-SM-XIA-2309,Smartphone,Xiaomi Redmi Note 13 Pro+,Xiaomi,23090RA98G,86049227250441,2025-12-23,103800.0,Metro Cash & Carry Official Counter,12,2025-12-24,2026-12-24,2026-04-13,Front display glass shattered with circular impact point from concrete drop,Physical Impact / Accidental Drop,2026-04-14,0 repairs,True,True,True,True,86049227250441,False,Invalid Claim
CLM-2026-01139,USR-62404,PRD-SM-SAM-UA65,Smart TV,Samsung Crystal UHD 4K 65-inch,Samsung,UA65CU7000,SAM-SM-2025-YJD6BLK,2026-02-19,146500.0,Al-Madina Electronics Authorized Franchise,24,2026-02-20,2028-02-20,2026-10-13,LED backlight string driver open circuit resulting in total black screen with intact audio,Backlight Array Failure,2026-10-29,0 repairs,True,True,True,True,SAM-SM-2025-YJD6BLK,False,Manual Review
CLM-2026-01375,USR-66643,PRD-WA-SAM-WW90,Washing Machine,Samsung EcoBubble Front-Load Inverter 9kg,Samsung,WW90T554DAW,SAM-WA-2025-2PWLWDL,2025-09-10,148200.0,Metro Cash & Carry Official Counter,36,2025-09-11,2028-09-10,2028-04-18,Water inlet dual solenoid valve coil burnout; machine fails to fill water (Customer notes prior minor servicing at local shop),Water Valve Failure,2028-04-23,3 repairs (Authorized Service Center),True,True,True,True,SAM-WA-2025-2PWLWDL,False,Manual Review
CLM-2026-00828,USR-60393,PRD-SM-SAM-UA65,Smart TV,Samsung Crystal UHD 4K 65-inch,Samsung,UA65CU7000,SAM-SM-2025-PE4DVNK,2026-02-18,175200.0,Airlink Communications Official Flagship,12,2026-02-19,2027-02-19,2026-07-14,Motherboard HDMI receiver chip failure; all ports report No Signal,Mainboard HDMI Interface Failure,2026-07-20,1 repair (Unauthorized Third-Party),False,True,True,True,,False,Invalid Claim
CLM-2026-00604,USR-85692,PRD-SM-TCL-50P6,Smart TV,TCL 4K HDR Smart TV 50-inch,TCL,50P635,TCL-SM-2025-8CBN9ZV,2025-11-19,83900.0,Hafeez Center Certified Dealer Outlets,12,2025-11-20,2026-11-20,2026-03-29,Unit power failure; replacement unit already issued under previous claim,Hardware Failure,2026-04-01,1 repair (Authorized Service Center),True,True,True,True,TCL-SM-2025-8CBN9ZV,True,Invalid Claim
CLM-2026-00074,USR-33703,PRD-WA-LG-F4V5,Washing Machine,LG AI DD Front-Load Washer 9kg,LG,F4V5VYP0W,LG-WA-2025-59TGHRH,2026-02-20,145400.0,Brand Flagship Experience Store,12,2026-02-20,2027-02-20,2027-01-01,Main electronic drive controller PCB failed with IGBT gate driver error E2,Main Control Board Defect,2027-01-05,0 repairs,True,True,True,True,LG-WA-2025-59TGHRH,False,Valid Claim
CLM-2026-00493,USR-17808,PRD-SM-TCL-55C7,Smart TV,TCL QLED Mini-LED 55-inch,TCL,55C755,TCL-SM-2025-HST72B6,2026-08-03,138800.0,Cnergy Tech Retail Center,24,2026-08-04,2028-08-03,2028-03-07,LED backlight string driver open circuit resulting in total black screen with intact audio,Backlight Array Failure,2028-03-11,0 repairs,True,True,True,True,TCL-SM-2025-HST72B6,False,Valid Claim
CLM-2026-00292,USR-83404,PRD-WA-SAM-WA13,Washing Machine,Samsung Wobble Technology Top-Load 13kg,Samsung,WA13CG5441BY,SAM-WA-2025-PXZKLGU,2026-03-14,125800.0,Cnergy Tech Retail Center,24,2026-03-14,2028-03-13,2027-04-06,Inverter Direct Drive motor stator hall-effect sensor electrical open circuit,Inverter Motor Failure,2027-04-11,0 repairs,True,True,True,True,SAM-WA-2025-PXZKLGU,False,Valid Claim
CLM-2026-00102,USR-64773,PRD-SM-SON-XR-5,Smart TV,Sony Bravia 4K OLED 55-inch,Sony,XR-55A80L,SON-SM-2025-DXVF6YA,2026-07-12,281000.0,Mega PK Technologies Flagship Hub,12,2026-07-12,2027-07-12,2027-05-11,Internal T-CON timing controller logic failure causing display split-screen inversion,Timing Controller (T-CON) Defect,2027-05-13,0 repairs,True,True,True,True,SON-SM-2025-DXVF6YA,False,Valid Claim
CLM-2026-00305,USR-84887,PRD-WA-DAW-DW-9,Washing Machine,Dawlance Top-Load Energy Saver 11kg,Dawlance,DW-9060-ES,DAW-WA-2025-L5G4S7M,2025-12-28,60600.0,Daraz Mall Authorized Brand Store,12,2025-12-29,2026-12-29,2026-03-01,Inverter Direct Drive motor stator hall-effect sensor electrical open circuit,Inverter Motor Failure,2026-03-02,0 repairs,True,True,True,True,DAW-WA-2025-L5G4S7M,False,Valid Claim
CLM-2026-01492,USR-79947,PRD-LA-HP-15-e,Laptop,HP Pavilion 15,HP,15-eg3023nr,HP-LA-2025-DF9U4SM,2026-04-02,134600.0,Mega PK Technologies Flagship Hub,12,2026-04-03,2027-04-03,2026-07-18,Persistent dead pixel vertical line across IPS display panel,Display Panel Defect,2026-07-29,0 repairs,True,True,True,True,HP-LA-2025-DF9U4SM,False,Manual Review
CLM-2026-01056,USR-90973,PRD-AU-SON-HT-S,Audio / Soundbar,Sony Dolby Atmos Soundbar 5.1,Sony,HT-S40R,SON-AU-2025-T0YVCRL,2026-05-17,77600.0,Airlink Communications Official Flagship,12,2026-05-18,2027-05-18,2027-05-24,ANC feedback microphone capsule dead; severe acoustic howling artifact,Microphone Hardware Failure,2027-05-28,0 repairs,True,True,True,True,SON-AU-2025-T0YVCRL,False,Manual Review
CLM-2026-00900,USR-60674,PRD-SM-APP-A309,Smartphone,Apple iPhone 15,Apple,A3090,86049291435336,2026-01-26,284300.0,Brand Flagship Experience Store,12,2026-01-27,2027-01-27,2026-05-06,Handset dropped into swimming pool; internal SIM tray LDI triggered vivid red,Liquid / Moisture Damage,2026-05-08,1 repair (Authorized Service Center),True,True,True,True,86049291435336,False,Invalid Claim
CLM-2026-00020,USR-46517,PRD-SM-TCL-55C7,Smart TV,TCL QLED Mini-LED 55-inch,TCL,55C755,TCL-SM-2025-C1F6XBU,2026-04-17,130000.0,Muller & Phipps Authorized Retail,12,2026-04-17,2027-04-17,2026-05-09,Motherboard HDMI receiver chip failure; all ports report No Signal,Mainboard HDMI Interface Failure,2026-05-11,0 repairs,True,True,True,True,TCL-SM-2025-C1F6XBU,False,Valid Claim
CLM-2026-00786,USR-46612,PRD-LA-APP-A268,Laptop,Apple MacBook Air 13 M2,Apple,A2681,APP-LA-2025-10F2W1F,2025-08-13,275400.0,Mega PK Technologies Flagship Hub,24,2025-08-14,2027-08-14,2025-11-15,Factory NVMe SSD controller locked in permanent read-only state,Internal Storage Degradation,2025-11-17,1 repair (Authorized Service Center),False,True,True,True,,False,Invalid Claim
CLM-2026-00317,USR-84536,PRD-LA-LEN-82XD,Laptop,Lenovo IdeaPad Slim 5,Lenovo,82XD0006US,LEN-LA-2025-W4XFC4P,2026-02-09,153900.0,Airlink Communications Official Flagship,12,2026-02-10,2027-02-10,2026-06-03,Dedicated GPU VRAM solder fatigue resulting in visual polygon artifacting,GPU Hardware Malfunction,2026-06-06,0 repairs,True,True,True,True,LEN-LA-2025-W4XFC4P,False,Valid Claim
CLM-2026-00938,USR-57977,PRD-AU-SON-HT-S,Audio / Soundbar,Sony Dolby Atmos Soundbar 5.1,Sony,HT-S40R,SON-AU-2025-3TP5BXS,2024-07-31,74500.0,Brand Flagship Experience Store,12,2024-08-01,2025-08-01,2024-08-22,Device fell into water container; now will not boot or respond to charger,Hardware Glitch / Unspecified Defect,2024-08-28,1 repair (Authorized Service Center),True,True,True,True,SON-AU-2025-3TP5BXS,True,Invalid Claim
CLM-2026-00956,USR-31443,PRD-AU-SAM-HW-Q,Audio / Soundbar,Samsung Q-Series Soundbar 3.1.2ch,Samsung,HW-Q600C,SAM-AU-2025-TMR5WGF,2024-10-15,78600.0,Airlink Communications Official Flagship,12,2024-10-16,2025-10-16,2025-03-12,ANC feedback microphone capsule dead; severe acoustic howling artifact,Microphone Hardware Failure,2025-03-14,0 repairs,False,True,True,True,,False,Invalid Claim
CLM-2026-01343,USR-46636,PRD-LA-APP-A268,Laptop,Apple MacBook Air 13 M2,Apple,A2681,APP-LA-2025-3HMA89Z,2026-05-09,217800.0,Metro Cash & Carry Official Counter,12,2026-05-10,2027-05-10,2026-06-09,Persistent dead pixel vertical line across IPS display panel (Customer notes prior minor servicing at local shop),Display Panel Defect,2026-06-12,3 repairs (Authorized Service Center),True,True,True,True,APP-LA-2025-3HMA89Z,False,Manual Review
CLM-2026-00878,USR-62297,PRD-SM-SAM-SM-A,Smartphone,Samsung Galaxy A55 5G,Samsung,SM-A556E,35874225026571,2026-02-15,112600.0,Daraz Mall Authorized Brand Store,12,2026-02-16,2027-02-16,2026-03-15,Cellular baseband modem chip malfunction; persistent No Service state,Modem / Cellular Hardware Defect,2026-03-16,1 repair (Unauthorized Third-Party),True,True,True,True,86410998783198,False,Invalid Claim
CLM-2026-00936,USR-21498,PRD-SM-APP-A288,Smartphone,Apple iPhone 14,Apple,A2882,86410985507248,2024-12-03,200100.0,Mega PK Technologies Flagship Hub,12,2024-12-04,2025-12-04,2025-05-17,Unit power failure; replacement unit already issued under previous claim,Hardware Failure,2025-05-19,1 repair (Authorized Service Center),True,True,True,True,86410985507248,True,Invalid Claim
CLM-2026-00315,USR-30715,PRD-SM-SAM-SM-F,Smartphone,Samsung Galaxy Z Fold 5,Samsung,SM-F946B,35912443739895,2025-12-22,381900.0,Airlink Communications Official Flagship,12,2025-12-22,2026-12-22,2026-02-23,Cellular baseband modem chip malfunction; persistent No Service state,Modem / Cellular Hardware Defect,2026-02-24,0 repairs,True,True,True,True,35912443739895,False,Valid Claim
CLM-2026-01414,USR-44991,PRD-SM-XIA-2309,Smartphone,Xiaomi Redmi Note 13 Pro+,Xiaomi,23090RA98G,86410961271412,2026-07-13,103800.0,Airlink Communications Official Flagship,12,2026-07-14,2027-07-14,2027-07-12,Logic board PMIC power distribution failure; unit will not boot,Logic Board Failure,2027-07-17,0 repairs,True,True,True,True,86410961271412,False,Manual Review
CLM-2026-00452,USR-39334,PRD-SM-SAM-SM-A,Smartphone,Samsung Galaxy A55 5G,Samsung,SM-A556E,35874244578317,2026-06-09,124600.0,Brand Flagship Experience Store,12,2026-06-09,2027-06-09,2027-03-19,Logic board PMIC power distribution failure; unit will not boot,Logic Board Failure,2027-03-23,0 repairs,True,True,True,True,35874244578317,False,Valid Claim
CLM-2026-00047,USR-62098,PRD-LA-APP-A299,Laptop,Apple MacBook Pro 14 M3,Apple,A2992,APP-LA-2025-VVEHFPD,2026-05-24,332700.0,Muller & Phipps Authorized Retail,24,2026-05-24,2028-05-23,2027-09-26,Factory NVMe SSD controller locked in permanent read-only state,Internal Storage Degradation,2027-09-29,2 repairs (Authorized Service Center),True,True,True,True,APP-LA-2025-VVEHFPD,False,Valid Claim
CLM-2026-01403,USR-57464,PRD-WA-LG-F4V5,Washing Machine,LG AI DD Front-Load Washer 9kg,LG,F4V5VYP0W,LG-WA-2025-5VHYB0S,2025-08-09,0.0,Al-Madina Electronics Authorized Franchise,24,2025-08-10,2027-08-10,2027-04-29,Internal drainage pump motor winding electrical open circuit with OE code (Promotional raffle prize bundle),Drain Pump Defect,2027-05-15,0 repairs,True,True,True,True,LG-WA-2025-5VHYB0S,False,Manual Review
CLM-2026-00639,USR-84149,PRD-LA-APP-A268,Laptop,Apple MacBook Air 13 M2,Apple,A2681,APP-LA-2025-8R03DDG,2024-09-14,220000.0,Hafeez Center Certified Dealer Outlets,24,2024-09-15,2026-09-15,2027-02-18,Motherboard MOSFET short circuit causing instantaneous thermal protection shutdown,Motherboard Circuit Failure,2027-02-21,0 repairs,True,True,True,True,APP-LA-2025-8R03DDG,False,Invalid Claim
CLM-2026-00500,USR-20322,PRD-SM-TCL-50P6,Smart TV,TCL 4K HDR Smart TV 50-inch,TCL,50P635,TCL-SM-2025-AWGGS0T,2025-12-10,104000.0,Muller & Phipps Authorized Retail,12,2025-12-10,2026-12-10,2026-05-17,LED backlight string driver open circuit resulting in total black screen with intact audio,Backlight Array Failure,2026-05-19,1 repair (Authorized Service Center),True,True,True,True,TCL-SM-2025-AWGGS0T,False,Valid Claim
CLM-2026-00094,USR-84747,PRD-WA-HAI-HWM1,Washing Machine,Haier Inverter Front-Load 10kg Washer,Haier,HWM100-1678,HAI-WA-2025-WMFHUEW,2026-02-05,106100.0,Al-Madina Electronics Authorized Franchise,36,2026-02-06,2029-02-05,2028-03-06,Internal drainage pump motor winding electrical open circuit with OE code,Drain Pump Defect,2028-03-07,0 repairs,True,True,True,True,HAI-WA-2025-WMFHUEW,False,Valid Claim
CLM-2026-00704,USR-35920,PRD-SM-APP-A288,Smartphone,Apple iPhone 14,Apple,A2882,35874239124411,2025-02-02,234300.0,Airlink Communications Official Flagship,12,2025-02-03,2026-02-03,2026-04-07,Camera module Optical Image Stabilization (OIS) actuator rattle and blur,Camera Module Hardware Defect,2026-04-10,1 repair (Authorized Service Center),True,True,True,True,35874239124411,False,Invalid Claim
CLM-2026-00770,USR-93888,PRD-SM-XIA-2403,Smartphone,Xiaomi Xiaomi 14 Ultra,Xiaomi,24030PN60G,35874263281770,2026-01-20,193600.0,Daraz Mall Authorized Brand Store,12,2026-01-21,2027-01-21,2026-05-27,Cellular baseband modem chip malfunction; persistent No Service state,Modem / Cellular Hardware Defect,2026-05-28,0 repairs,True,True,True,True,86410981841068,False,Invalid Claim
CLM-2026-00035,USR-42951,PRD-LA-APP-A268,Laptop,Apple MacBook Air 13 M2,Apple,A2681,APP-LA-2025-37NAKFH,2026-01-06,230300.0,Metro Cash & Carry Official Counter,12,2026-01-07,2027-01-07,2026-07-16,Factory NVMe SSD controller locked in permanent read-only state,Internal Storage Degradation,2026-07-20,0 repairs,True,True,True,True,APP-LA-2025-37NAKFH,False,Valid Claim
CLM-2026-01287,USR-87626,PRD-SM-APP-A288,Smartphone,Apple iPhone 14,Apple,A2882,35912458971642,2026-05-16,188300.0,Mega PK Technologies Flagship Hub,12,2026-05-17,2027-05-17,2026-12-19,Camera module Optical Image Stabilization (OIS) actuator rattle and blur,Camera Module Hardware Defect,2027-01-01,0 repairs,True,True,True,True,35912458971642,False,Manual Review
CLM-2026-00428,USR-60418,PRD-SM-SAM-UA65,Smart TV,Samsung Crystal UHD 4K 65-inch,Samsung,UA65CU7000,SAM-SM-2025-9WFPP9L,2026-05-14,191900.0,Mega PK Technologies Flagship Hub,12,2026-05-15,2027-05-15,2026-09-29,Motherboard HDMI receiver chip failure; all ports report No Signal,Mainboard HDMI Interface Failure,2026-10-01,1 repair (Authorized Service Center),True,True,True,True,SAM-SM-2025-9WFPP9L,False,Valid Claim
CLM-2026-01345,USR-13560,PRD-AU-APP-MTJV,Audio / Soundbar,Apple AirPods Pro 2nd Gen,Apple,MTJV3,APP-AU-2025-1AL9A3L,2025-11-09,81900.0,Metro Cash & Carry Official Counter,12,2025-11-10,2026-11-10,2026-06-10,Bluetooth RF transceiver chip desoldered; device refuses pairing handshakes,Wireless Transceiver Defect,2026-06-12,0 repairs,True,False,True,True,APP-AU-2025-1AL9A3L,False,Manual Review
CLM-2026-00859,USR-49687,PRD-AU-APP-MTJV,Audio / Soundbar,Apple AirPods Pro 2nd Gen,Apple,MTJV3,APP-AU-2025-BVYVJX3,2024-07-26,58300.0,Metro Cash & Carry Official Counter,12,2024-07-27,2025-07-27,2024-11-08,Left earpiece dropped in water puddle; acoustic chamber liquid contaminated,Liquid / Moisture Damage,2024-11-09,0 repairs,True,True,True,True,APP-AU-2025-BVYVJX3,False,Invalid Claim
CLM-2026-00627,USR-51195,PRD-LA-LEN-21HD,Laptop,Lenovo ThinkPad T14 Gen 4,Lenovo,21HD001EUS,LEN-LA-2025-K8PRZDL,2025-03-22,277500.0,Al-Madina Electronics Authorized Franchise,12,2025-03-23,2026-03-23,2025-05-16,Operating system locked with forgotten BitLocker recovery key and BIOS supervisor password,Customer Software / Configuration Issue,2025-05-21,1 repair (Unauthorized Third-Party),True,True,True,True,LEN-LA-2025-K8PRZDL,False,Invalid Claim
CLM-2026-01311,USR-43728,PRD-SM-SON-KD-6,Smart TV,Sony Bravia LED 4K 65-inch,Sony,KD-65X77L,SON-SM-2025-D6ECZ42,2025-11-26,200500.0,Muller & Phipps Authorized Retail,12,2025-11-27,2026-11-27,2026-07-16,Internal switch-mode power supply (SMPS) secondary rail diode breakdown (Customer notes prior minor servicing at local shop),Internal Power Supply Failure,2026-07-19,"2 repairs (1 Authorized, 1 Unauthorized)",True,True,True,True,SON-SM-2025-D6ECZ42,False,Manual Review
CLM-2026-00448,USR-69889,PRD-WA-LG-T211,Washing Machine,LG Smart Inverter Top-Load 11kg,LG,T2111VSSV,LG-WA-2025-ECWZTYM,2026-01-30,108300.0,Hafeez Center Certified Dealer Outlets,36,2026-01-30,2029-01-29,2028-02-08,Inverter Direct Drive motor stator hall-effect sensor electrical open circuit,Inverter Motor Failure,2028-02-11,0 repairs,True,True,True,True,LG-WA-2025-ECWZTYM,False,Valid Claim
CLM-2026-01066,USR-27042,PRD-AU-SON-HT-S,Audio / Soundbar,Sony Dolby Atmos Soundbar 5.1,Sony,HT-S40R,SON-AU-2025-R4FYDZG,2026-01-10,112000.0,Daraz Mall Authorized Brand Store,12,2026-01-11,2027-01-11,2026-08-18,Active subwoofer Class-D amplifier module silent; power LED steady green,Amplifier Circuit Failure,2026-08-21,0 repairs,True,True,True,True,5ON-AU-2025-R4FYDZG,False,Manual Review
CLM-2026-01294,USR-22883,PRD-LA-LEN-82WK,Laptop,Lenovo Legion Pro 5i,Lenovo,82WK0046US,LEN-LA-2025-R4D7ZRB,2026-06-04,353500.0,Al-Madina Electronics Authorized Franchise,12,2026-06-05,2027-06-05,2027-02-23,Internal cooling fan bearing seizure and zero RPM tachometer error,Cooling System Defect,2027-02-28,0 repairs,True,False,True,False,LEN-LA-2025-R4D7ZRB,False,Manual Review
CLM-2026-00328,USR-29055,PRD-WA-DAW-DW-9,Washing Machine,Dawlance Top-Load Energy Saver 11kg,Dawlance,DW-9060-ES,DAW-WA-2025-6PMZ4EZ,2025-11-11,67600.0,TechnoCity Prime Electronics,12,2025-11-12,2026-11-12,2026-01-23,Internal drainage pump motor winding electrical open circuit with OE code,Drain Pump Defect,2026-01-24,1 repair (Authorized Service Center),True,True,True,True,DAW-WA-2025-6PMZ4EZ,False,Valid Claim
CLM-2026-01408,USR-34846,PRD-WA-SAM-WA13,Washing Machine,Samsung Wobble Technology Top-Load 13kg,Samsung,WA13CG5441BY,SAM-WA-2025-E4H827T,2026-04-19,80400.0,Airlink Communications Official Flagship,12,2026-04-20,2027-04-20,2026-05-08,Electronic door safety microswitch interlock latch contact failure,Safety Interlock Defect,2026-05-10,0 repairs,True,True,True,False,SAM-WA-2025-E4H827T,False,Manual Review
CLM-2026-00490,USR-29805,PRD-SM-SAM-SM-S,Smartphone,Samsung Galaxy S24 Ultra,Samsung,SM-S928B,86410920239469,2026-02-22,352200.0,Mega PK Technologies Flagship Hub,12,2026-02-22,2027-02-22,2026-09-04,Logic board PMIC power distribution failure; unit will not boot,Logic Board Failure,2026-09-05,2 repairs (Authorized Service Center),True,True,True,True,86410920239469,False,Valid Claim
CLM-2026-00067,USR-52568,PRD-SM-APP-A310,Smartphone,Apple iPhone 15 Pro Max,Apple,A3106,86410987277086,2026-01-16,393600.0,Mega PK Technologies Flagship Hub,12,2026-01-17,2027-01-17,2026-06-24,USB-C fast charging handshake pin solder fatigue; fails to negotiate charge,Charging Port Failure,2026-06-25,0 repairs,True,True,True,True,86410987277086,False,Valid Claim
CLM-2026-00391,USR-79355,PRD-AU-APP-MTJV,Audio / Soundbar,Apple AirPods Pro 2nd Gen,Apple,MTJV3,APP-AU-2025-MZNYRD5,2025-11-26,81200.0,Muller & Phipps Authorized Retail,12,2025-11-26,2026-11-26,2026-08-11,Bluetooth RF transceiver chip desoldered; device refuses pairing handshakes,Wireless Transceiver Defect,2026-08-15,2 repairs (Authorized Service Center),True,True,True,True,APP-AU-2025-MZNYRD5,False,Valid Claim
CLM-2026-00620,USR-99568,PRD-AU-SAM-HW-Q,Audio / Soundbar,Samsung Q-Series Soundbar 3.1.2ch,Samsung,HW-Q600C,SAM-AU-2025-MNLLGH7,2024-10-19,112400.0,Muller & Phipps Authorized Retail,12,2024-10-20,2025-10-20,2025-03-07,Bluetooth RF transceiver chip desoldered; device refuses pairing handshakes,Wireless Transceiver Defect,2025-03-13,1 repair (Authorized Service Center),True,True,True,True,SAM-AU-2025-9X5VD0U,False,Invalid Claim
CLM-2026-00370,USR-26950,PRD-SM-APP-A288,Smartphone,Apple iPhone 14,Apple,A2882,86410989752740,2026-02-24,219600.0,Metro Cash & Carry Official Counter,12,2026-02-24,2027-02-24,2027-01-18,Camera module Optical Image Stabilization (OIS) actuator rattle and blur,Camera Module Hardware Defect,2027-01-22,2 repairs (Authorized Service Center),True,True,True,True,86410989752740,False,Valid Claim
CLM-2026-00087,USR-74752,PRD-SM-SON-KD-6,Smart TV,Sony Bravia LED 4K 65-inch,Sony,KD-65X77L,SON-SM-2025-J995PP5,2026-02-07,253500.0,Airlink Communications Official Flagship,12,2026-02-07,2027-02-07,2026-04-20,LED backlight string driver open circuit resulting in total black screen with intact audio,Backlight Array Failure,2026-04-22,0 repairs,True,True,True,True,SON-SM-2025-J995PP5,False,Valid Claim
CLM-2026-01282,USR-15333,PRD-SM-SAM-QA55,Smart TV,Samsung QLED 4K Smart TV 55-inch,Samsung,QA55Q60CA,SAM-SM-2025-XNKFCPE,2025-06-10,243300.0,Brand Flagship Experience Store,24,2025-06-11,2027-06-11,2026-08-16,Motherboard HDMI receiver chip failure; all ports report No Signal,Mainboard HDMI Interface Failure,2026-08-20,0 repairs,True,True,True,True,5AM-SM-2025-XNKFCPE,False,Manual Review
CLM-2026-00246,USR-99318,PRD-LA-DEL-L544,Laptop,Dell Latitude 5440,Dell,L5440-CTO1,DEL-LA-2025-4S8SER1,2025-12-19,241700.0,Daraz Mall Authorized Brand Store,12,2025-12-19,2026-12-19,2026-09-21,Internal cooling fan bearing seizure and zero RPM tachometer error,Cooling System Defect,2026-09-23,1 repair (Authorized Service Center),True,True,True,True,DEL-LA-2025-4S8SER1,False,Valid Claim
CLM-2026-00103,USR-78723,PRD-SM-APP-A309,Smartphone,Apple iPhone 15,Apple,A3090,86049211243814,2026-06-18,236800.0,TechnoCity Prime Electronics,12,2026-06-19,2027-06-19,2026-11-21,Earpiece acoustic transducer failure causing distorted voice audio,Acoustic Transducer Defect,2026-11-25,2 repairs (Authorized Service Center),True,True,True,True,86049211243814,False,Valid Claim
CLM-2026-01053,USR-46516,PRD-AU-SON-HT-S,Audio / Soundbar,Sony Dolby Atmos Soundbar 5.1,Sony,HT-S40R,SON-AU-2025-1JPHUWZ,2026-05-23,86900.0,Al-Madina Electronics Authorized Franchise,12,2026-05-24,2027-05-24,2026-11-21,Bluetooth RF transceiver chip desoldered; device refuses pairing handshakes,Wireless Transceiver Defect,2026-11-24,0 repairs,True,True,True,True,5ON-AU-2025-1JPHUWZ,False,Manual Review
CLM-2026-00711,USR-52452,PRD-SM-SAM-QA55,Smart TV,Samsung QLED 4K Smart TV 55-inch,Samsung,QA55Q60CA,SAM-SM-2025-Y4VJCAP,2026-02-11,224500.0,Hafeez Center Certified Dealer Outlets,24,2026-02-12,2028-02-12,2026-06-23,Unit power failure; replacement unit already issued under previous claim,Hardware Failure,2026-06-29,1 repair (Unauthorized Third-Party),True,True,True,True,SAM-SM-2025-Y4VJCAP,True,Invalid Claim
CLM-2026-01189,USR-68124,PRD-LA-DEL-XPS9,Laptop,Dell XPS 15 9530,Dell,XPS9530-7456SLV,DEL-LA-2025-1MPCL9F,2025-10-01,454800.0,Metro Cash & Carry Official Counter,24,2025-10-02,2027-10-02,2026-05-19,Keyboard matrix row 3 (keys A-S-D-F) non-responsive under dry conditions,Keyboard Matrix Failure,2026-05-21,0 repairs,True,True,True,True,DEL-LA-Z025-1MPCL9F,False,Manual Review
CLM-2026-00752,USR-73861,PRD-SM-TCL-50P6,Smart TV,TCL 4K HDR Smart TV 50-inch,TCL,50P635,TCL-SM-2025-SKUD8X5,2025-10-31,103500.0,Metro Cash & Carry Official Counter,24,2025-11-01,2027-11-01,2026-02-24,Internal switch-mode power supply (SMPS) secondary rail diode breakdown,Internal Power Supply Failure,2026-02-25,0 repairs,True,True,True,True,TCL-SM-2025-6KC9KDC,False,Invalid Claim
CLM-2026-00321,USR-91324,PRD-SM-SON-KD-6,Smart TV,Sony Bravia LED 4K 65-inch,Sony,KD-65X77L,SON-SM-2025-LP0LCNH,2026-03-13,200300.0,Cnergy Tech Retail Center,24,2026-03-14,2028-03-13,2026-12-25,LED backlight string driver open circuit resulting in total black screen with intact audio,Backlight Array Failure,2026-12-30,0 repairs,True,True,True,True,SON-SM-2025-LP0LCNH,False,Valid Claim
CLM-2026-00486,USR-23137,PRD-LA-DEL-i563,Laptop,Dell Inspiron 16,Dell,i5630-7212SLV,DEL-LA-2025-M055DL2,2026-07-06,156800.0,Al-Madina Electronics Authorized Franchise,12,2026-07-07,2027-07-07,2026-11-19,Persistent dead pixel vertical line across IPS display panel,Display Panel Defect,2026-11-23,1 repair (Authorized Service Center),True,True,True,True,DEL-LA-2025-M055DL2,False,Valid Claim
CLM-2026-00701,USR-55188,PRD-WA-DAW-DW-F,Washing Machine,Dawlance Inverter Front-Load ProWash,Dawlance,DW-FL-9000,DAW-WA-2025-S6VR7DU,2025-01-11,126100.0,Metro Cash & Carry Official Counter,36,2025-01-12,2028-01-12,2025-03-28,Water inlet dual solenoid valve coil burnout; machine fails to fill water,Water Valve Failure,2025-04-01,1 repair (Unauthorized Third-Party),False,False,True,True,,False,Invalid Claim
CLM-2026-00435,USR-18849,PRD-SM-SAM-UA65,Smart TV,Samsung Crystal UHD 4K 65-inch,Samsung,UA65CU7000, SAM-SM-2025-PTXJ83A ,2026-01-25,228500.0,Cnergy Tech Retail Center,12,2026-01-25,2027-01-25,2026-07-24,Internal switch-mode power supply (SMPS) secondary rail diode breakdown,Internal Power Supply Failure,2026-07-26,1 repair (Authorized Service Center),True,True,True,True,SAM-SM-2025-PTXJ83A,False,Valid Claim
CLM-2026-00322,USR-18782,PRD-SM-XIA-2309,Smartphone,Xiaomi Redmi Note 13 Pro+,Xiaomi,23090RA98G,35912459068777,2026-07-22,105000.0,Al-Madina Electronics Authorized Franchise,12,2026-07-23,2027-07-23,2027-02-05,Earpiece acoustic transducer failure causing distorted voice audio,Acoustic Transducer Defect,2027-02-07,2 repairs (Authorized Service Center),True,True,True,True,35912459068777,False,Valid Claim
CLM-2026-00392,USR-73691,PRD-SM-SAM-QA55,Smart TV,Samsung QLED 4K Smart TV 55-inch,Samsung,QA55Q60CA,SAM-SM-2025-X3V3C9H,2026-06-12,242100.0,Airlink Communications Official Flagship,24,2026-06-13,2028-06-12,2027-05-01,Internal switch-mode power supply (SMPS) secondary rail diode breakdown,Internal Power Supply Failure,2027-05-04,0 repairs,True,True,True,True,SAM-SM-2025-X3V3C9H,False,Valid Claim
CLM-2026-00551,USR-19801,PRD-AU-SON-HT-S,Audio / Soundbar,Sony Dolby Atmos Soundbar 5.1,Sony,HT-S40R,SON-AU-2025-3G1H0U9,2025-02-03,104100.0,Al-Madina Electronics Authorized Franchise,12,2025-02-04,2026-02-04,2025-03-13,Active subwoofer Class-D amplifier module silent; power LED steady green,Amplifier Circuit Failure,2025-03-15,1 repair (Unauthorized Third-Party),False,False,True,True,,False,Invalid Claim
CLM-2026-00911,USR-96561,PRD-LA-HP-15-e,Laptop,HP Pavilion 15,HP,15-eg3023nr,HP-LA-2025-5LSHHJH,2024-08-07,104200.0,TechnoCity Prime Electronics,24,2024-08-08,2026-08-08,2024-10-27,Persistent dead pixel vertical line across IPS display panel,Display Panel Defect,2025-02-16,0 repairs,True,True,True,True,HP-LA-2025-5LSHHJH,False,Invalid Claim
CLM-2026-00374,USR-15932,PRD-AU-SON-HT-S,Audio / Soundbar,Sony Dolby Atmos Soundbar 5.1,Sony,HT-S40R,SON-AU-2025-DFPTBKS,2026-08-03,90700.0,Muller & Phipps Authorized Retail,12,2026-08-03,2027-08-03,2027-04-06,Bluetooth RF transceiver chip desoldered; device refuses pairing handshakes,Wireless Transceiver Defect,2027-04-08,1 repair (Authorized Service Center),True,True,True,True,SON-AU-2025-DFPTBKS,False,Valid Claim
CLM-2026-00935,USR-38828,PRD-SM-APP-A310,Smartphone,Apple iPhone 15 Pro Max,Apple,A3106,86410942611640,2025-11-10,320900.0,Mega PK Technologies Flagship Hub,12,2025-11-11,2026-11-11,2026-03-04,Third-party replacement LCD installed at local repair market; missing thermal bracket,Unauthorized Tampering / Bazaar Rework,2026-03-08,0 repairs,True,True,True,True,86410942611640,False,Invalid Claim
CLM-2026-01190,USR-57423,PRD-SM-SAM-QA55,Smart TV,Samsung QLED 4K Smart TV 55-inch,Samsung,QA55Q60CA,SAM-SM-2025-MMNCZHW,2025-11-30,252800.0,Cnergy Tech Retail Center,12,2025-12-01,2026-12-01,2026-05-15,LED backlight string driver open circuit resulting in total black screen with intact audio,Backlight Array Failure,2026-05-18,0 repairs,True,False,True,False,SAM-SM-2025-MMNCZHW,False,Manual Review
CLM-2026-01279,USR-34961,PRD-SM-TCL-55C7,Smart TV,TCL QLED Mini-LED 55-inch,TCL,55C755,TCL-SM-2025-MTP54HY,2026-06-03,129100.0,Airlink Communications Official Flagship,12,2026-06-04,2027-06-04,2026-06-21,LED backlight string driver open circuit resulting in total black screen with intact audio,Backlight Array Failure,2026-06-26,0 repairs,True,True,True,True,TCL-5M-2025-MTP54HY,False,Manual Review
CLM-2026-00215,USR-21869,PRD-SM-XIA-2309,Smartphone,Xiaomi Redmi Note 13 Pro+,Xiaomi,23090RA98G,35874259099346,2026-04-19,89500.0,Hafeez Center Certified Dealer Outlets,12,2026-04-20,2027-04-20,2026-07-07,Cellular baseband modem chip malfunction; persistent No Service state,Modem / Cellular Hardware Defect,2026-07-11,2 repairs (Authorized Service Center),True,True,True,True,35874259099346,False,Valid Claim
CLM-2026-01434,USR-15510,PRD-WA-DAW-DW-9,Washing Machine,Dawlance Top-Load Energy Saver 11kg,Dawlance,DW-9060-ES,DAW-WA-2025-ZCTFVYJ,2025-01-16,73200.0,Metro Cash & Carry Official Counter,24,2025-01-17,2027-01-17,2025-03-01,Internal drainage pump motor winding electrical open circuit with OE code,Drain Pump Defect,2025-03-04,0 repairs,True,True,True,True,DAW-WA-Z025-ZCTFVYJ,False,Manual Review
CLM-2026-00073,USR-50483,PRD-SM-APP-A288,Smartphone,Apple iPhone 14,Apple,A2882,35874299941508,2026-06-25,202600.0,Mega PK Technologies Flagship Hub,12,2026-06-26,2027-06-26,2027-03-23,Logic board PMIC power distribution failure; unit will not boot,Logic Board Failure,2027-03-26,0 repairs,True,True,True,True,35874299941508,False,Valid Claim
CLM-2026-01244,USR-80837,PRD-SM-APP-A309,Smartphone,Apple iPhone 15,Apple,A3090,35912484695450,2025-12-02,230600.0,Airlink Communications Official Flagship,12,2025-12-03,2026-12-03,2026-04-20,Cellular baseband modem chip malfunction; persistent No Service state,Modem / Cellular Hardware Defect,2026-05-01,0 repairs,True,True,True,True,35912484695450,False,Manual Review
CLM-2026-00527,USR-17899,PRD-LA-APP-A268,Laptop,Apple MacBook Air 13 M2,Apple,A2681,APP-LA-2025-SF3SPBU,2025-08-11,277900.0,Metro Cash & Carry Official Counter,24,2025-08-12,2027-08-12,2025-09-15,Device fell into water container; now will not boot or respond to charger,Hardware Glitch / Unspecified Defect,2025-09-16,1 repair (Unauthorized Third-Party),True,True,True,True,APP-LA-2025-SF3SPBU,False,Invalid Claim
CLM-2026-00688,USR-36989,PRD-AU-SON-WH-1,Audio / Soundbar,Sony Wireless Noise Canceling Headphones,Sony,WH-1000XM5,SON-AU-2025-6DWFEYF,2025-04-10,80600.0,Metro Cash & Carry Official Counter,12,2025-04-11,2026-04-11,2025-06-04,ANC feedback microphone capsule dead; severe acoustic howling artifact,Microphone Hardware Failure,2025-06-10,1 repair (Unauthorized Third-Party),False,False,True,True,,False,Invalid Claim
CLM-2026-00950,USR-57951,PRD-AU-SAM-HW-Q,Audio / Soundbar,Samsung Q-Series Soundbar 3.1.2ch,Samsung,HW-Q600C,SAM-AU-2025-YZ6C1H7,2025-08-14,118800.0,Al-Madina Electronics Authorized Franchise,12,2025-08-15,2026-08-15,2025-09-23,ANC feedback microphone capsule dead; severe acoustic howling artifact,Microphone Hardware Failure,2025-09-24,0 repairs,False,True,True,True,,False,Invalid Claim
CLM-2026-01344,USR-50491,PRD-WA-HAI-HWM8,Washing Machine,Haier Twin Tub Semi-Automatic Washer,Haier,HWM80-50,HAI-WA-2025-DPX3RE2,2025-05-27,44000.0,TechnoCity Prime Electronics,24,2025-05-28,2027-05-28,2025-06-20,Water inlet dual solenoid valve coil burnout; machine fails to fill water (Customer notes prior minor servicing at local shop),Water Valve Failure,2025-06-24,1 repair (Unauthorized Third-Party),True,True,True,True,HAI-WA-2025-DPX3RE2,False,Manual Review
CLM-2026-00226,USR-62513,PRD-SM-SAM-SM-S,Smartphone,Samsung Galaxy S24 Ultra,Samsung,SM-S928B,86049218600734,2026-04-20,264900.0,Brand Flagship Experience Store,12,2026-04-21,2027-04-21,2026-06-10,Logic board PMIC power distribution failure; unit will not boot,Logic Board Failure,2026-06-15,1 repair (Authorized Service Center),True,True,True,True,86049218600734,False,Valid Claim
CLM-2026-00597,USR-18058,PRD-AU-SAM-HW-Q,Audio / Soundbar,Samsung Q-Series Soundbar 3.1.2ch,Samsung,HW-Q600C,SAM-AU-2025-ANWW5ZP,2024-09-27,106000.0,Muller & Phipps Authorized Retail,12,2024-09-28,2025-09-28,2025-02-01,ANC feedback microphone capsule dead; severe acoustic howling artifact,Microphone Hardware Failure,2025-02-07,0 repairs,False,False,True,True,,False,Invalid Claim
CLM-2026-01112,USR-78907,PRD-SM-SON-XR-5,Smart TV,Sony Bravia 4K OLED 55-inch,Sony,XR-55A80L,SON-SM-2025-A93NDUF,2026-05-22,372300.0,Cnergy Tech Retail Center,12,2026-05-23,2027-05-23,2026-10-29,Motherboard HDMI receiver chip failure; all ports report No Signal,Mainboard HDMI Interface Failure,2026-11-01,0 repairs,True,True,True,True,5on-sm-2025-a93nduf,False,Manual Review
CLM-2026-00192,USR-62530,PRD-SM-SAM-SM-F,Smartphone,Samsung Galaxy Z Fold 5,Samsung,SM-F946B,86410968749049,2026-03-27,430000.0,Hafeez Center Certified Dealer Outlets,12,2026-03-27,2027-03-27,2026-10-13,Spontaneous vertical green line on AMOLED panel post official OTA update,Display Panel Defect,2026-10-16,0 repairs,True,True,True,True,86410968749049,False,Valid Claim
CLM-2026-00178,USR-95404,PRD-SM-SON-KD-6,Smart TV,Sony Bravia LED 4K 65-inch,Sony,KD-65X77L,SON-SM-2025-BU8U201,2025-10-23,244600.0,Hafeez Center Certified Dealer Outlets,24,2025-10-23,2027-10-23,2026-06-16,LED backlight string driver open circuit resulting in total black screen with intact audio,Backlight Array Failure,2026-06-18,0 repairs,True,True,True,True,SON-SM-2025-BU8U201,False,Valid Claim
CLM-2026-00529,USR-13746,PRD-AU-SON-WH-1,Audio / Soundbar,Sony Wireless Noise Canceling Headphones,Sony,WH-1000XM5,SON-AU-2025-DNYK3F3,2025-07-06,83500.0,TechnoCity Prime Electronics,12,2025-07-07,2026-07-07,2026-11-26,Active subwoofer Class-D amplifier module silent; power LED steady green,Amplifier Circuit Failure,2026-11-28,0 repairs,True,True,True,True,SON-AU-2025-DNYK3F3,False,Invalid Claim
CLM-2026-00430,USR-25031,PRD-AU-SAM-HW-Q,Audio / Soundbar,Samsung Q-Series Soundbar 3.1.2ch,Samsung,HW-Q600C,SAM-AU-2025-610MNFB,2026-01-19,94800.0,Mega PK Technologies Flagship Hub,12,2026-01-19,2027-01-19,2026-08-20,Bluetooth RF transceiver chip desoldered; device refuses pairing handshakes,Wireless Transceiver Defect,2026-08-21,0 repairs,True,True,True,True,SAM-AU-2025-610MNFB,False,Valid Claim
CLM-2026-00750,USR-42216,PRD-SM-APP-A310,Smartphone,Apple iPhone 15 Pro Max,Apple,A3106,35874227755793,2025-02-26,346700.0,TechnoCity Prime Electronics,12,2025-02-27,2026-02-27,2025-05-29,Unit power failure; replacement unit already issued under previous claim,Hardware Failure,2025-06-02,1 repair (Unauthorized Third-Party),True,True,True,True,35874227755793,True,Invalid Claim
CLM-2026-01042,USR-22948,PRD-WA-HAI-HWM1,Washing Machine,Haier Inverter Front-Load 10kg Washer,Haier,HWM100-1678,HAI-WA-2025-GKP378Z,2025-01-09,89200.0,Mega PK Technologies Flagship Hub,36,2025-01-10,2028-01-10,2028-01-16,Drum balance suspension damper mechanical collapse under rated wash load,Mechanical Suspension Defect,2028-01-19,0 repairs,True,True,True,True,HAI-WA-2025-GKP378Z,False,Manual Review
CLM-2026-01275,USR-22243,PRD-SM-SAM-UA65,Smart TV,Samsung Crystal UHD 4K 65-inch,Samsung,UA65CU7000,SAM-SM-2025-J1YL5FX,2025-06-08,149900.0,Muller & Phipps Authorized Retail,24,2025-06-09,2027-06-09,2026-11-01,LED backlight string driver open circuit resulting in total black screen with intact audio,Backlight Array Failure,2026-11-03,0 repairs,True,False,True,False,SAM-SM-2025-J1YL5FX,False,Manual Review
CLM-2026-00789,USR-10441,PRD-SM-SON-XR-5,Smart TV,Sony Bravia 4K OLED 55-inch,Sony,XR-55A80L,SON-SM-2025-79TSNJL,2025-09-03,393400.0,Mega PK Technologies Flagship Hub,12,2025-09-04,2026-09-04,2026-01-29,Unit power failure; replacement unit already issued under previous claim,Hardware Failure,2026-02-03,1 repair (Unauthorized Third-Party),True,True,True,True,SON-SM-2025-79TSNJL,True,Invalid Claim
CLM-2026-00866,USR-72824,PRD-SM-APP-A310,Smartphone,Apple iPhone 15 Pro Max,Apple,A3106,86049228904007,2025-01-01,462100.0,Metro Cash & Carry Official Counter,12,2025-01-02,2026-01-02,2026-04-29,Spontaneous vertical green line on AMOLED panel post official OTA update,Display Panel Defect,2026-05-04,0 repairs,True,True,True,True,86049228904007,False,Invalid Claim
CLM-2026-00075,USR-46932,PRD-LA-APP-A299,Laptop,Apple MacBook Pro 14 M3,Apple,A2992,APP-LA-2025-YLRS77Y,2025-12-14,384000.0,Hafeez Center Certified Dealer Outlets,12,2025-12-14,2026-12-14,2026-06-30,Internal cooling fan bearing seizure and zero RPM tachometer error,Cooling System Defect,2026-07-05,1 repair (Authorized Service Center),True,True,True,True,APP-LA-2025-YLRS77Y,False,Valid Claim
CLM-2026-01099,USR-42191,PRD-WA-SAM-WA13,Washing Machine,Samsung Wobble Technology Top-Load 13kg,Samsung,WA13CG5441BY,SAM-WA-2025-3W7BAPW,2026-01-01,122400.0,Metro Cash & Carry Official Counter,12,2026-01-02,2027-01-02,2026-12-28,Electronic door safety microswitch interlock latch contact failure,Safety Interlock Defect,2027-01-04,0 repairs,True,True,True,True,SAM-WA-2025-3W7BAPW,False,Manual Review
CLM-2026-01430,USR-82600,PRD-SM-SON-KD-6,Smart TV,Sony Bravia LED 4K 65-inch,Sony,KD-65X77L,SON-SM-2025-KWTX2S1,2025-11-25,204500.0,Brand Flagship Experience Store,24,2025-11-26,2027-11-26,2026-04-16,Internal switch-mode power supply (SMPS) secondary rail diode breakdown,Internal Power Supply Failure,2026-04-19,0 repairs,True,True,True,True,5ON-SM-2025-KWTX2S1,False,Manual Review
CLM-2026-00193,USR-57002,PRD-WA-LG-T211,Washing Machine,LG Smart Inverter Top-Load 11kg,LG,T2111VSSV,LG-WA-2025-W54PZU3,2025-10-13,110400.0,Brand Flagship Experience Store,36,2025-10-14,2028-10-13,2028-04-08,Electronic door safety microswitch interlock latch contact failure,Safety Interlock Defect,2028-04-10,1 repair (Authorized Service Center),True,True,True,True,LG-WA-Z025-W54PZU3,False,Valid Claim
CLM-2026-00036,USR-11854,PRD-LA-HP-14-e,Laptop,HP Spectre x360 14,HP,14-ef2013dx,HP-LA-2025-6R9KSKZ,2026-05-04,354000.0,Al-Madina Electronics Authorized Franchise,12,2026-05-05,2027-05-05,2026-09-08,Dedicated GPU VRAM solder fatigue resulting in visual polygon artifacting,GPU Hardware Malfunction,2026-09-11,0 repairs,True,True,True,True,HP-LA-2025-6R9KSKZ,False,Valid Claim
CLM-2026-00634,USR-65744,PRD-LA-DEL-L544,Laptop,Dell Latitude 5440,Dell,L5440-CTO1,DEL-LA-2025-SVL5YZM,2025-06-07,175600.0,Brand Flagship Experience Store,24,2025-06-08,2027-06-08,2025-09-16,Factory NVMe SSD controller locked in permanent read-only state,Internal Storage Degradation,2025-09-20,0 repairs,True,True,True,True,DEL-LA-2025-XFVA4BB,False,Invalid Claim
CLM-2026-01122,USR-39870,PRD-SM-XIA-2309,Smartphone,Xiaomi Redmi Note 13 Pro+,Xiaomi,23090RA98G,86049248930643,2025-12-29,94200.0,Metro Cash & Carry Official Counter,12,2025-12-30,2026-12-30,2026-01-31,USB-C fast charging handshake pin solder fatigue; fails to negotiate charge (Customer notes prior minor servicing at local shop),Charging Port Failure,2026-02-04,1 repair (Unauthorized Third-Party),True,True,True,True,86049248930643,False,Manual Review
CLM-2026-00855,USR-44214,PRD-LA-DEL-XPS9,Laptop,Dell XPS 15 9530,Dell,XPS9530-7456SLV,DEL-LA-2025-P8KW6JA,2025-11-04,338500.0,Daraz Mall Authorized Brand Store,24,2025-11-05,2027-11-05,2025-11-30,Factory NVMe SSD controller locked in permanent read-only state,Internal Storage Degradation,2025-12-05,1 repair (Authorized Service Center),True,True,True,True,DEL-LA-2025-PFRG5C8,False,Invalid Claim
CLM-2026-01051,USR-43462,PRD-SM-APP-A288,Smartphone,Apple iPhone 14,Apple,A2882,35874267695778,2026-03-03,214900.0,TechnoCity Prime Electronics,12,2026-03-04,2027-03-04,2027-01-23,Earpiece acoustic transducer failure causing distorted voice audio,Acoustic Transducer Defect,2027-01-28,0 repairs,True,True,True,True,3S874267695778,False,Manual Review
CLM-2026-00611,USR-98473,PRD-WA-SAM-WW90,Washing Machine,Samsung EcoBubble Front-Load Inverter 9kg,Samsung,WW90T554DAW,SAM-WA-2025-RF194GC,2025-02-24,153800.0,Daraz Mall Authorized Brand Store,36,2025-02-25,2028-02-25,2025-07-03,Unit power failure; replacement unit already issued under previous claim,Hardware Failure,2025-07-06,1 repair (Authorized Service Center),True,True,True,True,SAM-WA-2025-RF194GC,True,Invalid Claim
CLM-2026-00449,USR-15997,PRD-LA-LEN-82WK,Laptop,Lenovo Legion Pro 5i,Lenovo,82WK0046US,LEN-LA-2025-YR8ENVG,2026-05-07,279700.0,Cnergy Tech Retail Center,24,2026-05-07,2028-05-06,2028-02-29,Motherboard MOSFET short circuit causing instantaneous thermal protection shutdown,Motherboard Circuit Failure,2028-03-03,0 repairs,True,True,True,True,LEN-LA-2025-YR8ENVG,False,Valid Claim
CLM-2026-01259,USR-98496,PRD-SM-SON-XR-5,Smart TV,Sony Bravia 4K OLED 55-inch,Sony,XR-55A80L,SON-SM-2025-JUMF1MT,2026-06-27,285300.0,Muller & Phipps Authorized Retail,12,2026-06-28,2027-06-28,2026-09-18,LED backlight string driver open circuit resulting in total black screen with intact audio,Backlight Array Failure,2026-09-28,0 repairs,True,True,True,True,SON-SM-2025-JUMF1MT,False,Manual Review
CLM-2026-00210,USR-11461,PRD-WA-HAI-HWM1,Washing Machine,Haier Direct Drive Top-Load 12kg Washer,Haier,HWM120-826,HAI-WA-2025-CU157RT,2025-11-05,99400.0,Al-Madina Electronics Authorized Franchise,24,2025-11-06,2027-11-06,2027-08-27,Water inlet dual solenoid valve coil burnout; machine fails to fill water,Water Valve Failure,2027-08-29,0 repairs,True,True,True,True,HAI-WA-2025-CU157RT,False,Valid Claim
CLM-2026-01017,USR-72967,PRD-WA-LG-T211,Washing Machine,LG Smart Inverter Top-Load 11kg,LG,T2111VSSV,LG-WA-2025-S6V407X,2025-05-03,78600.0,Hafeez Center Certified Dealer Outlets,24,2025-05-04,2027-05-04,2026-02-07,Inverter Direct Drive motor stator hall-effect sensor electrical open circuit (Customer notes prior minor servicing at local shop),Inverter Motor Failure,2026-02-12,"2 repairs (1 Authorized, 1 Unauthorized)",True,True,True,True,LG-WA-2025-S6V407X,False,Manual Review
CLM-2026-00175,USR-49384,PRD-SM-SON-KD-6,Smart TV,Sony Bravia LED 4K 65-inch,Sony,KD-65X77L,SON-SM-2025-N1F8CBT,2026-03-05,277900.0,TechnoCity Prime Electronics,24,2026-03-06,2028-03-05,2027-08-01,LED backlight string driver open circuit resulting in total black screen with intact audio,Backlight Array Failure,2027-08-02,0 repairs,True,True,True,True,SON-SM-2025-N1F8CBT,False,Valid Claim
CLM-2026-01086,USR-29333,PRD-LA-LEN-21HD,Laptop,Lenovo ThinkPad T14 Gen 4,Lenovo,21HD001EUS,LEN-LA-2025-UUGAF51,2026-02-01,323300.0,TechnoCity Prime Electronics,24,2026-02-02,2028-02-02,2026-11-09,Factory NVMe SSD controller locked in permanent read-only state,Internal Storage Degradation,2026-11-24,0 repairs,True,True,True,True,LEN-LA-2025-UUGAF51,False,Manual Review
CLM-2026-00340,USR-29078,PRD-SM-SON-XR-5,Smart TV,Sony Bravia 4K OLED 55-inch,Sony,XR-55A80L,SON-SM-2025-FW19034,2026-04-28,301600.0,Daraz Mall Authorized Brand Store,12,2026-04-28,2027-04-28,2026-08-10,Internal T-CON timing controller logic failure causing display split-screen inversion,Timing Controller (T-CON) Defect,2026-08-13,0 repairs,True,True,True,True,SON-SM-2025-FW19034,False,Valid Claim
CLM-2026-00625,USR-46083,PRD-SM-APP-A288,Smartphone,Apple iPhone 14,Apple,A2882,86410955961904,2024-12-09,209500.0,Brand Flagship Experience Store,12,2024-12-10,2025-12-10,2025-02-25,Device fell into water container; now will not boot or respond to charger,Hardware Glitch / Unspecified Defect,2025-05-14,1 repair (Authorized Service Center),True,True,True,True,86410955961904,False,Invalid Claim
CLM-2026-00799,USR-99304,PRD-LA-LEN-82XD,Laptop,Lenovo IdeaPad Slim 5,Lenovo,82XD0006US,LEN-LA-2025-4TP24ED,2024-08-27,146800.0,Daraz Mall Authorized Brand Store,12,2024-08-28,2025-08-28,2024-10-28,Dedicated GPU VRAM solder fatigue resulting in visual polygon artifacting,GPU Hardware Malfunction,2025-02-08,0 repairs,True,True,True,True,LEN-LA-2025-4TP24ED,False,Invalid Claim
CLM-2026-00483,USR-92927,PRD-AU-SON-HT-S,Audio / Soundbar,Sony Dolby Atmos Soundbar 5.1,Sony,HT-S40R,SON-AU-2025-9MY94V1,2026-04-06,76200.0,Brand Flagship Experience Store,12,2026-04-06,2027-04-06,2027-01-14,Bluetooth RF transceiver chip desoldered; device refuses pairing handshakes,Wireless Transceiver Defect,2027-01-15,0 repairs,True,True,True,True,SON-AU-2025-9MY94V1,False,Valid Claim
CLM-2026-00415,USR-58449,PRD-LA-HP-15-e,Laptop,HP Pavilion 15,HP,15-eg3023nr,HP-LA-2025-0UX0NCS,2026-06-16,111000.0,Cnergy Tech Retail Center,12,2026-06-17,2027-06-17,2026-10-12,Internal cooling fan bearing seizure and zero RPM tachometer error,Cooling System Defect,2026-10-15,0 repairs,True,True,True,True,HP-LA-2025-0UX0NCS,False,Valid Claim
CLM-2026-00310,USR-69793,PRD-AU-SON-HT-S,Audio / Soundbar,Sony Dolby Atmos Soundbar 5.1,Sony,HT-S40R,SON-AU-2025-RG0WL8M,2026-08-04,111200.0,Brand Flagship Experience Store,12,2026-08-04,2027-08-04,2027-07-03,Active subwoofer Class-D amplifier module silent; power LED steady green,Amplifier Circuit Failure,2027-07-04,0 repairs,True,True,True,True,SON-AU-2025-RG0WL8M,False,Valid Claim
CLM-2026-00188,USR-43126,PRD-WA-HAI-HWM1,Washing Machine,Haier Direct Drive Top-Load 12kg Washer,Haier,HWM120-826,HAI-WA-2025-SLK13U1,2026-06-13,104400.0,TechnoCity Prime Electronics,24,2026-06-14,2028-06-13,2027-09-21,Inverter Direct Drive motor stator hall-effect sensor electrical open circuit,Inverter Motor Failure,2027-09-25,2 repairs (Authorized Service Center),True,True,True,True,HAI-WA-2025-SLK13U1,False,Valid Claim
CLM-2026-01484,USR-78950,PRD-LA-APP-A299,Laptop,Apple MacBook Pro 14 M3,Apple,A2992,APP-LA-2025-MF3EYVS,2025-10-21,482300.0,Hafeez Center Certified Dealer Outlets,24,2025-10-22,2027-10-22,2027-10-17,Keyboard matrix row 3 (keys A-S-D-F) non-responsive under dry conditions,Keyboard Matrix Failure,2027-10-25,0 repairs,True,True,True,True,APP-LA-2025-MF3EYVS,False,Manual Review
CLM-2026-00580,USR-53212,PRD-SM-SAM-UA65,Smart TV,Samsung Crystal UHD 4K 65-inch,Samsung,UA65CU7000,SAM-SM-2025-8RBUADJ,2024-09-07,163500.0,Mega PK Technologies Flagship Hub,12,2024-09-08,2025-09-08,2024-10-21,Liquid spray applied directly to glass panel corroded lower COF ribbon flex cables,Liquid / Moisture Damage,2024-10-26,0 repairs,True,True,True,True,SAM-SM-2025-8RBUADJ,False,Invalid Claim
CLM-2026-01297,USR-48129,PRD-WA-SAM-WA13,Washing Machine,Samsung Wobble Technology Top-Load 13kg,Samsung,WA13CG5441BY,SAM-WA-2025-EZUC0UX,2025-10-28,103000.0,Muller & Phipps Authorized Retail,12,2025-10-29,2026-10-29,2026-04-24,Inverter Direct Drive motor stator hall-effect sensor electrical open circuit (Customer notes prior minor servicing at local shop),Inverter Motor Failure,2026-04-26,1 repair (Unauthorized Third-Party),True,True,True,True,SAM-WA-2025-EZUC0UX,False,Manual Review
CLM-2026-00923,USR-29842,PRD-SM-SAM-SM-A,Smartphone,Samsung Galaxy A55 5G,Samsung,SM-A556E,35874234585451,2025-05-10,117600.0,Hafeez Center Certified Dealer Outlets,12,2025-05-11,2026-05-11,2025-10-12,Camera module Optical Image Stabilization (OIS) actuator rattle and blur,Camera Module Hardware Defect,2025-10-14,0 repairs,True,True,True,True,86410968767284,False,Invalid Claim
CLM-2026-00560,USR-70752,PRD-SM-APP-A288,Smartphone,Apple iPhone 14,Apple,A2882,35912417666321,2025-02-05,229800.0,Hafeez Center Certified Dealer Outlets,12,2025-02-06,2026-02-06,2025-05-10,Unit power failure; replacement unit already issued under previous claim,Hardware Failure,2025-05-15,1 repair (Unauthorized Third-Party),True,True,True,True,35912417666321,True,Invalid Claim
CLM-2026-00874,USR-89803,PRD-WA-DAW-DW-F,Washing Machine,Dawlance Inverter Front-Load ProWash,Dawlance,DW-FL-9000,DAW-WA-2025-RVL808Z,2025-04-19,133700.0,Al-Madina Electronics Authorized Franchise,36,2025-04-20,2028-04-19,2028-05-24,Electronic door safety microswitch interlock latch contact failure,Safety Interlock Defect,2028-05-27,0 repairs,True,True,True,True,DAW-WA-2025-RVL808Z,False,Invalid Claim
CLM-2026-00043,USR-75338,PRD-SM-TCL-55C7,Smart TV,TCL QLED Mini-LED 55-inch,TCL,55C755,TCL-SM-2025-83SVU0V,2025-12-18,144100.0,TechnoCity Prime Electronics,24,2025-12-19,2027-12-19,2026-02-22,Internal switch-mode power supply (SMPS) secondary rail diode breakdown,Internal Power Supply Failure,2026-02-24,2 repairs (Authorized Service Center),True,True,True,True,TCL-SM-2025-83SVU0V,False,Valid Claim
CLM-2026-01452,USR-35969,PRD-WA-DAW-DW-F,Washing Machine,Dawlance Inverter Front-Load ProWash,Dawlance,DW-FL-9000,DAW-WA-2025-ND0A6SK,2026-01-31,101300.0,Metro Cash & Carry Official Counter,12,2026-02-01,2027-02-01,2027-01-29,Main electronic drive controller PCB failed with IGBT gate driver error E2,Main Control Board Defect,2027-02-05,0 repairs,True,True,True,True,DAW-WA-2025-ND0A6SK,False,Manual Review
CLM-2026-00842,USR-23398,PRD-LA-DEL-i563,Laptop,Dell Inspiron 16,Dell,i5630-7212SLV,DEL-LA-2025-B52NAHB,2025-09-08,192000.0,Metro Cash & Carry Official Counter,12,2025-09-09,2026-09-09,2026-03-03,Factory NVMe SSD controller locked in permanent read-only state,Internal Storage Degradation,2026-03-09,1 repair (Authorized Service Center),True,True,True,True,DEL-LA-2025-CY5Y7NB,False,Invalid Claim
CLM-2026-00013,USR-85914,PRD-SM-APP-A309,Smartphone,Apple iPhone 15,Apple,A3090,86410966775108,2025-12-05,303400.0,Al-Madina Electronics Authorized Franchise,12,2025-12-05,2026-12-05,2026-03-22,Spontaneous vertical green line on AMOLED panel post official OTA update,Display Panel Defect,2026-03-25,0 repairs,True,True,False,True,86410966775108,False,Valid Claim
CLM-2026-00269,USR-33209,PRD-SM-TCL-50P6,Smart TV,TCL 4K HDR Smart TV 50-inch,TCL,50P635,TCL-SM-2025-G461S08,2026-01-12,72400.0,TechnoCity Prime Electronics,24,2026-01-12,2028-01-12,2027-12-10,LED backlight string driver open circuit resulting in total black screen with intact audio,Backlight Array Failure,2027-12-12,0 repairs,True,True,True,True,TCL-SM-2025-G461S08,False,Valid Claim
CLM-2026-00917,USR-46496,PRD-WA-LG-F4V5,Washing Machine,LG AI DD Front-Load Washer 9kg,LG,F4V5VYP0W,LG-WA-2025-X1L7PB9,2024-11-24,188900.0,TechnoCity Prime Electronics,12,2024-11-25,2025-11-25,2026-02-12,Main electronic drive controller PCB failed with IGBT gate driver error E2,Main Control Board Defect,2026-02-19,0 repairs,True,True,True,True,LG-WA-2025-X1L7PB9,False,Invalid Claim
CLM-2026-01060,USR-79583,PRD-WA-HAI-HWM1,Washing Machine,Haier Inverter Front-Load 10kg Washer,Haier,HWM100-1678,HAI-WA-2025-XN547EX,2026-07-26,138000.0,Cnergy Tech Retail Center,36,2026-07-27,2029-07-26,2028-10-19,Main electronic drive controller PCB failed with IGBT gate driver error E2 (Customer notes prior minor servicing at local shop),Main Control Board Defect,2028-10-22,1 repair (Unauthorized Third-Party),True,True,True,True,HAI-WA-2025-XN547EX,False,Manual Review
CLM-2026-00922,USR-37946,PRD-AU-SON-WH-1,Audio / Soundbar,Sony Wireless Noise Canceling Headphones,Sony,WH-1000XM5,SON-AU-2025-9F3U2LP,2024-11-09,90500.0,,12,2024-11-10,2025-11-10,2025-02-12,Left earpiece dropped in water puddle; acoustic chamber liquid contaminated,Liquid / Moisture Damage,2025-02-17,0 repairs,True,True,True,True,SON-AU-2025-9F3U2LP,False,Invalid Claim
CLM-2026-00739,USR-59151,PRD-AU-SAM-HW-Q,Audio / Soundbar,Samsung Q-Series Soundbar 3.1.2ch,Samsung,HW-Q600C,SAM-AU-2025-TN6NPJ6,2024-07-22,112300.0,Metro Cash & Carry Official Counter,12,2024-07-23,2025-07-23,2024-09-27,Active subwoofer Class-D amplifier module silent; power LED steady green,Amplifier Circuit Failure,2024-10-03,1 repair (Unauthorized Third-Party),True,True,True,True,SAM-AU-2025-5PVM6TU,False,Invalid Claim
CLM-2026-00171,USR-78495,PRD-SM-SAM-QA55,Smart TV,Samsung QLED 4K Smart TV 55-inch,Samsung,QA55Q60CA,SAM-SM-2025-E8UJ4N3,2026-02-16,209000.0,Hafeez Center Certified Dealer Outlets,24,2026-02-17,2028-02-17,2027-10-23,Internal T-CON timing controller logic failure causing display split-screen inversion,Timing Controller (T-CON) Defect,2027-10-25,1 repair (Authorized Service Center),True,True,True,True,SAM-SM-2025-E8UJ4N3,False,Valid Claim
CLM-2026-01335,USR-74717,PRD-AU-APP-MTJV,Audio / Soundbar,Apple AirPods Pro 2nd Gen,Apple,MTJV3,APP-AU-2025-HNKKKCZ,2026-07-03,57700.0,Cnergy Tech Retail Center,12,2026-07-04,2027-07-04,2027-07-05,Bluetooth RF transceiver chip desoldered; device refuses pairing handshakes,Wireless Transceiver Defect,2027-07-09,0 repairs,True,True,True,True,APP-AU-2025-HNKKKCZ,False,Manual Review
CLM-2026-00843,USR-73471,PRD-AU-SON-WH-1,Audio / Soundbar,Sony Wireless Noise Canceling Headphones,Sony,WH-1000XM5,SON-AU-2025-YG8CVAL,2025-05-19,91600.0,Mega PK Technologies Flagship Hub,12,2025-05-20,2026-05-20,2025-07-07,ANC feedback microphone capsule dead; severe acoustic howling artifact,Microphone Hardware Failure,2025-07-11,1 repair (Authorized Service Center),True,True,True,True,SON-AU-2025-76L3NGK,False,Invalid Claim
CLM-2026-00840,USR-14015,PRD-AU-SON-WH-1,Audio / Soundbar,Sony Wireless Noise Canceling Headphones,Sony,WH-1000XM5,SON-AU-2025-CNWMVRC,2025-04-04,104000.0,Muller & Phipps Authorized Retail,12,2025-04-05,2026-04-05,2025-06-22,Bluetooth RF transceiver chip desoldered; device refuses pairing handshakes,Wireless Transceiver Defect,2025-10-17,1 repair (Unauthorized Third-Party),True,True,True,True,SON-AU-2025-CNWMVRC,False,Invalid Claim
CLM-2026-00542,USR-18800,PRD-AU-APP-MTJV,Audio / Soundbar,Apple AirPods Pro 2nd Gen,Apple,MTJV3,APP-AU-2025-JY4WM5L,2026-03-03,76000.0,Airlink Communications Official Flagship,12,2026-03-04,2027-03-04,2026-06-11,Bluetooth RF transceiver chip desoldered; device refuses pairing handshakes,Wireless Transceiver Defect,2026-08-20,1 repair (Authorized Service Center),True,True,True,True,APP-AU-2025-JY4WM5L,False,Invalid Claim
CLM-2026-01361,USR-46882,PRD-WA-SAM-WW90,Washing Machine,Samsung EcoBubble Front-Load Inverter 9kg,Samsung,WW90T554DAW,SAM-WA-2025-EF8U0R7,2025-12-01,159900.0,Airlink Communications Official Flagship,12,2025-12-02,2026-12-02,2026-09-28,Internal drainage pump motor winding electrical open circuit with OE code,Drain Pump Defect,2026-10-03,0 repairs,True,True,True,True,5AM-WA-2025-EF8U0R7,False,Manual Review
CLM-2026-00598,USR-84471,PRD-AU-SON-WH-1,Audio / Soundbar,Sony Wireless Noise Canceling Headphones,Sony,WH-1000XM5,SON-AU-2025-1LNDLUY,2025-06-02,78800.0,Muller & Phipps Authorized Retail,12,2025-06-03,2026-06-03,2025-07-23,Active subwoofer Class-D amplifier module silent; power LED steady green,Amplifier Circuit Failure,2025-07-26,1 repair (Unauthorized Third-Party),False,False,True,True,,False,Invalid Claim
CLM-2026-01396,USR-21710,PRD-WA-HAI-HWM1,Washing Machine,Haier Inverter Front-Load 10kg Washer,Haier,HWM100-1678,HAI-WA-2025-ZPVMMJV,2025-04-19,158600.0,Mega PK Technologies Flagship Hub,24,2025-04-20,2027-04-20,2026-03-28,Water inlet dual solenoid valve coil burnout; machine fails to fill water,Water Valve Failure,2026-03-31,0 repairs,True,True,True,True,HA1-WA-2025-ZPVMMJV,False,Manual Review
CLM-2026-00468,USR-46152,PRD-LA-DEL-L544,Laptop,Dell Latitude 5440,Dell,L5440-CTO1,DEL-LA-2025-1PZP8LP,2026-05-10,216800.0,Hafeez Center Certified Dealer Outlets,24,2026-05-11,2028-05-10,2027-05-18,Keyboard matrix row 3 (keys A-S-D-F) non-responsive under dry conditions,Keyboard Matrix Failure,2027-05-22,0 repairs,True,True,True,True,DEL-LA-2025-1PZP8LP,False,Valid Claim
CLM-2026-00360,USR-92595,PRD-SM-SAM-UA65,Smart TV,Samsung Crystal UHD 4K 65-inch,Samsung,UA65CU7000,SAM-SM-2025-PVUUPGB,2025-10-07,223400.0,TechnoCity Prime Electronics,24,2025-10-08,2027-10-08,2027-01-25,Internal T-CON timing controller logic failure causing display split-screen inversion,Timing Controller (T-CON) Defect,2027-01-26,0 repairs,True,True,True,True,SAM-SM-2025-PVUUPGB,False,Valid Claim
CLM-2026-00409,USR-48655,PRD-SM-SAM-SM-S,Smartphone,Samsung Galaxy S24 Ultra,Samsung,SM-S928B,86049250462769,2026-01-02,345400.0,Hafeez Center Certified Dealer Outlets,12,2026-01-02,2027-01-02,2026-03-05,Cellular baseband modem chip malfunction; persistent No Service state,Modem / Cellular Hardware Defect,2026-03-06,0 repairs,True,True,True,True,86049250462769,False,Valid Claim
CLM-2026-00228,USR-83284,PRD-SM-APP-A309,Smartphone,Apple iPhone 15,Apple,A3090,35912488662343,2025-11-19,251800.0,Brand Flagship Experience Store,12,2025-11-19,2026-11-19,2026-01-03,Cellular baseband modem chip malfunction; persistent No Service state,Modem / Cellular Hardware Defect,2026-01-04,0 repairs,True,True,True,True,35912488662343,False,Valid Claim
CLM-2026-00134,USR-41270,PRD-SM-TCL-50P6,Smart TV,TCL 4K HDR Smart TV 50-inch,TCL,50P635,TCL-SM-2025-KBULTP9,2025-10-01,88900.0,Daraz Mall Authorized Brand Store,24,2025-10-01,2027-10-01,2027-08-30,Internal switch-mode power supply (SMPS) secondary rail diode breakdown,Internal Power Supply Failure,2027-09-01,0 repairs,True,True,True,True,TCL-SM-2025-KBULTP9,False,Valid Claim
CLM-2026-00506,USR-31565,PRD-WA-LG-T211,Washing Machine,LG Smart Inverter Top-Load 11kg,LG,T2111VSSV,LG-WA-2025-VYN8L22,2025-12-16,82200.0,Metro Cash & Carry Official Counter,12,2025-12-17,2026-12-17,2026-04-25,Water inlet dual solenoid valve coil burnout; machine fails to fill water,Water Valve Failure,2026-04-28,1 repair (Authorized Service Center),True,True,True,True,LG-WA-2025-VED7W61,False,Invalid Claim
CLM-2026-01110,USR-66401,PRD-LA-DEL-L544,Laptop,Dell Latitude 5440,Dell,L5440-CTO1,DEL-LA-2025-KTKMDUE,2025-12-30,168700.0,Metro Cash & Carry Official Counter,12,2025-12-31,2026-12-31,2027-01-01,Internal cooling fan bearing seizure and zero RPM tachometer error,Cooling System Defect,2027-01-04,0 repairs,True,True,True,True,DEL-LA-2025-KTKMDUE,False,Manual Review
CLM-2026-01284,USR-15748,PRD-AU-SON-WH-1,Audio / Soundbar,Sony Wireless Noise Canceling Headphones,Sony,WH-1000XM5,SON-AU-2025-FB9NDSB,2026-05-30,86000.0,Muller & Phipps Authorized Retail,12,2026-05-31,2027-05-31,2026-11-30,Bluetooth RF transceiver chip desoldered; device refuses pairing handshakes,Wireless Transceiver Defect,2026-12-10,0 repairs,True,True,True,True,SON-AU-2025-FB9NDSB,False,Manual Review
CLM-2026-00236,USR-56018,PRD-WA-SAM-WW90,Washing Machine,Samsung EcoBubble Front-Load Inverter 9kg,Samsung,WW90T554DAW,SAM-WA-2025-578U3R8,2026-02-08,143900.0,Brand Flagship Experience Store,36,2026-02-09,2029-02-08,2028-01-24,Internal drainage pump motor winding electrical open circuit with OE code,Drain Pump Defect,2028-01-25,0 repairs,True,True,True,True,SAM-WA-2025-578U3R8,False,Valid Claim
CLM-2026-00248,USR-54357,PRD-SM-SAM-SM-F,Smartphone,Samsung Galaxy Z Fold 5,Samsung,SM-F946B,35874259848281,2026-04-06,453200.0,Airlink Communications Official Flagship,12,2026-04-06,2027-04-06,2026-12-27,Earpiece acoustic transducer failure causing distorted voice audio,Acoustic Transducer Defect,2026-12-28,2 repairs (Authorized Service Center),True,True,True,True,3S874259848281,False,Valid Claim
CLM-2026-00133,USR-24936,PRD-LA-APP-A268,Laptop,Apple MacBook Air 13 M2,Apple,A2681,APP-LA-2025-EE079PT,2026-06-20,192600.0,Daraz Mall Authorized Brand Store,12,2026-06-20,2027-06-20,2027-01-03,Dedicated GPU VRAM solder fatigue resulting in visual polygon artifacting,GPU Hardware Malfunction,2027-01-06,1 repair (Authorized Service Center),True,True,True,True,APP-LA-2025-EE079PT,False,Valid Claim
CLM-2026-00121,USR-81176,PRD-LA-LEN-82XD,Laptop,Lenovo IdeaPad Slim 5,Lenovo,82XD0006US,LEN-LA-2025-JV3H16V,2025-10-25,173400.0,Brand Flagship Experience Store,24,2025-10-26,2027-10-26,2026-08-09,Motherboard MOSFET short circuit causing instantaneous thermal protection shutdown,Motherboard Circuit Failure,2026-08-10,0 repairs,True,True,True,True,LEN-LA-2025-JV3H16V,False,Valid Claim
CLM-2026-00989,USR-19690,PRD-LA-APP-A299,Laptop,Apple MacBook Pro 14 M3,Apple,A2992,APP-LA-2025-421HY1N,2024-08-20,453000.0,TechnoCity Prime Electronics,12,2024-08-21,2025-08-21,2024-11-27,Persistent dead pixel vertical line across IPS display panel,Display Panel Defect,2025-01-17,1 repair (Authorized Service Center),True,True,True,True,APP-LA-2025-421HY1N,False,Invalid Claim
CLM-2026-01109,USR-94688,PRD-WA-HAI-HWM1,Washing Machine,Haier Inverter Front-Load 10kg Washer,Haier,HWM100-1678,HAI-WA-2025-RML5W95,2026-01-15,125000.0,Airlink Communications Official Flagship,24,2026-01-16,2028-01-16,2026-10-15,Electronic door safety microswitch interlock latch contact failure,Safety Interlock Defect,2026-10-18,0 repairs,True,True,True,True,,False,Manual Review
CLM-2026-00107,USR-24707,PRD-AU-SAM-HW-Q,Audio / Soundbar,Samsung Q-Series Soundbar 3.1.2ch,Samsung,HW-Q600C,SAM-AU-2025-RTUSNKS,2025-11-15,108600.0,Airlink Communications Official Flagship,12,2025-11-16,2026-11-16,2026-08-23,Bluetooth RF transceiver chip desoldered; device refuses pairing handshakes,Wireless Transceiver Defect,2026-08-26,2 repairs (Authorized Service Center),True,True,True,True,SAM-AU-2025-RTUSNKS,False,Valid Claim
CLM-2026-00267,USR-51771,PRD-LA-DEL-L544,Laptop,Dell Latitude 5440,Dell,L5440-CTO1,DEL-LA-2025-EWSMJ52,2025-11-12,228900.0,Hafeez Center Certified Dealer Outlets,12,2025-11-12,2026-11-12,2026-02-24,Dedicated GPU VRAM solder fatigue resulting in visual polygon artifacting,GPU Hardware Malfunction,2026-02-27,0 repairs,True,True,True,True,DEL-LA-2025-EWSMJ52,False,Valid Claim
CLM-2026-00433,USR-24114,PRD-LA-DEL-L544,Laptop,Dell Latitude 5440,Dell,L5440-CTO1,DEL-LA-2025-3DZB6N7,2026-06-23,250900.0,Cnergy Tech Retail Center,12,2026-06-23,2027-06-23,2026-09-26,Internal cooling fan bearing seizure and zero RPM tachometer error,Cooling System Defect,2026-09-27,2 repairs (Authorized Service Center),True,True,True,True,DEL-LA-2025-3DZB6N7,False,Valid Claim
CLM-2026-00218,USR-67658,PRD-SM-XIA-2309,Smartphone,Xiaomi Redmi Note 13 Pro+,Xiaomi,23090RA98G,35912457365165,2025-12-05,81900.0,Mega PK Technologies Flagship Hub,12,2025-12-06,2026-12-06,2026-10-21,Cellular baseband modem chip malfunction; persistent No Service state,Modem / Cellular Hardware Defect,2026-10-22,0 repairs,True,True,True,True,35912457365165,False,Valid Claim
CLM-2026-01281,USR-96330,PRD-LA-APP-A268,Laptop,Apple MacBook Air 13 M2,Apple,A2681,APP-LA-2025-0W414V4,2026-03-01,207900.0,TechnoCity Prime Electronics,12,2026-03-02,2027-03-02,2026-07-05,Internal cooling fan bearing seizure and zero RPM tachometer error (Customer notes prior minor servicing at local shop),Cooling System Defect,2026-07-07,"2 repairs (1 Authorized, 1 Unauthorized)",True,True,True,True,APP-LA-2025-0W414V4,False,Manual Review
CLM-2026-00097,USR-86483,PRD-SM-APP-A309,Smartphone,Apple iPhone 15,Apple,A3090,86410994457910,2025-12-12,280600.0,TechnoCity Prime Electronics,12,2025-12-13,2026-12-13,2026-10-15,Spontaneous vertical green line on AMOLED panel post official OTA update,Display Panel Defect,2026-10-20,0 repairs,True,True,True,True,86410994457910,False,Valid Claim
CLM-2026-00232,USR-46009,PRD-LA-HP-14-e,Laptop,HP Spectre x360 14,HP,14-ef2013dx,HP-LA-2025-XNMLSH1,2025-12-08,359100.0,TechnoCity Prime Electronics,12,2025-12-09,2026-12-09,2026-11-01,Internal cooling fan bearing seizure and zero RPM tachometer error,Cooling System Defect,2026-11-04,2 repairs (Authorized Service Center),True,True,True,True,HP-LA-2025-XNMLSH1,False,Valid Claim
CLM-2026-01015,USR-27239,PRD-SM-SAM-SM-S,Smartphone,Samsung Galaxy S24 Ultra,Samsung,SM-S928B,35912459977471,2026-03-31,293600.0,Brand Flagship Experience Store,12,2026-04-01,2027-04-01,2026-09-14,Camera module Optical Image Stabilization (OIS) actuator rattle and blur,Camera Module Hardware Defect,2026-09-18,0 repairs,True,True,True,False,35912459977471,False,Manual Review
CLM-2026-00056,USR-22015,PRD-WA-HAI-HWM8,Washing Machine,Haier Twin Tub Semi-Automatic Washer,Haier,HWM80-50,HAI-WA-2025-E7BZCWM,2026-07-11,39400.0,Metro Cash & Carry Official Counter,24,2026-07-12,2028-07-11,2027-04-30,Inverter Direct Drive motor stator hall-effect sensor electrical open circuit,Inverter Motor Failure,2027-05-02,1 repair (Authorized Service Center),True,True,True,True,HAI-WA-2025-E7BZCWM,False,Valid Claim
CLM-2026-00387,USR-53842,PRD-AU-APP-MTJV,Audio / Soundbar,Apple AirPods Pro 2nd Gen,Apple,MTJV3,APP-AU-2025-MWLLEBT,2026-01-16,76000.0,Hafeez Center Certified Dealer Outlets,12,2026-01-16,2027-01-16,2026-06-29,Bluetooth RF transceiver chip desoldered; device refuses pairing handshakes,Wireless Transceiver Defect,2026-06-30,2 repairs (Authorized Service Center),True,True,True,True,APP-AU-2025-MWLLEBT,False,Valid Claim
CLM-2026-01100,USR-85993,PRD-WA-DAW-DW-9,Washing Machine,Dawlance Top-Load Energy Saver 11kg,Dawlance,DW-9060-ES,DAW-WA-2025-E0HBRHM,2026-03-20,92000.0,Airlink Communications Official Flagship,36,2026-03-21,2029-03-20,2027-10-10,Water inlet dual solenoid valve coil burnout; machine fails to fill water,Water Valve Failure,2027-10-12,0 repairs,True,True,False,True,DAW-WA-2025-E0HBRHM,False,Manual Review
CLM-2026-00979,USR-92313,PRD-SM-SAM-SM-F,Smartphone,Samsung Galaxy Z Fold 5,Samsung,SM-F946B,35912457813598,2025-02-01,466800.0,TechnoCity Prime Electronics,12,2025-02-02,2026-02-02,2025-04-05,Camera module Optical Image Stabilization (OIS) actuator rattle and blur,Camera Module Hardware Defect,2025-08-02,0 repairs,True,True,True,True,35912457813598,False,Invalid Claim
CLM-2026-00040,USR-19359,PRD-LA-HP-15-e,Laptop,HP Pavilion 15,HP,15-eg3023nr,HP-LA-2025-278TKT6,2026-06-14,113400.0,Airlink Communications Official Flagship,24,2026-06-14,2028-06-13,2028-04-17,Factory NVMe SSD controller locked in permanent read-only state,Internal Storage Degradation,2028-04-19,0 repairs,True,True,True,True,HP-LA-2025-278TKT6,False,Valid Claim
CLM-2026-01022,USR-14906,PRD-AU-SAM-HW-Q,Audio / Soundbar,Samsung Q-Series Soundbar 3.1.2ch,Samsung,HW-Q600C,SAM-AU-2025-17G06HD,2026-04-16,84300.0,Al-Madina Electronics Authorized Franchise,12,2026-04-17,2027-04-17,2027-03-27,Bluetooth RF transceiver chip desoldered; device refuses pairing handshakes,Wireless Transceiver Defect,2027-03-30,0 repairs,True,False,True,False,SAM-AU-2025-17G06HD,False,Manual Review
CLM-2026-01081,USR-82096,PRD-LA-LEN-21HD,Laptop,Lenovo ThinkPad T14 Gen 4,Lenovo,21HD001EUS,LEN-LA-2025-RKTTA74,2026-06-21,235200.0,Hafeez Center Certified Dealer Outlets,12,2026-06-22,2027-06-22,2027-03-07,Internal cooling fan bearing seizure and zero RPM tachometer error (Customer notes prior minor servicing at local shop),Cooling System Defect,2027-03-11,3 repairs (Authorized Service Center),True,True,True,True,LEN-LA-2025-RKTTA74,False,Manual Review
CLM-2026-00880,USR-97872,PRD-WA-LG-F4V5,Washing Machine,LG AI DD Front-Load Washer 9kg,LG,F4V5VYP0W,LG-WA-2025-UC2K3M2,2024-10-02,199600.0,Hafeez Center Certified Dealer Outlets,12,2024-10-03,2025-10-03,2024-12-26,Coin and hairpin stuck in drain pump propeller fracturing the impeller housing,Foreign Object Physical Obstruction,2024-12-28,1 repair (Authorized Service Center),True,True,True,True,LG-WA-2025-UC2K3M2,False,Invalid Claim
CLM-2026-01132,USR-92751,PRD-LA-APP-A299,Laptop,Apple MacBook Pro 14 M3,Apple,A2992,APP-LA-2025-UUAYM04,2024-12-11,0.0,Daraz Mall Authorized Brand Store,24,2024-12-12,2026-12-12,2026-07-28,Factory NVMe SSD controller locked in permanent read-only state (Promotional raffle prize bundle),Internal Storage Degradation,2026-08-13,0 repairs,True,True,True,True,APP-LA-2025-UUAYM04,False,Manual Review
CLM-2026-00664,USR-48523,PRD-WA-SAM-WW90,Washing Machine,Samsung EcoBubble Front-Load Inverter 9kg,Samsung,WW90T554DAW,SAM-WA-2025-23PXMV4,2024-09-10,143800.0,Brand Flagship Experience Store,36,2024-09-11,2027-09-11,2024-11-04,Inverter Direct Drive motor stator hall-effect sensor electrical open circuit,Inverter Motor Failure,2024-11-08,1 repair (Authorized Service Center),False,False,True,True,,False,Invalid Claim
CLM-2026-00265,USR-39567,PRD-AU-SAM-HW-Q,Audio / Soundbar,Samsung Q-Series Soundbar 3.1.2ch,Samsung,HW-Q600C,SAM-AU-2025-0NB9ZZ9,2026-07-11,96900.0,Mega PK Technologies Flagship Hub,12,2026-07-12,2027-07-12,2027-02-05,ANC feedback microphone capsule dead; severe acoustic howling artifact,Microphone Hardware Failure,2027-02-06,0 repairs,True,True,True,True,SAM-AU-2025-0NB9ZZ9,False,Valid Claim
CLM-2026-01473,USR-86042,PRD-SM-TCL-50P6,Smart TV,TCL 4K HDR Smart TV 50-inch,TCL,50P635,TCL-SM-2025-XTK8J02,2025-12-07,90300.0,Brand Flagship Experience Store,12,2025-12-08,2026-12-08,2026-09-05,Internal T-CON timing controller logic failure causing display split-screen inversion (Customer notes prior minor servicing at local shop),Timing Controller (T-CON) Defect,2026-09-07,1 repair (Unauthorized Third-Party),True,True,True,True,TCL-SM-2025-XTK8J02,False,Manual Review
CLM-2026-01039,USR-49985,PRD-SM-APP-A309,Smartphone,Apple iPhone 15,Apple,A3090,35912484194998,2026-06-03,299900.0,Metro Cash & Carry Official Counter,12,2026-06-04,2027-06-04,2026-11-04,USB-C fast charging handshake pin solder fatigue; fails to negotiate charge,Charging Port Failure,2026-11-06,0 repairs,True,True,False,True,35912484194998,False,Manual Review
CLM-2026-01111,USR-60111,PRD-SM-SAM-QA55,Smart TV,Samsung QLED 4K Smart TV 55-inch,Samsung,QA55Q60CA,SAM-SM-2025-L1SJ8SH,2026-05-20,162100.0,Airlink Communications Official Flagship,12,2026-05-21,2027-05-21,2027-05-20,LED backlight string driver open circuit resulting in total black screen with intact audio,Backlight Array Failure,2027-05-23,0 repairs,True,True,True,True,SAM-SM-2025-L1SJ8SH,False,Manual Review
CLM-2026-01251,USR-60354,PRD-WA-HAI-HWM1,Washing Machine,Haier Inverter Front-Load 10kg Washer,Haier,HWM100-1678,HAI-WA-2025-PAPBYD3,2025-08-15,105500.0,Mega PK Technologies Flagship Hub,24,2025-08-16,2027-08-16,2026-12-13,Water inlet dual solenoid valve coil burnout; machine fails to fill water,Water Valve Failure,2026-12-22,0 repairs,True,True,True,True,HAI-WA-2025-PAPBYD3,False,Manual Review
CLM-2026-00206,USR-91412,PRD-SM-SON-KD-6,Smart TV,Sony Bravia LED 4K 65-inch,Sony,KD-65X77L,SON-SM-2025-MA9YLFJ,2026-08-07,204300.0,Metro Cash & Carry Official Counter,12,2026-08-07,2027-08-07,2027-02-10,LED backlight string driver open circuit resulting in total black screen with intact audio,Backlight Array Failure,2027-02-14,2 repairs (Authorized Service Center),True,True,True,True,SON-SM-2025-MA9YLFJ,False,Valid Claim
CLM-2026-00865,USR-50231,PRD-LA-HP-14-e,Laptop,HP Spectre x360 14,HP,14-ef2013dx,HP-LA-2025-US7E46X,2025-04-09,359100.0,Mega PK Technologies Flagship Hub,24,2025-04-10,2027-04-10,2025-08-01,Unit power failure; replacement unit already issued under previous claim,Hardware Failure,2025-08-05,1 repair (Unauthorized Third-Party),True,True,True,True,HP-LA-2025-US7E46X,True,Invalid Claim
CLM-2026-00347,USR-74419,PRD-SM-APP-A309,Smartphone,Apple iPhone 15,Apple,A3090,35912471694010,2026-07-26,248300.0,Hafeez Center Certified Dealer Outlets,12,2026-07-26,2027-07-26,2027-05-17,Earpiece acoustic transducer failure causing distorted voice audio,Acoustic Transducer Defect,2027-05-20,0 repairs,True,True,True,True,35912471694010,False,Valid Claim
CLM-2026-00458,USR-16877,PRD-LA-DEL-i563,Laptop,Dell Inspiron 16,Dell,i5630-7212SLV,DEL-LA-2025-BV3SVCZ,2026-05-17,134700.0,Muller & Phipps Authorized Retail,12,2026-05-17,2027-05-17,2026-07-15,Internal cooling fan bearing seizure and zero RPM tachometer error,Cooling System Defect,2026-07-18,0 repairs,True,True,True,True,DEL-LA-2025-BV3SVCZ,False,Valid Claim
CLM-2026-01347,USR-48542,PRD-SM-XIA-2309,Smartphone,Xiaomi Redmi Note 13 Pro+,Xiaomi,23090RA98G,35874291715750,2026-03-31,69200.0,Airlink Communications Official Flagship,12,2026-04-01,2027-04-01,2026-06-19,Camera module Optical Image Stabilization (OIS) actuator rattle and blur,Camera Module Hardware Defect,2026-06-30,0 repairs,True,True,True,True,35874291715750,False,Manual Review
CLM-2026-00618,USR-64446,PRD-AU-SON-WH-1,Audio / Soundbar,Sony Wireless Noise Canceling Headphones,Sony,WH-1000XM5,SON-AU-2025-2RHAREF,2024-07-19,100300.0,Airlink Communications Official Flagship,12,2024-07-20,2025-07-20,2024-11-02,Headband hinge snapped in half from severe outward hyperextension,Physical Impact / Accidental Drop,2024-11-07,0 repairs,True,True,True,True,SON-AU-2025-2RHAREF,False,Invalid Claim
CLM-2026-01216,USR-34250,PRD-AU-APP-MTJV,Audio / Soundbar,Apple AirPods Pro 2nd Gen,Apple,MTJV3,APP-AU-2025-UM8T2Y5,2026-07-21,59300.0,Al-Madina Electronics Authorized Franchise,12,2026-07-22,2027-07-22,2027-07-20,Active subwoofer Class-D amplifier module silent; power LED steady green,Amplifier Circuit Failure,2027-07-23,0 repairs,True,True,True,True,APP-AU-2025-UM8T2Y5,False,Manual Review
CLM-2026-01045,USR-53717,PRD-LA-APP-A268,Laptop,Apple MacBook Air 13 M2,Apple,A2681,APP-LA-2025-J6YK0FK,2026-06-27,254900.0,Brand Flagship Experience Store,12,2026-06-28,2027-06-28,2027-03-23,Motherboard MOSFET short circuit causing instantaneous thermal protection shutdown,Motherboard Circuit Failure,2027-03-26,0 repairs,True,True,False,True,APP-LA-2025-J6YK0FK,False,Manual Review
CLM-2026-00081,USR-69988,PRD-WA-HAI-HWM1,Washing Machine,Haier Direct Drive Top-Load 12kg Washer,Haier,HWM120-826,HAI-WA-2025-LSRA1JT,2026-05-14,75900.0,Airlink Communications Official Flagship,36,2026-05-15,2029-05-14,2029-01-29,Main electronic drive controller PCB failed with IGBT gate driver error E2,Main Control Board Defect,2029-01-31,0 repairs,True,True,True,True,HAI-WA-2025-LSRA1JT,False,Valid Claim
CLM-2026-00485,USR-75006,PRD-SM-TCL-50P6,Smart TV,TCL 4K HDR Smart TV 50-inch,TCL,50P635,TCL-SM-2025-T78KTR5,2026-04-15,99800.0,Mega PK Technologies Flagship Hub,12,2026-04-16,2027-04-16,2026-10-31,Motherboard HDMI receiver chip failure; all ports report No Signal,Mainboard HDMI Interface Failure,2026-11-02,0 repairs,True,True,True,True,TCL-SM-2025-T78KTR5,False,Valid Claim
CLM-2026-01188,USR-23896,PRD-SM-XIA-2309,Smartphone,Xiaomi Redmi Note 13 Pro+,Xiaomi,23090RA98G,35874210495738,2026-05-22,98200.0,Brand Flagship Experience Store,12,2026-05-23,2027-05-23,2026-11-17,Cellular baseband modem chip malfunction; persistent No Service state,Modem / Cellular Hardware Defect,2026-11-30,0 repairs,True,True,True,True,35874210495738,False,Manual Review
CLM-2026-00599,USR-27397,PRD-SM-SON-XR-5,Smart TV,Sony Bravia 4K OLED 55-inch,Sony,XR-55A80L,SON-SM-2025-R6KYST7,2024-11-23,463600.0,Daraz Mall Authorized Brand Store,12,2024-11-24,2025-11-24,2025-03-02,LED backlight string driver open circuit resulting in total black screen with intact audio,Backlight Array Failure,2025-03-08,0 repairs,True,True,True,True,,False,Invalid Claim
CLM-2026-00480,USR-82154,PRD-LA-LEN-21HD,Laptop,Lenovo ThinkPad T14 Gen 4,Lenovo,21HD001EUS,LEN-LA-2025-6E3YL9F,2026-04-30,278000.0,Daraz Mall Authorized Brand Store,12,2026-04-30,2027-04-30,2026-06-01,Dedicated GPU VRAM solder fatigue resulting in visual polygon artifacting,GPU Hardware Malfunction,2026-06-03,1 repair (Authorized Service Center),True,True,True,True,LEN-LA-2025-6E3YL9F,False,Valid Claim
CLM-2026-01219,USR-38387,PRD-WA-SAM-WW90,Washing Machine,Samsung EcoBubble Front-Load Inverter 9kg,Samsung,WW90T554DAW,SAM-WA-2025-6MBHY37,2025-09-24,129000.0,Daraz Mall Authorized Brand Store,12,2025-09-25,2026-09-25,2026-09-28,Water inlet dual solenoid valve coil burnout; machine fails to fill water,Water Valve Failure,2026-09-30,0 repairs,True,True,True,True,SAM-WA-2025-6MBHY37,False,Manual Review
CLM-2026-01172,USR-27337,PRD-SM-APP-A288,Smartphone,Apple iPhone 14,Apple,A2882,35874294580584,2026-07-08,198800.0,TechnoCity Prime Electronics,12,2026-07-09,2027-07-09,2027-03-23,Earpiece acoustic transducer failure causing distorted voice audio,Acoustic Transducer Defect,2027-03-27,0 repairs,True,False,True,True,35874294580584,False,Manual Review
CLM-2026-00587,USR-20673,PRD-SM-APP-A288,Smartphone,Apple iPhone 14,Apple,A2882,35912452012313,2024-11-22,192600.0,Muller & Phipps Authorized Retail,12,2024-11-23,2025-11-23,2025-04-23,Earpiece acoustic transducer failure causing distorted voice audio,Acoustic Transducer Defect,2025-04-28,1 repair (Unauthorized Third-Party),False,False,True,True,,False,Invalid Claim
CLM-2026-01295,USR-67013,PRD-SM-SON-XR-5,Smart TV,Sony Bravia 4K OLED 55-inch,Sony,XR-55A80L,SON-SM-2025-EHMB2MW,2025-12-04,361800.0,TechnoCity Prime Electronics,12,2025-12-05,2026-12-05,2026-12-01,Motherboard HDMI receiver chip failure; all ports report No Signal,Mainboard HDMI Interface Failure,2026-12-09,0 repairs,True,True,True,True,SON-SM-2025-EHMB2MW,False,Manual Review
CLM-2026-01064,USR-33292,PRD-LA-LEN-82WK,Laptop,Lenovo Legion Pro 5i,Lenovo,82WK0046US,LEN-LA-2025-0REAYSR,2025-09-11,404700.0,Mega PK Technologies Flagship Hub,24,2025-09-12,2027-09-12,2025-11-13,Internal cooling fan bearing seizure and zero RPM tachometer error (Customer notes prior minor servicing at local shop),Cooling System Defect,2025-11-17,3 repairs (Authorized Service Center),True,True,True,True,LEN-LA-2025-0REAYSR,False,Manual Review
CLM-2026-00991,USR-35624,PRD-WA-DAW-DW-F,Washing Machine,Dawlance Inverter Front-Load ProWash,Dawlance,DW-FL-9000,DAW-WA-2025-5B94CCA,2025-02-11,117100.0,Metro Cash & Carry Official Counter,12,2025-02-12,2026-02-12,2025-03-04,Electronic door safety microswitch interlock latch contact failure,Safety Interlock Defect,2025-03-10,0 repairs,False,True,True,True,,False,Invalid Claim
CLM-2026-00199,USR-76074,PRD-SM-XIA-2309,Smartphone,Xiaomi Redmi Note 13 Pro+,Xiaomi,23090RA98G,35874287652252,2026-06-07,102700.0,Hafeez Center Certified Dealer Outlets,12,2026-06-07,2027-06-07,2027-01-01,Cellular baseband modem chip malfunction; persistent No Service state,Modem / Cellular Hardware Defect,2027-01-06,0 repairs,True,True,True,True,35874287652252,False,Valid Claim
CLM-2026-00341,USR-72221,PRD-WA-SAM-WW90,Washing Machine,Samsung EcoBubble Front-Load Inverter 9kg,Samsung,WW90T554DAW,SAM-WA-2025-LG2USHP,2026-03-20,182700.0,Cnergy Tech Retail Center,36,2026-03-20,2029-03-19,2026-04-07,Main electronic drive controller PCB failed with IGBT gate driver error E2,Main Control Board Defect,2026-04-08,2 repairs (Authorized Service Center),True,True,True,True,SAM-WA-2025-LG2USHP,False,Valid Claim
CLM-2026-01010,USR-48012,PRD-AU-APP-MTJV,Audio / Soundbar,Apple AirPods Pro 2nd Gen,Apple,MTJV3,APP-AU-2025-8UHL6RH,2026-06-03,58400.0,Cnergy Tech Retail Center,12,2026-06-04,2027-06-04,2026-11-15,Active subwoofer Class-D amplifier module silent; power LED steady green,Amplifier Circuit Failure,2026-11-28,0 repairs,True,True,True,True,app-au-2025-8uhl6rh,False,Manual Review
CLM-2026-00624,USR-44669,PRD-AU-APP-MTJV,Audio / Soundbar,Apple AirPods Pro 2nd Gen,Apple,MTJV3,APP-AU-2025-3USKTPC,2025-03-27,67900.0,Muller & Phipps Authorized Retail,12,2025-03-28,2026-03-28,2025-05-18,Bluetooth RF transceiver chip desoldered; device refuses pairing handshakes,Wireless Transceiver Defect,2025-09-01,0 repairs,True,True,True,True,APP-AU-2025-3USKTPC,False,Invalid Claim
CLM-2026-01472,USR-24401,PRD-LA-LEN-21HD,Laptop,Lenovo ThinkPad T14 Gen 4,Lenovo,21HD001EUS,LEN-LA-2025-N4HU62V,2025-04-10,214000.0,Al-Madina Electronics Authorized Franchise,24,2025-04-11,2027-04-11,2027-04-09,Motherboard MOSFET short circuit causing instantaneous thermal protection shutdown,Motherboard Circuit Failure,2027-04-12,0 repairs,True,True,True,True,,False,Manual Review
CLM-2026-01280,USR-75701,PRD-AU-SAM-HW-Q,Audio / Soundbar,Samsung Q-Series Soundbar 3.1.2ch,Samsung,HW-Q600C,SAM-AU-2025-MS7VUYT,2025-12-06,118700.0,Daraz Mall Authorized Brand Store,12,2025-12-07,2026-12-07,2026-02-19,ANC feedback microphone capsule dead; severe acoustic howling artifact,Microphone Hardware Failure,2026-02-21,0 repairs,True,True,True,True,5AM-AU-2025-MS7VUYT,False,Manual Review
CLM-2026-00482,USR-38879,PRD-AU-SON-HT-S,Audio / Soundbar,Sony Dolby Atmos Soundbar 5.1,Sony,HT-S40R,SON-AU-2025-JCL60JK,2026-08-07,86900.0,Daraz Mall Authorized Brand Store,12,2026-08-08,2027-08-08,2027-05-02,Active subwoofer Class-D amplifier module silent; power LED steady green,Amplifier Circuit Failure,2027-05-07,0 repairs,True,True,True,True,SON-AU-2025-JCL60JK,False,Valid Claim
CLM-2026-00298,USR-89144,PRD-AU-SON-HT-S,Audio / Soundbar,Sony Dolby Atmos Soundbar 5.1,Sony,HT-S40R,SON-AU-2025-TL92GV9,2026-06-05,97800.0,Mega PK Technologies Flagship Hub,12,2026-06-06,2027-06-06,2026-11-03,Bluetooth RF transceiver chip desoldered; device refuses pairing handshakes,Wireless Transceiver Defect,2026-11-06,0 repairs,True,True,True,True,SON-AU-2025-TL92GV9,False,Valid Claim
CLM-2026-00242,USR-58974,PRD-LA-HP-14-e,Laptop,HP Spectre x360 14,HP,14-ef2013dx,HP-LA-2025-BF0XYF0,2026-01-03,250000.0,Metro Cash & Carry Official Counter,12,2026-01-04,2027-01-04,2026-11-15,Motherboard MOSFET short circuit causing instantaneous thermal protection shutdown,Motherboard Circuit Failure,2026-11-17,2 repairs (Authorized Service Center),True,True,True,True,HP-LA-2025-BF0XYF0,False,Valid Claim
CLM-2026-00058,USR-77271,PRD-LA-LEN-82WK,Laptop,Lenovo Legion Pro 5i,Lenovo,82WK0046US,LEN-LA-2025-0T7A51R,2025-11-15,398600.0,Brand Flagship Experience Store,12,2025-11-15,2026-11-15,2025-12-27,Internal cooling fan bearing seizure and zero RPM tachometer error,Cooling System Defect,2025-12-31,0 repairs,True,True,True,True,LEN-LA-2025-0T7A51R,False,Valid Claim
CLM-2026-01001,USR-80679,PRD-SM-SAM-SM-S,Smartphone,Samsung Galaxy S24 Ultra,Samsung,SM-S928B,35912412810082,2026-06-26,337500.0,Cnergy Tech Retail Center,12,2026-06-27,2027-06-27,2027-01-06,Logic board PMIC power distribution failure; unit will not boot,Logic Board Failure,2027-01-09,0 repairs,True,True,False,True,35912412810082,False,Manual Review
CLM-2026-00270,USR-15559,PRD-SM-TCL-50P6,Smart TV,TCL 4K HDR Smart TV 50-inch,TCL,50P635,TCL-SM-2025-ESLUPDX,2025-11-10,99700.0,Metro Cash & Carry Official Counter,12,2025-11-10,2026-11-10,2026-08-13,Motherboard HDMI receiver chip failure; all ports report No Signal,Mainboard HDMI Interface Failure,2026-08-14,1 repair (Authorized Service Center),True,True,True,True,TCL-SM-2025-ESLUPDX,False,Valid Claim
CLM-2026-00198,USR-75382,PRD-AU-SON-HT-S,Audio / Soundbar,Sony Dolby Atmos Soundbar 5.1,Sony,HT-S40R,SON-AU-2025-7U6BR1L,2026-06-09,71000.0,Airlink Communications Official Flagship,12,2026-06-10,2027-06-10,2027-02-09,ANC feedback microphone capsule dead; severe acoustic howling artifact,Microphone Hardware Failure,2027-02-14,0 repairs,True,True,True,True,SON-AU-2025-7U6BR1L,False,Valid Claim
CLM-2026-01286,USR-30416,PRD-LA-HP-818M,Laptop,HP EliteBook 840 G10,HP,818M8UT,HP-LA-2025-3JF388W,2025-12-28,297900.0,Airlink Communications Official Flagship,12,2025-12-29,2026-12-29,2026-07-30,Persistent dead pixel vertical line across IPS display panel,Display Panel Defect,2026-08-11,0 repairs,True,True,True,True,HP-LA-2025-3JF388W,False,Manual Review
CLM-2026-00182,USR-43902,PRD-AU-SON-WH-1,Audio / Soundbar,Sony Wireless Noise Canceling Headphones,Sony,WH-1000XM5,SON-AU-2025-NMFYB95,2025-10-30,107700.0,Al-Madina Electronics Authorized Franchise,12,2025-10-30,2026-10-30,2026-04-08,Active subwoofer Class-D amplifier module silent; power LED steady green,Amplifier Circuit Failure,2026-04-09,0 repairs,True,True,True,True,SON-AU-2025-NMFYB95,False,Valid Claim
CLM-2026-01466,USR-97268,PRD-SM-TCL-55C7,Smart TV,TCL QLED Mini-LED 55-inch,TCL,55C755,TCL-SM-2025-4M4CTB0,2026-02-02,110900.0,Brand Flagship Experience Store,12,2026-02-03,2027-02-03,2026-12-17,Internal switch-mode power supply (SMPS) secondary rail diode breakdown,Internal Power Supply Failure,2026-12-19,0 repairs,True,False,True,True,TCL-SM-2025-4M4CTB0,False,Manual Review
CLM-2026-01420,USR-46221,PRD-WA-DAW-DW-F,Washing Machine,Dawlance Inverter Front-Load ProWash,Dawlance,DW-FL-9000,DAW-WA-2025-WRSB5T4,2025-05-20,119700.0,Al-Madina Electronics Authorized Franchise,36,2025-05-21,2028-05-20,2025-07-26,Electronic door safety microswitch interlock latch contact failure,Safety Interlock Defect,2025-07-31,0 repairs,True,True,True,False,daw-wa-2025-wrsb5t4,False,Manual Review
CLM-2026-01249,USR-93233,PRD-LA-APP-A268,Laptop,Apple MacBook Air 13 M2,Apple,A2681,APP-LA-2025-2AE37M2,2025-10-18,223400.0,Airlink Communications Official Flagship,12,2025-10-19,2026-10-19,2026-01-13,Motherboard MOSFET short circuit causing instantaneous thermal protection shutdown,Motherboard Circuit Failure,2026-01-25,0 repairs,True,True,True,True,APP-LA-2025-2AE37M2,False,Manual Review
CLM-2026-00076,USR-77286,PRD-SM-SON-XR-5,Smart TV,Sony Bravia 4K OLED 55-inch,Sony,XR-55A80L,SON-SM-2025-V1FCXPH,2026-06-09,440300.0,Mega PK Technologies Flagship Hub,12,2026-06-10,2027-06-10,2026-08-01,Internal switch-mode power supply (SMPS) secondary rail diode breakdown,Internal Power Supply Failure,2026-08-03,1 repair (Authorized Service Center),True,True,True,True,SON-SM-2025-V1FCXPH,False,Valid Claim
CLM-2026-00694,USR-97674,PRD-WA-LG-F4V5,Washing Machine,LG AI DD Front-Load Washer 9kg,LG,F4V5VYP0W,LG-WA-2025-ZYJWZW2,2025-05-06,165300.0,Metro Cash & Carry Official Counter,12,2025-05-07,2026-05-07,2025-08-30,High-voltage lightning surge burned PCB while plugged directly into AC mains without 15A stabilizer,Power Surge Burnout (No Voltage Stabilizer),2025-09-01,1 repair (Unauthorized Third-Party),True,True,True,True,LG-WA-2025-ZYJWZW2,False,Invalid Claim
CLM-2026-00749,USR-77272,PRD-LA-LEN-21HD,Laptop,Lenovo ThinkPad T14 Gen 4,Lenovo,21HD001EUS,LEN-LA-2025-T54FSP5,2025-07-01,305900.0,Airlink Communications Official Flagship,24,2025-07-02,2027-07-02,2025-10-08,Motherboard charging rail burned out using ungrounded third-party generic AC adapter,Power Surge Burnout (No Voltage Stabilizer),2025-10-10,0 repairs,True,True,True,True,LEN-LA-2025-T54FSP5,False,Invalid Claim
CLM-2026-01469,USR-60101,PRD-LA-HP-14-e,Laptop,HP Spectre x360 14,HP,14-ef2013dx,HP-LA-2025-5BEAD04,2026-03-17,323100.0,TechnoCity Prime Electronics,24,2026-03-18,2028-03-17,2027-01-20,Dedicated GPU VRAM solder fatigue resulting in visual polygon artifacting,GPU Hardware Malfunction,2027-01-22,0 repairs,True,True,True,False,HP-LA-2025-5BEAD04,False,Manual Review
CLM-2026-00400,USR-88363,PRD-AU-SON-HT-S,Audio / Soundbar,Sony Dolby Atmos Soundbar 5.1,Sony,HT-S40R,SON-AU-2025-SHDXE0F,2026-03-16,83700.0,Daraz Mall Authorized Brand Store,12,2026-03-16,2027-03-16,2026-03-26,Active subwoofer Class-D amplifier module silent; power LED steady green,Amplifier Circuit Failure,2026-03-27,0 repairs,True,True,True,True,SON-AU-2025-SHDXE0F,False,Valid Claim
CLM-2026-00766,USR-65358,PRD-WA-DAW-DW-9,Washing Machine,Dawlance Top-Load Energy Saver 11kg,Dawlance,DW-9060-ES,DAW-WA-2025-1UTCTFY,2025-04-12,65100.0,Cnergy Tech Retail Center,12,2025-04-13,2026-04-13,2025-05-20,Drum balance suspension damper mechanical collapse under rated wash load,Mechanical Suspension Defect,2025-08-14,1 repair (Authorized Service Center),True,True,True,True,DAW-WA-2025-1UTCTFY,False,Invalid Claim
CLM-2026-01243,USR-31591,PRD-SM-SAM-SM-A,Smartphone,Samsung Galaxy A55 5G,Samsung,SM-A556E,86049243054435,2026-02-17,123900.0,Al-Madina Electronics Authorized Franchise,12,2026-02-18,2027-02-18,2026-08-15,Spontaneous vertical green line on AMOLED panel post official OTA update,Display Panel Defect,2026-08-20,0 repairs,True,True,False,True,86049243054435,False,Manual Review
CLM-2026-00915,USR-33203,PRD-LA-APP-A268,Laptop,Apple MacBook Air 13 M2,Apple,A2681,APP-LA-2025-S3NUJ9L,2025-01-21,224700.0,Mega PK Technologies Flagship Hub,12,2025-01-22,2026-01-22,2025-06-02,Unit power failure; replacement unit already issued under previous claim,Hardware Failure,2025-06-05,0 repairs,True,True,True,True,APP-LA-2025-S3NUJ9L,True,Invalid Claim
CLM-2026-01239,USR-96944,PRD-SM-APP-A310,Smartphone,Apple iPhone 15 Pro Max,Apple,A3106,86410964370745,2026-03-17,382400.0,Airlink Communications Official Flagship,12,2026-03-18,2027-03-18,2026-04-06,USB-C fast charging handshake pin solder fatigue; fails to negotiate charge,Charging Port Failure,2026-04-11,0 repairs,True,False,True,True,86410964370745,False,Manual Review
CLM-2026-01000,USR-36104,PRD-AU-SAM-HW-Q,Audio / Soundbar,Samsung Q-Series Soundbar 3.1.2ch,Samsung,HW-Q600C,SAM-AU-2025-9GGWSP3,2024-12-07,113800.0,Muller & Phipps Authorized Retail,12,2024-12-08,2025-12-08,2025-02-07,ANC feedback microphone capsule dead; severe acoustic howling artifact,Microphone Hardware Failure,2025-02-12,0 repairs,True,True,True,True,SAM-AU-2025-UDLZ9N3,False,Invalid Claim
CLM-2026-01481,USR-22166,PRD-WA-DAW-DW-F,Washing Machine,Dawlance Inverter Front-Load ProWash,Dawlance,DW-FL-9000,DAW-WA-2025-E3X23PD,2026-07-09,133400.0,Daraz Mall Authorized Brand Store,12,2026-07-10,2027-07-10,2027-06-05,Water inlet dual solenoid valve coil burnout; machine fails to fill water,Water Valve Failure,2027-06-07,0 repairs,True,True,False,True,DAW-WA-2025-E3X23PD,False,Manual Review
CLM-2026-00172,USR-35260,PRD-SM-TCL-55C7,Smart TV,TCL QLED Mini-LED 55-inch,TCL,55C755,TCL-SM-2025-DV1JHJZ,2026-05-28,145700.0,Mega PK Technologies Flagship Hub,12,2026-05-28,2027-05-28,2027-01-22,LED backlight string driver open circuit resulting in total black screen with intact audio,Backlight Array Failure,2027-01-21,0 repairs,True,True,True,True,TCL-SM-2025-DV1JHJZ,False,Valid Claim
CLM-2026-00243,USR-18973,PRD-AU-SAM-HW-Q,Audio / Soundbar,Samsung Q-Series Soundbar 3.1.2ch,Samsung,HW-Q600C,SAM-AU-2025-U72LHTL,2026-03-25,83700.0,Mega PK Technologies Flagship Hub,12,2026-03-26,2027-03-26,2027-01-02,Active subwoofer Class-D amplifier module silent; power LED steady green,Amplifier Circuit Failure,2027-01-05,0 repairs,True,True,True,True,SAM-AU-2025-U72LHTL,False,Valid Claim
CLM-2026-00369,USR-23902,PRD-AU-APP-MTJV,Audio / Soundbar,Apple AirPods Pro 2nd Gen,Apple,MTJV3,APP-AU-2025-HJD2SNW,2026-07-29,72500.0,Cnergy Tech Retail Center,12,2026-07-30,2027-07-30,2026-10-10,Active subwoofer Class-D amplifier module silent; power LED steady green,Amplifier Circuit Failure,2026-10-14,2 repairs (Authorized Service Center),True,True,True,True,APP-AU-2025-HJD2SNW,False,Valid Claim
CLM-2026-00008,USR-21226,PRD-WA-DAW-DW-F,Washing Machine,Dawlance Inverter Front-Load ProWash,Dawlance,DW-FL-9000,DAW-WA-2025-HSH0A0X,2026-03-07,105600.0,TechnoCity Prime Electronics,12,2026-03-07,2027-03-07,2026-04-15,Electronic door safety microswitch interlock latch contact failure,Safety Interlock Defect,2026-04-17,0 repairs,True,True,True,True,DAW-WA-2025-HSH0A0X,False,Valid Claim
CLM-2026-00295,USR-24832,PRD-AU-SAM-HW-Q,Audio / Soundbar,Samsung Q-Series Soundbar 3.1.2ch,Samsung,HW-Q600C,SAM-AU-2025-E0GRP8X,2026-02-05,89500.0,Brand Flagship Experience Store,12,2026-02-05,2027-02-05,2026-03-06,Active subwoofer Class-D amplifier module silent; power LED steady green,Amplifier Circuit Failure,2026-03-11,0 repairs,True,True,True,True,SAM-AU-2025-E0GRP8X,False,Valid Claim
CLM-2026-00970,USR-88986,PRD-LA-DEL-L544,Laptop,Dell Latitude 5440,Dell,L5440-CTO1,DEL-LA-2025-FBKHLMD,2025-08-09,225200.0,Muller & Phipps Authorized Retail,12,2025-08-10,2026-08-10,2025-11-12,Tea spill across keyboard assembly; red liquid contact indicators observed on motherboard,Liquid / Moisture Damage,2025-11-14,1 repair (Unauthorized Third-Party),True,True,True,True,DEL-LA-2025-FBKHLMD,False,Invalid Claim
CLM-2026-01331,USR-68503,PRD-LA-HP-14-e,Laptop,HP Spectre x360 14,HP,14-ef2013dx,HP-LA-2025-1RNK2E4,2025-10-13,256100.0,Brand Flagship Experience Store,24,2025-10-14,2027-10-14,2027-10-13,Internal cooling fan bearing seizure and zero RPM tachometer error,Cooling System Defect,2027-10-15,0 repairs,True,True,True,True,HP-LA-2025-1RNK2E4,False,Manual Review
CLM-2026-00759,USR-64293,PRD-AU-SAM-HW-Q,Audio / Soundbar,Samsung Q-Series Soundbar 3.1.2ch,Samsung,HW-Q600C,SAM-AU-2025-J98LYMS,2024-12-18,110800.0,TechnoCity Prime Electronics,12,2024-12-19,2025-12-19,2026-08-09,Bluetooth RF transceiver chip desoldered; device refuses pairing handshakes,Wireless Transceiver Defect,2026-08-13,1 repair (Authorized Service Center),True,True,True,True,SAM-AU-2025-J98LYMS,False,Invalid Claim
CLM-2026-00167,USR-72847,PRD-SM-XIA-2403,Smartphone,Xiaomi Xiaomi 14 Ultra,Xiaomi,24030PN60G,35912432325566,2025-12-02,194300.0,Brand Flagship Experience Store,12,2025-12-03,2026-12-03,2026-06-10,USB-C fast charging handshake pin solder fatigue; fails to negotiate charge,Charging Port Failure,2026-06-15,0 repairs,True,True,True,True,35912432325566,False,Valid Claim
CLM-2026-00241,USR-50352,PRD-AU-SAM-HW-Q,Audio / Soundbar,Samsung Q-Series Soundbar 3.1.2ch,Samsung,HW-Q600C,SAM-AU-2025-KFRVEMH,2026-02-15,77400.0,Cnergy Tech Retail Center,12,2026-02-16,2027-02-16,2026-11-29,Bluetooth RF transceiver chip desoldered; device refuses pairing handshakes,Wireless Transceiver Defect,2026-12-01,1 repair (Authorized Service Center),True,True,True,True,SAM-AU-2025-KFRVEMH,False,Valid Claim
CLM-2026-01247,USR-12733,PRD-AU-APP-MTJV,Audio / Soundbar,Apple AirPods Pro 2nd Gen,Apple,MTJV3,APP-AU-2025-UDJAAAB,2026-01-18,62500.0,Al-Madina Electronics Authorized Franchise,12,2026-01-19,2027-01-19,2026-11-22,ANC feedback microphone capsule dead; severe acoustic howling artifact,Microphone Hardware Failure,2026-11-26,0 repairs,True,True,True,True,APP-AU-Z025-UDJAAAB,False,Manual Review
CLM-2026-01359,USR-70496,PRD-SM-APP-A288,Smartphone,Apple iPhone 14,Apple,A2882,35912439506531,2026-02-23,230500.0,Hafeez Center Certified Dealer Outlets,12,2026-02-24,2027-02-24,2026-09-09,Camera module Optical Image Stabilization (OIS) actuator rattle and blur,Camera Module Hardware Defect,2026-09-14,0 repairs,True,True,True,True,3S912439506531,False,Manual Review
CLM-2026-01437,USR-18758,PRD-LA-LEN-82XD,Laptop,Lenovo IdeaPad Slim 5,Lenovo,82XD0006US,LEN-LA-2025-21HAN40,2026-07-24,110300.0,Hafeez Center Certified Dealer Outlets,24,2026-07-25,2028-07-24,2028-07-27,Motherboard MOSFET short circuit causing instantaneous thermal protection shutdown,Motherboard Circuit Failure,2028-07-30,0 repairs,True,True,True,True,LEN-LA-2025-21HAN40,False,Manual Review
CLM-2026-01299,USR-16526,PRD-WA-LG-F4V5,Washing Machine,LG AI DD Front-Load Washer 9kg,LG,F4V5VYP0W,LG-WA-2025-B1P68P5,2024-12-30,130000.0,Metro Cash & Carry Official Counter,36,2024-12-31,2027-12-31,2026-12-31,Internal drainage pump motor winding electrical open circuit with OE code,Drain Pump Defect,2027-01-05,0 repairs,True,True,True,True,LG-WA-Z025-B1P68P5,False,Manual Review
CLM-2026-00048,USR-49251,PRD-AU-SAM-HW-Q,Audio / Soundbar,Samsung Q-Series Soundbar 3.1.2ch,Samsung,HW-Q600C,SAM-AU-2025-V12LXZR,2026-01-01,104500.0,Airlink Communications Official Flagship,12,2026-01-01,2027-01-01,2026-12-01,Active subwoofer Class-D amplifier module silent; power LED steady green,Amplifier Circuit Failure,2026-11-30,0 repairs,True,True,True,True,SAM-AU-2025-V12LXZR,False,Valid Claim
CLM-2026-00117,USR-81636,PRD-WA-DAW-DW-F,Washing Machine,Dawlance Inverter Front-Load ProWash,Dawlance,DW-FL-9000,DAW-WA-2025-J8JYBSG,2025-12-03,102800.0,TechnoCity Prime Electronics,24,2025-12-04,2027-12-04,2026-06-04,Main electronic drive controller PCB failed with IGBT gate driver error E2,Main Control Board Defect,2026-06-07,0 repairs,True,True,True,True,DAW-WA-2025-J8JYBSG,False,Valid Claim
CLM-2026-00721,USR-46905,PRD-AU-SAM-HW-Q,Audio / Soundbar,Samsung Q-Series Soundbar 3.1.2ch,Samsung,HW-Q600C,SAM-AU-2025-7DC1EF5,2024-07-27,110200.0,TechnoCity Prime Electronics,12,2024-07-28,2025-07-28,2026-02-06,Active subwoofer Class-D amplifier module silent; power LED steady green,Amplifier Circuit Failure,2026-02-07,0 repairs,True,True,True,True,SAM-AU-2025-7DC1EF5,False,Invalid Claim
CLM-2026-01338,USR-33880,PRD-WA-HAI-HWM1,Washing Machine,Haier Direct Drive Top-Load 12kg Washer,Haier,HWM120-826,HAI-WA-2025-UP6JVLU,2025-11-17,101400.0,Metro Cash & Carry Official Counter,12,2025-11-18,2026-11-18,2026-03-04,Internal drainage pump motor winding electrical open circuit with OE code (Customer notes prior minor servicing at local shop),Drain Pump Defect,2026-03-06,3 repairs (Authorized Service Center),True,True,True,True,HAI-WA-2025-UP6JVLU,False,Manual Review
CLM-2026-00489,USR-24733,PRD-WA-HAI-HWM1,Washing Machine,Haier Inverter Front-Load 10kg Washer,Haier,HWM100-1678,HAI-WA-2025-H3WD077,2026-01-26,146900.0,TechnoCity Prime Electronics,12,2026-01-26,2027-01-26,2026-08-04,Main electronic drive controller PCB failed with IGBT gate driver error E2,Main Control Board Defect,2026-08-07,1 repair (Authorized Service Center),True,True,True,True,HAI-WA-2025-H3WD077,False,Valid Claim
CLM-2026-00498,USR-80984,PRD-SM-SAM-UA65,Smart TV,Samsung Crystal UHD 4K 65-inch,Samsung,UA65CU7000,SAM-SM-2025-U5TM632,2025-10-07,198700.0,Muller & Phipps Authorized Retail,24,2025-10-08,2027-10-08,2025-11-15,Internal switch-mode power supply (SMPS) secondary rail diode breakdown,Internal Power Supply Failure,2025-11-14,0 repairs,True,True,True,True,SAM-SM-2025-U5TM632,False,Valid Claim
CLM-2026-01250,USR-28459,PRD-LA-APP-A268,Laptop,Apple MacBook Air 13 M2,Apple,A2681,APP-LA-2025-MV99SGX,2026-07-23,245400.0,Daraz Mall Authorized Brand Store,12,2026-07-24,2027-07-24,2026-12-30,Keyboard matrix row 3 (keys A-S-D-F) non-responsive under dry conditions (Customer notes prior minor servicing at local shop),Keyboard Matrix Failure,2027-01-02,1 repair (Unauthorized Third-Party),True,True,True,True,APP-LA-2025-MV99SGX,False,Manual Review
CLM-2026-00096,USR-83783,PRD-LA-HP-818M,Laptop,HP EliteBook 840 G10,HP,818M8UT,HP-LA-2025-LHAL5ZR,2026-03-11,254700.0,Daraz Mall Authorized Brand Store,12,2026-03-12,2027-03-12,2026-12-06,Keyboard matrix row 3 (keys A-S-D-F) non-responsive under dry conditions,Keyboard Matrix Failure,2026-12-11,1 repair (Authorized Service Center),True,True,True,True,HP-LA-2025-LHAL5ZR,False,Valid Claim
CLM-2026-00306,USR-77552,PRD-SM-APP-A310,Smartphone,Apple iPhone 15 Pro Max,Apple,A3106,86049299201886,2026-03-28,424500.0,TechnoCity Prime Electronics,12,2026-03-28,2027-03-28,2026-09-22,Cellular baseband modem chip malfunction; persistent No Service state,Modem / Cellular Hardware Defect,2026-09-26,0 repairs,True,True,True,True,86049299201886,False,Valid Claim
CLM-2026-00809,USR-37385,PRD-AU-APP-MTJV,Audio / Soundbar,Apple AirPods Pro 2nd Gen,Apple,MTJV3,APP-AU-2025-AZFU2N1,2026-01-10,79900.0,Cnergy Tech Retail Center,12,2026-01-11,2027-01-11,2026-03-02,Bluetooth RF transceiver chip desoldered; device refuses pairing handshakes,Wireless Transceiver Defect,2026-05-12,1 repair (Authorized Service Center),True,True,True,True,APP-AU-2025-AZFU2N1,False,Invalid Claim
CLM-2026-00552,USR-19556,PRD-AU-APP-MTJV,Audio / Soundbar,Apple AirPods Pro 2nd Gen,Apple,MTJV3,APP-AU-2025-JWKXZM1,2025-06-15,67000.0,Brand Flagship Experience Store,12,2025-06-16,2026-06-16,2025-07-21,Active subwoofer Class-D amplifier module silent; power LED steady green,Amplifier Circuit Failure,2025-07-23,0 repairs,True,True,True,True,APP-AU-2025-BS4JRXM,False,Invalid Claim
CLM-2026-00138,USR-28249,PRD-SM-APP-A309,Smartphone,Apple iPhone 15,Apple,A3090,35912425755283,2026-04-26,251400.0,Metro Cash & Carry Official Counter,12,2026-04-27,2027-04-27,2027-03-15,Spontaneous vertical green line on AMOLED panel post official OTA update,Display Panel Defect,2027-03-19,2 repairs (Authorized Service Center),True,True,True,True,35912425755283,False,Valid Claim
CLM-2026-01159,USR-24694,PRD-LA-LEN-82WK,Laptop,Lenovo Legion Pro 5i,Lenovo,82WK0046US,LEN-LA-2025-44LBNSF,2025-10-09,298000.0,Brand Flagship Experience Store,12,2025-10-10,2026-10-10,2026-08-26,Internal cooling fan bearing seizure and zero RPM tachometer error (Customer notes prior minor servicing at local shop),Cooling System Defect,2026-08-30,1 repair (Unauthorized Third-Party),True,True,True,True,LEN-LA-2025-44LBNSF,False,Manual Review
CLM-2026-00293,USR-97826,PRD-WA-HAI-HWM1,Washing Machine,Haier Inverter Front-Load 10kg Washer,Haier,HWM100-1678,HAI-WA-2025-DACCHMF,2026-05-07,117400.0,Mega PK Technologies Flagship Hub,36,2026-05-08,2029-05-07,2028-05-24,Main electronic drive controller PCB failed with IGBT gate driver error E2,Main Control Board Defect,2028-05-28,0 repairs,True,True,True,True,HAI-WA-2025-DACCHMF,False,Valid Claim
CLM-2026-01175,USR-23217,PRD-AU-APP-MTJV,Audio / Soundbar,Apple AirPods Pro 2nd Gen,Apple,MTJV3,APP-AU-2025-VKT6USE,2026-05-23,79400.0,Mega PK Technologies Flagship Hub,12,2026-05-24,2027-05-24,2027-05-25,Bluetooth RF transceiver chip desoldered; device refuses pairing handshakes,Wireless Transceiver Defect,2027-05-27,0 repairs,True,True,True,True,APP-AU-2025-VKT6USE,False,Manual Review
CLM-2026-00363,USR-47743,PRD-SM-TCL-50P6,Smart TV,TCL 4K HDR Smart TV 50-inch,TCL,50P635,TCL-SM-2025-5J0HSXU,2025-12-01,71000.0,TechnoCity Prime Electronics,24,2025-12-01,2027-12-01,2026-07-28,LED backlight string driver open circuit resulting in total black screen with intact audio,Backlight Array Failure,2026-07-30,0 repairs,True,True,True,True,TCL-SM-2025-5J0HSXU,False,Valid Claim
CLM-2026-01289,USR-11686,PRD-WA-DAW-DW-F,Washing Machine,Dawlance Inverter Front-Load ProWash,Dawlance,DW-FL-9000,DAW-WA-2025-DMRWN67,2026-04-07,113200.0,Muller & Phipps Authorized Retail,12,2026-04-08,2027-04-08,2027-02-23,Internal drainage pump motor winding electrical open circuit with OE code,Drain Pump Defect,2027-02-26,0 repairs,True,True,True,True,DAW-WA-Z025-DMRWN67,False,Manual Review
CLM-2026-00379,USR-18324,PRD-AU-APP-MTJV,Audio / Soundbar,Apple AirPods Pro 2nd Gen,Apple,MTJV3,APP-AU-2025-GKLNTGP,2025-11-14,56100.0,Daraz Mall Authorized Brand Store,12,2025-11-14,2026-11-14,2026-06-28,Active subwoofer Class-D amplifier module silent; power LED steady green,Amplifier Circuit Failure,2026-07-03,2 repairs (Authorized Service Center),True,True,True,True,APP-AU-2025-GKLNTGP,False,Valid Claim
CLM-2026-00054,USR-14877,PRD-WA-LG-T211,Washing Machine,LG Smart Inverter Top-Load 11kg,LG,T2111VSSV,LG-WA-2025-FLYALML,2025-12-17,77200.0,Daraz Mall Authorized Brand Store,12,2025-12-18,2026-12-18,2026-07-25,Main electronic drive controller PCB failed with IGBT gate driver error E2,Main Control Board Defect,2026-07-26,0 repairs,True,True,True,True,LG-WA-2025-FLYALML,False,Valid Claim
CLM-2026-01330,USR-17556,PRD-AU-APP-MTJV,Audio / Soundbar,Apple AirPods Pro 2nd Gen,Apple,MTJV3,APP-AU-2025-N2BZR4Y,2026-05-30,67000.0,Hafeez Center Certified Dealer Outlets,12,2026-05-31,2027-05-31,2027-05-10,ANC feedback microphone capsule dead; severe acoustic howling artifact,Microphone Hardware Failure,2027-05-26,0 repairs,True,True,True,True,APP-AU-2025-N2BZR4Y,False,Manual Review
CLM-2026-00710,USR-46169,PRD-LA-HP-14-e,Laptop,HP Spectre x360 14,HP,14-ef2013dx,HP-LA-2025-PV9690M,2025-12-19,360700.0,Metro Cash & Carry Official Counter,24,2025-12-20,2027-12-20,2026-02-05,Internal cooling fan bearing seizure and zero RPM tachometer error,Cooling System Defect,2026-02-08,1 repair (Authorized Service Center),True,True,True,True,HP-LA-2025-FX4LJKS,False,Invalid Claim
CLM-2026-00163,USR-29360,PRD-LA-APP-A268,Laptop,Apple MacBook Air 13 M2,Apple,A2681,APP-LA-2025-277H0X6,2026-06-06,205800.0,Brand Flagship Experience Store,12,2026-06-07,2027-06-07,2026-09-15,Motherboard MOSFET short circuit causing instantaneous thermal protection shutdown,Motherboard Circuit Failure,2026-09-18,0 repairs,True,True,True,True,APP-LA-2025-277H0X6,False,Valid Claim
CLM-2026-00007,USR-76542,PRD-AU-SAM-HW-Q,Audio / Soundbar,Samsung Q-Series Soundbar 3.1.2ch,Samsung,HW-Q600C,SAM-AU-2025-N3WRSB9,2026-05-23,123400.0,Muller & Phipps Authorized Retail,12,2026-05-24,2027-05-24,2026-06-04,ANC feedback microphone capsule dead; severe acoustic howling artifact,Microphone Hardware Failure,2026-06-07,0 repairs,True,True,True,True,SAM-AU-2025-N3WRSB9,False,Valid Claim
CLM-2026-01324,USR-44711,PRD-SM-XIA-2309,Smartphone,Xiaomi Redmi Note 13 Pro+,Xiaomi,23090RA98G,35912410861648,2026-06-16,69700.0,Daraz Mall Authorized Brand Store,12,2026-06-17,2027-06-17,2027-04-27,Logic board PMIC power distribution failure; unit will not boot (Customer notes prior minor servicing at local shop),Logic Board Failure,2027-04-29,3 repairs (Authorized Service Center),True,True,True,True,35912410861648,False,Manual Review
CLM-2026-01421,USR-85223,PRD-LA-DEL-L544,Laptop,Dell Latitude 5440,Dell,L5440-CTO1,DEL-LA-2025-6UM0B7T,2025-03-23,214500.0,Metro Cash & Carry Official Counter,24,2025-03-24,2027-03-24,2026-03-20,Factory NVMe SSD controller locked in permanent read-only state,Internal Storage Degradation,2026-03-24,0 repairs,True,False,True,False,DEL-LA-2025-6UM0B7T,False,Manual Review
CLM-2026-01005,USR-93205,PRD-AU-APP-MTJV,Audio / Soundbar,Apple AirPods Pro 2nd Gen,Apple,MTJV3,APP-AU-2025-PSY0YFC,2025-12-23,70900.0,Al-Madina Electronics Authorized Franchise,12,2025-12-24,2026-12-24,2026-07-16,ANC feedback microphone capsule dead; severe acoustic howling artifact,Microphone Hardware Failure,2026-07-19,0 repairs,True,False,True,True,APP-AU-2025-PSY0YFC,False,Manual Review
CLM-2026-00555,USR-42757,PRD-SM-SON-KD-6,Smart TV,Sony Bravia LED 4K 65-inch,Sony,KD-65X77L,SON-SM-2025-E17K7RW,2024-08-05,218700.0,Airlink Communications Official Flagship,24,2024-08-06,2026-08-06,2024-08-29,Device fell into water container; now will not boot or respond to charger,Hardware Glitch / Unspecified Defect,2024-09-04,0 repairs,True,True,True,True,SON-SM-2025-E17K7RW,True,Invalid Claim
CLM-2026-00628,USR-84633,PRD-SM-TCL-55C7,Smart TV,TCL QLED Mini-LED 55-inch,TCL,55C755,TCL-SM-2025-5W0YBA7,2025-11-07,175300.0,Airlink Communications Official Flagship,24,2025-11-08,2027-11-08,2026-02-27,Motherboard HDMI receiver chip failure; all ports report No Signal,Mainboard HDMI Interface Failure,2026-03-03,1 repair (Unauthorized Third-Party),False,True,True,True,,False,Invalid Claim
CLM-2026-00065,USR-97442,PRD-LA-DEL-i563,Laptop,Dell Inspiron 16,Dell,i5630-7212SLV, DEL-LA-2025-8MGE9R3 ,2026-01-03,123700.0,Daraz Mall Authorized Brand Store,12,2026-01-03,2027-01-03,2026-06-07,Internal cooling fan bearing seizure and zero RPM tachometer error,Cooling System Defect,2026-06-12,2 repairs (Authorized Service Center),True,True,True,True,DEL-LA-2025-8MGE9R3,False,Valid Claim
CLM-2026-00083,USR-48504,PRD-WA-LG-T211,Washing Machine,LG Smart Inverter Top-Load 11kg,LG,T2111VSSV,LG-WA-2025-B6NCT82,2026-01-06,107700.0,Cnergy Tech Retail Center,24,2026-01-06,2028-01-06,2027-04-01,Main electronic drive controller PCB failed with IGBT gate driver error E2,Main Control Board Defect,2027-04-06,2 repairs (Authorized Service Center),True,True,True,True,LG-WA-2025-B6NCT82,False,Valid Claim
CLM-2026-00648,USR-52320,PRD-SM-APP-A310,Smartphone,Apple iPhone 15 Pro Max,Apple,A3106,35912465710678,2025-10-23,338000.0,Al-Madina Electronics Authorized Franchise,12,2025-10-24,2026-10-24,2026-03-13,Spontaneous vertical green line on AMOLED panel post official OTA update,Display Panel Defect,2026-03-16,1 repair (Unauthorized Third-Party),True,True,True,True,86049251799547,False,Invalid Claim
CLM-2026-00651,USR-46609,PRD-LA-DEL-L544,Laptop,Dell Latitude 5440,Dell,L5440-CTO1,DEL-LA-2025-FBLTKE7,2025-06-13,192300.0,Al-Madina Electronics Authorized Franchise,24,2025-06-14,2027-06-14,2025-10-24,Unit power failure; replacement unit already issued under previous claim,Hardware Failure,2025-10-25,1 repair (Unauthorized Third-Party),True,True,True,True,DEL-LA-2025-FBLTKE7,True,Invalid Claim
CLM-2026-00662,USR-56111,PRD-LA-HP-818M,Laptop,HP EliteBook 840 G10,HP,818M8UT,HP-LA-2025-FZ8T6SJ,2025-01-23,285100.0,Brand Flagship Experience Store,24,2025-01-24,2027-01-24,2025-06-20,Factory NVMe SSD controller locked in permanent read-only state,Internal Storage Degradation,2025-06-21,1 repair (Authorized Service Center),False,True,True,True,,False,Invalid Claim
CLM-2026-00064,USR-84395,PRD-WA-HAI-HWM1,Washing Machine,Haier Inverter Front-Load 10kg Washer,Haier,HWM100-1678,HAI-WA-2025-M2RZ3HC,2025-12-22,150200.0,Brand Flagship Experience Store,36,2025-12-23,2028-12-22,2026-11-20,Water inlet dual solenoid valve coil burnout; machine fails to fill water,Water Valve Failure,2026-11-19,0 repairs,True,True,True,True,HAI-WA-2025-M2RZ3HC,False,Valid Claim
CLM-2026-00937,USR-55121,PRD-AU-SAM-HW-Q,Audio / Soundbar,Samsung Q-Series Soundbar 3.1.2ch,Samsung,HW-Q600C,SAM-AU-2025-7UDT50N,2025-02-24,79200.0,Mega PK Technologies Flagship Hub,12,2025-02-25,2026-02-25,2025-07-08,Bluetooth RF transceiver chip desoldered; device refuses pairing handshakes,Wireless Transceiver Defect,2025-07-09,1 repair (Authorized Service Center),True,True,True,True,SAM-AU-2025-H2FF0K0,False,Invalid Claim
CLM-2026-01399,USR-90315,PRD-AU-APP-MTJV,Audio / Soundbar,Apple AirPods Pro 2nd Gen,Apple,MTJV3,APP-AU-2025-MFEECAW,2026-07-18,70500.0,Daraz Mall Authorized Brand Store,12,2026-07-19,2027-07-19,2027-01-16,Active subwoofer Class-D amplifier module silent; power LED steady green,Amplifier Circuit Failure,2027-01-20,0 repairs,True,True,True,True,APP-AU-Z025-MFEECAW,False,Manual Review
CLM-2026-00251,USR-24478,PRD-LA-LEN-82WK,Laptop,Lenovo Legion Pro 5i,Lenovo,82WK0046US,LEN-LA-2025-A2YU6NS,2026-05-25,397100.0,Muller & Phipps Authorized Retail,12,2026-05-26,2027-05-26,2026-11-17,Persistent dead pixel vertical line across IPS display panel,Display Panel Defect,2026-11-21,0 repairs,True,True,True,True,LEN-LA-2025-A2YU6NS,False,Valid Claim
CLM-2026-01198,USR-44525,PRD-LA-LEN-82XD,Laptop,Lenovo IdeaPad Slim 5,Lenovo,82XD0006US,LEN-LA-2025-NSEWBMH,2025-09-22,134700.0,Airlink Communications Official Flagship,12,2025-09-23,2026-09-23,2026-01-29,Persistent dead pixel vertical line across IPS display panel,Display Panel Defect,2026-02-11,0 repairs,True,True,True,True,LEN-LA-2025-NSEWBMH,False,Manual Review
CLM-2026-00823,USR-29216,PRD-AU-SAM-HW-Q,Audio / Soundbar,Samsung Q-Series Soundbar 3.1.2ch,Samsung,HW-Q600C,SAM-AU-2025-MJ0U90B,2025-11-09,119400.0,Hafeez Center Certified Dealer Outlets,12,2025-11-10,2026-11-10,2026-03-01,ANC feedback microphone capsule dead; severe acoustic howling artifact,Microphone Hardware Failure,2026-03-06,0 repairs,True,True,True,True,SAM-AU-2025-WJE0TSD,False,Invalid Claim
CLM-2026-01487,USR-86440,PRD-AU-APP-MTJV,Audio / Soundbar,Apple AirPods Pro 2nd Gen,Apple,MTJV3,APP-AU-2025-MLAGU7P,2026-05-21,55500.0,Mega PK Technologies Flagship Hub,12,2026-05-22,2027-05-22,2026-07-26,Active subwoofer Class-D amplifier module silent; power LED steady green (Customer notes prior minor servicing at local shop),Amplifier Circuit Failure,2026-07-31,"2 repairs (1 Authorized, 1 Unauthorized)",True,True,True,True,APP-AU-2025-MLAGU7P,False,Manual Review
CLM-2026-01349,USR-93047,PRD-WA-SAM-WW90,Washing Machine,Samsung EcoBubble Front-Load Inverter 9kg,Samsung,WW90T554DAW,SAM-WA-2025-JCL4A08,2026-07-05,134200.0,Al-Madina Electronics Authorized Franchise,36,2026-07-06,2029-07-05,2028-07-01,Electronic door safety microswitch interlock latch contact failure (Customer notes prior minor servicing at local shop),Safety Interlock Defect,2028-07-04,3 repairs (Authorized Service Center),True,True,True,True,SAM-WA-2025-JCL4A08,False,Manual Review
CLM-2026-01446,USR-47746,PRD-LA-HP-818M,Laptop,HP EliteBook 840 G10,HP,818M8UT,HP-LA-2025-YLPJ02P,2025-12-06,261800.0,Mega PK Technologies Flagship Hub,24,2025-12-07,2027-12-07,2027-02-20,Internal cooling fan bearing seizure and zero RPM tachometer error,Cooling System Defect,2027-02-23,0 repairs,True,True,True,True,HP-LA-Z025-YLPJ02P,False,Manual Review
CLM-2026-01387,USR-30219,PRD-AU-APP-MTJV,Audio / Soundbar,Apple AirPods Pro 2nd Gen,Apple,MTJV3,APP-AU-2025-CMK5SXH,2026-05-07,80000.0,Metro Cash & Carry Official Counter,12,2026-05-08,2027-05-08,2027-05-03,ANC feedback microphone capsule dead; severe acoustic howling artifact,Microphone Hardware Failure,2027-05-10,0 repairs,True,True,True,True,APP-AU-2025-CMK5SXH,False,Manual Review
CLM-2026-01304,USR-96900,PRD-AU-APP-MTJV,Audio / Soundbar,Apple AirPods Pro 2nd Gen,Apple,MTJV3,APP-AU-2025-MYLVU7Z,2025-11-04,74800.0,TechnoCity Prime Electronics,12,2025-11-05,2026-11-05,2026-03-23,Active subwoofer Class-D amplifier module silent; power LED steady green (Customer notes prior minor servicing at local shop),Amplifier Circuit Failure,2026-03-26,1 repair (Unauthorized Third-Party),True,True,True,True,APP-AU-2025-MYLVU7Z,False,Manual Review
CLM-2026-00853,USR-86356,PRD-SM-SAM-QA55,Smart TV,Samsung QLED 4K Smart TV 55-inch,Samsung,QA55Q60CA,SAM-SM-2025-1VPYM5F,2025-08-18,240300.0,Mega PK Technologies Flagship Hub,24,2025-08-19,2027-08-19,2025-10-28,Liquid spray applied directly to glass panel corroded lower COF ribbon flex cables,Liquid / Moisture Damage,2025-11-02,1 repair (Authorized Service Center),True,True,True,True,SAM-SM-2025-1VPYM5F,False,Invalid Claim
CLM-2026-00693,USR-12615,PRD-SM-SON-KD-6,Smart TV,Sony Bravia LED 4K 65-inch,Sony,KD-65X77L,SON-SM-2025-NWZM4ER,2025-02-12,257000.0,Brand Flagship Experience Store,24,2025-02-13,2027-02-13,2025-06-05,Direct impact cracked display panel; internal LCD matrix ruptured with black spidering,Physical Impact / Accidental Drop,2025-06-09,1 repair (Authorized Service Center),True,True,True,True,SON-SM-2025-NWZM4ER,False,Invalid Claim
CLM-2026-01436,USR-11093,PRD-SM-SON-KD-6,Smart TV,Sony Bravia LED 4K 65-inch,Sony,KD-65X77L,SON-SM-2025-85ABDK3,2026-01-08,202300.0,Metro Cash & Carry Official Counter,12,2026-01-09,2027-01-09,2026-06-26,Internal switch-mode power supply (SMPS) secondary rail diode breakdown,Internal Power Supply Failure,2026-07-11,0 repairs,True,True,True,True,SON-SM-2025-85ABDK3,False,Manual Review
CLM-2026-01137,USR-89209,PRD-WA-DAW-DW-F,Washing Machine,Dawlance Inverter Front-Load ProWash,Dawlance,DW-FL-9000,DAW-WA-2025-JZ8CXD5,2026-03-19,104200.0,Brand Flagship Experience Store,36,2026-03-20,2029-03-19,2029-03-23,Main electronic drive controller PCB failed with IGBT gate driver error E2,Main Control Board Defect,2029-03-27,0 repairs,True,True,True,True,DAW-WA-2025-JZ8CXD5,False,Manual Review
CLM-2026-00719,USR-64720,PRD-SM-APP-A309,Smartphone,Apple iPhone 15,Apple,A3090,86049217185725,2025-08-26,254300.0,Airlink Communications Official Flagship,12,2025-08-27,2026-08-27,2025-12-15,Device bootloader unlocked and custom kernel flashed; Knox counter tripped 0x1,Unauthorized Modification / Rooting,2025-12-16,1 repair (Authorized Service Center),True,True,True,True,86049217185725,False,Invalid Claim
CLM-2026-00016,USR-49651,PRD-SM-SAM-SM-F,Smartphone,Samsung Galaxy Z Fold 5,Samsung,SM-F946B,35874256843171,2026-04-08,356200.0,Brand Flagship Experience Store,12,2026-04-09,2027-04-09,2026-09-11,USB-C fast charging handshake pin solder fatigue; fails to negotiate charge,Charging Port Failure,2026-09-13,2 repairs (Authorized Service Center),True,True,True,True,35874256843171,False,Valid Claim
CLM-2026-01325,USR-41525,PRD-WA-LG-T211,Washing Machine,LG Smart Inverter Top-Load 11kg,LG,T2111VSSV,LG-WA-2025-BC36E2E,2025-03-01,78800.0,Brand Flagship Experience Store,24,2025-03-02,2027-03-02,2026-05-16,Electronic door safety microswitch interlock latch contact failure,Safety Interlock Defect,2026-05-19,0 repairs,True,False,True,False,LG-WA-2025-BC36E2E,False,Manual Review
CLM-2026-00050,USR-60422,PRD-SM-APP-A309,Smartphone,Apple iPhone 15,Apple,A3090,86049269287965,2026-03-11,281000.0,TechnoCity Prime Electronics,12,2026-03-12,2027-03-12,2026-07-28,Camera module Optical Image Stabilization (OIS) actuator rattle and blur,Camera Module Hardware Defect,2026-08-01,0 repairs,True,True,True,True,86049269287965,False,Valid Claim
CLM-2026-00077,USR-39430,PRD-SM-SAM-SM-A,Smartphone,Samsung Galaxy A55 5G,Samsung,SM-A556E,35912417148016,2025-11-27,123700.0,Airlink Communications Official Flagship,12,2025-11-28,2026-11-28,2026-04-07,Logic board PMIC power distribution failure; unit will not boot,Logic Board Failure,2026-04-11,0 repairs,True,True,True,True,35912417148016,False,Valid Claim
CLM-2026-00705,USR-47921,PRD-LA-HP-15-e,Laptop,HP Pavilion 15,HP,15-eg3023nr,HP-LA-2025-GPEY5Y1,2025-12-31,113000.0,Mega PK Technologies Flagship Hub,12,2026-01-01,2027-01-01,2027-07-25,Keyboard matrix row 3 (keys A-S-D-F) non-responsive under dry conditions,Keyboard Matrix Failure,2027-07-29,1 repair (Authorized Service Center),True,True,True,True,HP-LA-2025-GPEY5Y1,False,Invalid Claim
CLM-2026-00186,USR-48119,PRD-WA-HAI-HWM1,Washing Machine,Haier Direct Drive Top-Load 12kg Washer,Haier,HWM120-826,HAI-WA-2025-6NL8NB4,2026-01-27,99100.0,TechnoCity Prime Electronics,36,2026-01-28,2029-01-27,2027-01-15,Inverter Direct Drive motor stator hall-effect sensor electrical open circuit,Inverter Motor Failure,2027-01-16,0 repairs,True,True,True,True,HAI-WA-2025-6NL8NB4,False,Valid Claim
CLM-2026-00831,USR-69210,PRD-AU-SAM-HW-Q,Audio / Soundbar,Samsung Q-Series Soundbar 3.1.2ch,Samsung,HW-Q600C,SAM-AU-2025-P5K1V91,2024-12-23,84600.0,Metro Cash & Carry Official Counter,12,2024-12-24,2025-12-24,2026-03-31,Bluetooth RF transceiver chip desoldered; device refuses pairing handshakes,Wireless Transceiver Defect,2026-04-01,1 repair (Authorized Service Center),True,True,True,True,SAM-AU-2025-P5K1V91,False,Invalid Claim
CLM-2026-00713,USR-16879,PRD-SM-SAM-QA55,Smart TV,Samsung QLED 4K Smart TV 55-inch,Samsung,QA55Q60CA,SAM-SM-2025-HMD5UTE,2025-06-15,214200.0,Metro Cash & Carry Official Counter,12,2025-06-16,2026-06-16,2026-09-10,Internal T-CON timing controller logic failure causing display split-screen inversion,Timing Controller (T-CON) Defect,2026-09-11,0 repairs,True,True,True,True,SAM-SM-2025-HMD5UTE,False,Invalid Claim
CLM-2026-00834,USR-28825,PRD-AU-APP-MTJV,Audio / Soundbar,Apple AirPods Pro 2nd Gen,Apple,MTJV3,APP-AU-2025-EPDX7DS,2026-02-22,67100.0,Muller & Phipps Authorized Retail,12,2026-02-23,2027-02-23,2026-03-10,Subwoofer power coil fried by 280V voltage spike on unprotected extension lead,Power Surge Burnout (No Voltage Stabilizer),2026-03-14,1 repair (Authorized Service Center),True,True,True,True,APP-AU-2025-EPDX7DS,False,Invalid Claim
CLM-2026-01370,USR-37530,PRD-SM-SAM-UA65,Smart TV,Samsung Crystal UHD 4K 65-inch,Samsung,UA65CU7000,SAM-SM-2025-YX2N0BC,2025-12-25,148600.0,Brand Flagship Experience Store,12,2025-12-26,2026-12-26,2026-10-10,Internal switch-mode power supply (SMPS) secondary rail diode breakdown (Customer notes prior minor servicing at local shop),Internal Power Supply Failure,2026-10-12,"2 repairs (1 Authorized, 1 Unauthorized)",True,True,True,True,SAM-SM-2025-YX2N0BC,False,Manual Review
CLM-2026-01353,USR-83790,PRD-SM-SON-KD-6,Smart TV,Sony Bravia LED 4K 65-inch,Sony,KD-65X77L,SON-SM-2025-DR0BHGY,2025-06-29,223100.0,Mega PK Technologies Flagship Hub,24,2025-06-30,2027-06-30,2027-05-24,Motherboard HDMI receiver chip failure; all ports report No Signal,Mainboard HDMI Interface Failure,2027-05-28,0 repairs,True,True,True,False,SON-SM-2025-DR0BHGY,False,Manual Review
CLM-2026-00533,USR-12279,PRD-SM-SAM-SM-F,Smartphone,Samsung Galaxy Z Fold 5,Samsung,SM-F946B,86410973596409,2024-10-25,449200.0,Brand Flagship Experience Store,12,2024-10-26,2025-10-26,2026-03-20,Logic board PMIC power distribution failure; unit will not boot,Logic Board Failure,2026-03-21,0 repairs,True,True,True,True,86410973596409,False,Invalid Claim
CLM-2026-00316,USR-64079,PRD-SM-SAM-SM-S,Smartphone,Samsung Galaxy S24 Ultra,Samsung,SM-S928B,35912436675965,2026-04-16,309900.0,Metro Cash & Carry Official Counter,12,2026-04-16,2027-04-16,2026-10-09,Logic board PMIC power distribution failure; unit will not boot,Logic Board Failure,2026-10-11,0 repairs,True,True,True,True,35912436675965,False,Valid Claim
CLM-2026-00570,USR-25601,PRD-SM-APP-A310,Smartphone,Apple iPhone 15 Pro Max,Apple,A3106,35874279108318,2025-01-01,430400.0,Cnergy Tech Retail Center,12,2025-01-02,2026-01-02,2025-03-24,Camera module Optical Image Stabilization (OIS) actuator rattle and blur,Camera Module Hardware Defect,2025-03-30,1 repair (Authorized Service Center),True,True,True,True,35874263998148,False,Invalid Claim
CLM-2026-00146,USR-93634,PRD-AU-SAM-HW-Q,Audio / Soundbar,Samsung Q-Series Soundbar 3.1.2ch,Samsung,HW-Q600C,SAM-AU-2025-6L6CMST,2026-04-11,116600.0,Brand Flagship Experience Store,12,2026-04-12,2027-04-12,2026-11-05,Bluetooth RF transceiver chip desoldered; device refuses pairing handshakes,Wireless Transceiver Defect,2026-11-04,1 repair (Authorized Service Center),True,True,True,True,SAM-AU-2025-6L6CMST,False,Valid Claim
CLM-2026-00296,USR-99662,PRD-SM-SAM-SM-F,Smartphone,Samsung Galaxy Z Fold 5,Samsung,SM-F946B,35912479383791,2025-11-17,444300.0,Al-Madina Electronics Authorized Franchise,12,2025-11-17,2026-11-17,2026-04-01,Earpiece acoustic transducer failure causing distorted voice audio,Acoustic Transducer Defect,2026-04-05,0 repairs,True,True,True,True,35912479383791,False,Valid Claim
CLM-2026-00945,USR-80937,PRD-AU-SON-WH-1,Audio / Soundbar,Sony Wireless Noise Canceling Headphones,Sony,WH-1000XM5,SON-AU-2025-FCLV5RH,2026-02-08,105700.0,,12,2026-02-09,2027-02-09,2027-05-08,ANC feedback microphone capsule dead; severe acoustic howling artifact,Microphone Hardware Failure,2027-05-15,1 repair (Authorized Service Center),True,True,True,True,SON-AU-2025-FCLV5RH,False,Invalid Claim
CLM-2026-00356,USR-26027,PRD-SM-SAM-QA55,Smart TV,Samsung QLED 4K Smart TV 55-inch,Samsung,QA55Q60CA,SAM-SM-2025-7JG3MKS,2025-11-16,203700.0,Cnergy Tech Retail Center,12,2025-11-17,2026-11-17,2026-08-08,LED backlight string driver open circuit resulting in total black screen with intact audio,Backlight Array Failure,2026-08-09,2 repairs (Authorized Service Center),True,True,True,True,SAM-SM-2025-7JG3MKS,False,Valid Claim
CLM-2026-00676,USR-50094,PRD-AU-APP-MTJV,Audio / Soundbar,Apple AirPods Pro 2nd Gen,Apple,MTJV3,APP-AU-2025-E6YEE20,2025-04-14,63500.0,TechnoCity Prime Electronics,12,2025-04-15,2026-04-15,2026-09-10,Active subwoofer Class-D amplifier module silent; power LED steady green,Amplifier Circuit Failure,2026-09-15,1 repair (Unauthorized Third-Party),True,True,True,True,APP-AU-2025-E6YEE20,False,Invalid Claim
CLM-2026-00038,USR-59856,PRD-SM-SON-XR-5,Smart TV,Sony Bravia 4K OLED 55-inch,Sony,XR-55A80L,SON-SM-2025-KN5TY28,2025-10-30,360100.0,TechnoCity Prime Electronics,12,2025-10-31,2026-10-31,2026-09-16,LED backlight string driver open circuit resulting in total black screen with intact audio,Backlight Array Failure,2026-09-21,2 repairs (Authorized Service Center),True,True,True,True,SON-SM-2025-KN5TY28,False,Valid Claim
CLM-2026-00158,USR-26880,PRD-LA-LEN-21HD,Laptop,Lenovo ThinkPad T14 Gen 4,Lenovo,21HD001EUS,LEN-LA-2025-4UCLMK8,2026-07-04,199300.0,Muller & Phipps Authorized Retail,12,2026-07-04,2027-07-04,2026-08-16,Persistent dead pixel vertical line across IPS display panel,Display Panel Defect,2026-08-18,1 repair (Authorized Service Center),True,True,True,True,LEN-LA-2025-4UCLMK8,False,Valid Claim
CLM-2026-00406,USR-79784,PRD-AU-SAM-HW-Q,Audio / Soundbar,Samsung Q-Series Soundbar 3.1.2ch,Samsung,HW-Q600C,SAM-AU-2025-VAUD4HG,2025-11-20,121600.0,TechnoCity Prime Electronics,12,2025-11-20,2026-11-20,2026-03-24,Active subwoofer Class-D amplifier module silent; power LED steady green,Amplifier Circuit Failure,2026-03-25,1 repair (Authorized Service Center),True,True,True,True,SAM-AU-2025-VAUD4HG,False,Valid Claim
CLM-2026-00797,USR-61721,PRD-AU-SON-WH-1,Audio / Soundbar,Sony Wireless Noise Canceling Headphones,Sony,WH-1000XM5,SON-AU-2025-987RS0D,2024-09-07,94100.0,Brand Flagship Experience Store,12,2024-09-08,2025-09-08,2024-10-26,Active subwoofer Class-D amplifier module silent; power LED steady green,Amplifier Circuit Failure,2024-10-31,1 repair (Authorized Service Center),True,True,True,True,SON-AU-2025-XV3NW7P,False,Invalid Claim
CLM-2026-00382,USR-77552,PRD-WA-DAW-DW-F,Washing Machine,Dawlance Inverter Front-Load ProWash,Dawlance,DW-FL-9000,DAW-WA-2025-12EL378,2026-02-18,134200.0,Brand Flagship Experience Store,36,2026-02-19,2029-02-18,2026-06-04,Water inlet dual solenoid valve coil burnout; machine fails to fill water,Water Valve Failure,2026-06-09,0 repairs,True,True,True,True,DAW-WA-2025-12EL378,False,Valid Claim
CLM-2026-00556,USR-38873,PRD-SM-SON-KD-6,Smart TV,Sony Bravia LED 4K 65-inch,Sony,KD-65X77L,SON-SM-2025-KWZ4DMM,2025-06-26,184800.0,TechnoCity Prime Electronics,24,2025-06-27,2027-06-27,2027-09-12,Internal switch-mode power supply (SMPS) secondary rail diode breakdown,Internal Power Supply Failure,2027-09-16,1 repair (Unauthorized Third-Party),True,True,True,True,SON-SM-2025-KWZ4DMM,False,Invalid Claim
CLM-2026-00331,USR-58448,PRD-SM-XIA-2309,Smartphone,Xiaomi Redmi Note 13 Pro+,Xiaomi,23090RA98G,35912436098647,2026-03-02,95500.0,Hafeez Center Certified Dealer Outlets,12,2026-03-02,2027-03-02,2026-09-12,Spontaneous vertical green line on AMOLED panel post official OTA update,Display Panel Defect,2026-09-16,1 repair (Authorized Service Center),True,True,True,True,35912436098647,False,Valid Claim
CLM-2026-01208,USR-52912,PRD-LA-HP-15-e,Laptop,HP Pavilion 15,HP,15-eg3023nr,HP-LA-2025-2ZPZJWG,2026-07-19,133200.0,Mega PK Technologies Flagship Hub,12,2026-07-20,2027-07-20,2027-04-03,Motherboard MOSFET short circuit causing instantaneous thermal protection shutdown,Motherboard Circuit Failure,2027-04-13,0 repairs,True,True,True,True,HP-LA-2025-2ZPZJWG,False,Manual Review
CLM-2026-01027,USR-49221,PRD-WA-LG-T211,Washing Machine,LG Smart Inverter Top-Load 11kg,LG,T2111VSSV,LG-WA-2025-BHYRU14,2024-12-07,102500.0,Al-Madina Electronics Authorized Franchise,36,2024-12-08,2027-12-08,2025-05-23,Internal drainage pump motor winding electrical open circuit with OE code,Drain Pump Defect,2025-05-26,0 repairs,True,True,True,True,LG-WA-Z025-BHYRU14,False,Manual Review
CLM-2026-00778,USR-22199,PRD-LA-HP-818M,Laptop,HP EliteBook 840 G10,HP,818M8UT,HP-LA-2025-BD2H2A9,2026-02-11,309900.0,Mega PK Technologies Flagship Hub,24,2026-02-12,2028-02-12,2028-05-30,Persistent dead pixel vertical line across IPS display panel,Display Panel Defect,2028-06-01,1 repair (Authorized Service Center),True,True,True,True,HP-LA-2025-BD2H2A9,False,Invalid Claim
CLM-2026-00390,USR-98712,PRD-AU-APP-MTJV,Audio / Soundbar,Apple AirPods Pro 2nd Gen,Apple,MTJV3,APP-AU-2025-UB3PU22,2026-06-06,58200.0,Al-Madina Electronics Authorized Franchise,12,2026-06-07,2027-06-07,2026-10-04,Bluetooth RF transceiver chip desoldered; device refuses pairing handshakes,Wireless Transceiver Defect,2026-10-08,0 repairs,True,True,True,True,APP-AU-2025-UB3PU22,False,Valid Claim
CLM-2026-00263,USR-18729,PRD-AU-APP-MTJV,Audio / Soundbar,Apple AirPods Pro 2nd Gen,Apple,MTJV3,APP-AU-2025-NNCWH81,2026-05-01,71500.0,Hafeez Center Certified Dealer Outlets,12,2026-05-02,2027-05-02,2026-06-08,ANC feedback microphone capsule dead; severe acoustic howling artifact,Microphone Hardware Failure,2026-06-12,0 repairs,True,True,True,True,APP-AU-2025-NNCWH81,False,Valid Claim
CLM-2026-00765,USR-37495,PRD-LA-LEN-82XD,Laptop,Lenovo IdeaPad Slim 5,Lenovo,82XD0006US,LEN-LA-2025-9AA7FDX,2024-08-21,119500.0,TechnoCity Prime Electronics,12,2024-08-22,2025-08-22,2024-11-25,Persistent dead pixel vertical line across IPS display panel,Display Panel Defect,2025-02-16,1 repair (Unauthorized Third-Party),True,True,True,True,LEN-LA-2025-9AA7FDX,False,Invalid Claim
CLM-2026-00231,USR-44787,PRD-SM-XIA-2403,Smartphone,Xiaomi Xiaomi 14 Ultra,Xiaomi,24030PN60G,35874287002404,2026-05-10,232900.0,Metro Cash & Carry Official Counter,12,2026-05-10,2027-05-10,2027-01-30,Spontaneous vertical green line on AMOLED panel post official OTA update,Display Panel Defect,2027-02-01,0 repairs,True,True,True,True,35874287002404,False,Valid Claim
CLM-2026-00984,USR-38765,PRD-SM-SAM-QA55,Smart TV,Samsung QLED 4K Smart TV 55-inch,Samsung,QA55Q60CA,SAM-SM-2025-H5T00AJ,2025-08-01,181900.0,Metro Cash & Carry Official Counter,12,2025-08-02,2026-08-02,2026-08-29,Internal T-CON timing controller logic failure causing display split-screen inversion,Timing Controller (T-CON) Defect,2026-08-31,0 repairs,True,True,True,True,SAM-SM-2025-H5T00AJ,False,Invalid Claim
CLM-2026-00751,USR-98804,PRD-SM-XIA-2403,Smartphone,Xiaomi Xiaomi 14 Ultra,Xiaomi,24030PN60G,86049260657132,2025-05-19,204600.0,Hafeez Center Certified Dealer Outlets,12,2025-05-20,2026-05-20,2026-10-27,USB-C fast charging handshake pin solder fatigue; fails to negotiate charge,Charging Port Failure,2026-11-03,1 repair (Authorized Service Center),True,True,True,True,86049260657132,False,Invalid Claim
CLM-2026-01495,USR-12072,PRD-WA-SAM-WA13,Washing Machine,Samsung Wobble Technology Top-Load 13kg,Samsung,WA13CG5441BY,SAM-WA-2025-S1MCWSH,2026-06-04,108900.0,Daraz Mall Authorized Brand Store,36,2026-06-05,2029-06-04,2028-06-18,Main electronic drive controller PCB failed with IGBT gate driver error E2,Main Control Board Defect,2028-06-29,0 repairs,True,True,True,True,SAM-WA-2025-S1MCWSH,False,Manual Review
CLM-2026-00223,USR-10942,PRD-SM-SAM-UA65,Smart TV,Samsung Crystal UHD 4K 65-inch,Samsung,UA65CU7000,SAM-SM-2025-E8SX2KH,2026-04-02,193000.0,Hafeez Center Certified Dealer Outlets,12,2026-04-02,2027-04-02,2026-04-14,Internal T-CON timing controller logic failure causing display split-screen inversion,Timing Controller (T-CON) Defect,2026-04-15,2 repairs (Authorized Service Center),True,True,True,True,SAM-SM-2025-E8SX2KH,False,Valid Claim
CLM-2026-01290,USR-32739,PRD-SM-XIA-2403,Smartphone,Xiaomi Xiaomi 14 Ultra,Xiaomi,24030PN60G,86049284228357,2026-05-30,243000.0,Al-Madina Electronics Authorized Franchise,12,2026-05-31,2027-05-31,2026-06-16,Earpiece acoustic transducer failure causing distorted voice audio,Acoustic Transducer Defect,2026-06-25,0 repairs,True,True,True,True,86049284228357,False,Manual Review
CLM-2026-00432,USR-10611,PRD-LA-APP-A268,Laptop,Apple MacBook Air 13 M2,Apple,A2681,APP-LA-2025-WHE1LHM,2026-06-20,206000.0,Airlink Communications Official Flagship,12,2026-06-21,2027-06-21,2026-12-05,Motherboard MOSFET short circuit causing instantaneous thermal protection shutdown,Motherboard Circuit Failure,2026-12-09,2 repairs (Authorized Service Center),True,True,True,True,APP-LA-2025-WHE1LHM,False,Valid Claim
CLM-2026-01357,USR-16392,PRD-AU-SAM-HW-Q,Audio / Soundbar,Samsung Q-Series Soundbar 3.1.2ch,Samsung,HW-Q600C,SAM-AU-2025-09XV4VP,2026-01-29,74600.0,Metro Cash & Carry Official Counter,12,2026-01-30,2027-01-30,2026-08-25,ANC feedback microphone capsule dead; severe acoustic howling artifact,Microphone Hardware Failure,2026-08-30,0 repairs,True,True,True,True,5AM-AU-2025-09XV4VP,False,Manual Review
CLM-2026-00349,USR-18585,PRD-LA-HP-818M,Laptop,HP EliteBook 840 G10,HP,818M8UT,HP-LA-2025-SLCEZD1,2026-04-08,288100.0,Daraz Mall Authorized Brand Store,12,2026-04-08,2027-04-08,2026-08-16,Keyboard matrix row 3 (keys A-S-D-F) non-responsive under dry conditions,Keyboard Matrix Failure,2026-08-19,0 repairs,True,True,True,True,HP-LA-2025-SLCEZD1,False,Valid Claim
CLM-2026-00025,USR-33053,PRD-SM-APP-A309,Smartphone,Apple iPhone 15,Apple,A3090,35912476354186,2026-04-09,299800.0,Al-Madina Electronics Authorized Franchise,12,2026-04-09,2027-04-09,2026-04-21,USB-C fast charging handshake pin solder fatigue; fails to negotiate charge,Charging Port Failure,2026-04-22,0 repairs,True,True,True,True,35912476354186,False,Valid Claim
CLM-2026-00606,USR-37851,PRD-LA-HP-818M,Laptop,HP EliteBook 840 G10,HP,818M8UT,HP-LA-2025-VEP5JS0,2025-03-22,204200.0,TechnoCity Prime Electronics,12,2025-03-23,2026-03-23,2025-08-05,Unauthorized BGA chip reflow and jumper wire bypass attempted at local computer plaza,Unauthorized Tampering / Bazaar Rework,2025-08-10,0 repairs,True,True,True,True,HP-LA-2025-VEP5JS0,False,Invalid Claim
CLM-2026-01498,USR-11889,PRD-SM-SON-XR-5,Smart TV,Sony Bravia 4K OLED 55-inch,Sony,XR-55A80L,SON-SM-2025-4BYFE3C,2025-10-02,0.0,Al-Madina Electronics Authorized Franchise,24,2025-10-03,2027-10-03,2026-05-16,LED backlight string driver open circuit resulting in total black screen with intact audio (Promotional raffle prize bundle),Backlight Array Failure,2026-05-25,0 repairs,True,True,True,True,SON-SM-2025-4BYFE3C,False,Manual Review
CLM-2026-01320,USR-32612,PRD-LA-HP-818M,Laptop,HP EliteBook 840 G10,HP,818M8UT,HP-LA-2025-N92P4TH,2026-06-12,0.0,Muller & Phipps Authorized Retail,24,2026-06-13,2028-06-12,2027-03-04,Motherboard MOSFET short circuit causing instantaneous thermal protection shutdown (Promotional raffle prize bundle),Motherboard Circuit Failure,2027-03-07,0 repairs,True,False,True,False,HP-LA-2025-N92P4TH,False,Manual Review
CLM-2026-00968,USR-43242,PRD-WA-HAI-HWM8,Washing Machine,Haier Twin Tub Semi-Automatic Washer,Haier,HWM80-50,HAI-WA-2025-KCZKEGT,2024-11-06,50700.0,Mega PK Technologies Flagship Hub,12,2024-11-07,2025-11-07,2026-06-27,Inverter Direct Drive motor stator hall-effect sensor electrical open circuit,Inverter Motor Failure,2026-06-29,0 repairs,True,True,True,True,HAI-WA-2025-KCZKEGT,False,Invalid Claim
CLM-2026-00114,USR-34662,PRD-SM-TCL-55C7,Smart TV,TCL QLED Mini-LED 55-inch,TCL,55C755,TCL-SM-2025-6MXU3P6,2026-03-27,139100.0,Brand Flagship Experience Store,24,2026-03-28,2028-03-27,2028-02-25,Internal T-CON timing controller logic failure causing display split-screen inversion,Timing Controller (T-CON) Defect,2028-03-01,0 repairs,True,True,True,True,TCL-SM-2025-6MXU3P6,False,Valid Claim
CLM-2026-00154,USR-64140,PRD-WA-HAI-HWM1,Washing Machine,Haier Direct Drive Top-Load 12kg Washer,Haier,HWM120-826,HAI-WA-2025-CRA6ZDY,2026-05-31,65100.0,Cnergy Tech Retail Center,36,2026-06-01,2029-05-31,2026-12-18,Main electronic drive controller PCB failed with IGBT gate driver error E2,Main Control Board Defect,2026-12-19,2 repairs (Authorized Service Center),True,True,True,True,HAI-WA-2025-CRA6ZDY,False,Valid Claim
CLM-2026-01422,USR-54416,PRD-WA-HAI-HWM1,Washing Machine,Haier Inverter Front-Load 10kg Washer,Haier,HWM100-1678,HAI-WA-2025-21T2X82,2025-07-16,150700.0,Brand Flagship Experience Store,36,2025-07-17,2028-07-16,2028-04-14,Electronic door safety microswitch interlock latch contact failure (Customer notes prior minor servicing at local shop),Safety Interlock Defect,2028-04-16,1 repair (Unauthorized Third-Party),True,True,True,True,HAI-WA-2025-21T2X82,False,Manual Review
CLM-2026-00057,USR-28964,PRD-AU-SON-HT-S,Audio / Soundbar,Sony Dolby Atmos Soundbar 5.1,Sony,HT-S40R,SON-AU-2025-ZS6UJKT,2026-04-14,104300.0,Mega PK Technologies Flagship Hub,12,2026-04-15,2027-04-15,2026-07-09,Bluetooth RF transceiver chip desoldered; device refuses pairing handshakes,Wireless Transceiver Defect,2026-07-14,0 repairs,True,True,True,True,SON-AU-2025-ZS6UJKT,False,Valid Claim
CLM-2026-00753,USR-55947,PRD-LA-APP-A299,Laptop,Apple MacBook Pro 14 M3,Apple,A2992,APP-LA-2025-M9807EG,2024-11-18,391000.0,TechnoCity Prime Electronics,12,2024-11-19,2025-11-19,2025-02-22,Motherboard MOSFET short circuit causing instantaneous thermal protection shutdown,Motherboard Circuit Failure,2025-02-25,1 repair (Authorized Service Center),True,True,True,True,APP-LA-2025-WFD1YWX,False,Invalid Claim
CLM-2026-00794,USR-70405,PRD-SM-TCL-55C7,Smart TV,TCL QLED Mini-LED 55-inch,TCL,55C755,TCL-SM-2025-ZJN6U71,2025-08-21,112000.0,Airlink Communications Official Flagship,12,2025-08-22,2026-08-22,2025-10-26,Severe lightning strike destroyed primary power circuitry during thunderstorm,Power Surge Burnout (No Voltage Stabilizer),2025-10-28,0 repairs,True,True,True,True,TCL-SM-2025-ZJN6U71,False,Invalid Claim
CLM-2026-00889,USR-24502,PRD-AU-SAM-HW-Q,Audio / Soundbar,Samsung Q-Series Soundbar 3.1.2ch,Samsung,HW-Q600C,SAM-AU-2025-NJAGJNV,2025-03-26,108400.0,Muller & Phipps Authorized Retail,12,2025-03-27,2026-03-27,2025-07-05,Bluetooth RF transceiver chip desoldered; device refuses pairing handshakes,Wireless Transceiver Defect,2025-07-11,1 repair (Unauthorized Third-Party),False,False,True,True,,False,Invalid Claim
CLM-2026-00318,USR-63961,PRD-SM-APP-A309,Smartphone,Apple iPhone 15,Apple,A3090,35874249615909,2026-05-23,257600.0,Al-Madina Electronics Authorized Franchise,12,2026-05-23,2027-05-23,2027-03-24,Spontaneous vertical green line on AMOLED panel post official OTA update,Display Panel Defect,2027-03-29,0 repairs,True,True,True,True,35874249615909,False,Valid Claim
CLM-2026-00476,USR-87489,PRD-SM-SON-KD-6,Smart TV,Sony Bravia LED 4K 65-inch,Sony,KD-65X77L,SON-SM-2025-R6938PM,2026-01-04,207300.0,Mega PK Technologies Flagship Hub,12,2026-01-04,2027-01-04,2026-09-13,LED backlight string driver open circuit resulting in total black screen with intact audio,Backlight Array Failure,2026-09-14,0 repairs,True,True,True,True,SON-SM-2025-R6938PM,False,Valid Claim
CLM-2026-01144,USR-72952,PRD-AU-APP-MTJV,Audio / Soundbar,Apple AirPods Pro 2nd Gen,Apple,MTJV3,APP-AU-2025-D40FCL0,2025-12-30,74500.0,Mega PK Technologies Flagship Hub,12,2025-12-31,2026-12-31,2026-03-07,Active subwoofer Class-D amplifier module silent; power LED steady green,Amplifier Circuit Failure,2026-03-21,0 repairs,True,True,True,True,APP-AU-2025-D40FCL0,False,Manual Review
CLM-2026-01174,USR-88478,PRD-WA-LG-T211,Washing Machine,LG Smart Inverter Top-Load 11kg,LG,T2111VSSV,LG-WA-2025-M6H7KSN,2025-01-19,87100.0,Al-Madina Electronics Authorized Franchise,24,2025-01-20,2027-01-20,2025-11-15,Drum balance suspension damper mechanical collapse under rated wash load,Mechanical Suspension Defect,2025-11-28,0 repairs,True,True,True,True,LG-WA-2025-M6H7KSN,False,Manual Review
CLM-2026-01352,USR-78629,PRD-AU-SAM-HW-Q,Audio / Soundbar,Samsung Q-Series Soundbar 3.1.2ch,Samsung,HW-Q600C,SAM-AU-2025-FVMVVE1,2025-12-14,70900.0,Daraz Mall Authorized Brand Store,12,2025-12-15,2026-12-15,2026-02-09,Bluetooth RF transceiver chip desoldered; device refuses pairing handshakes (Customer notes prior minor servicing at local shop),Wireless Transceiver Defect,2026-02-11,1 repair (Unauthorized Third-Party),True,True,True,True,SAM-AU-2025-FVMVVE1,False,Manual Review
CLM-2026-00069,USR-18950,PRD-LA-DEL-XPS9,Laptop,Dell XPS 15 9530,Dell,XPS9530-7456SLV,DEL-LA-2025-55S2YLF,2025-12-25,306400.0,TechnoCity Prime Electronics,12,2025-12-26,2026-12-26,2026-11-22,Dedicated GPU VRAM solder fatigue resulting in visual polygon artifacting,GPU Hardware Malfunction,2026-11-25,1 repair (Authorized Service Center),True,True,True,True,DEL-LA-2025-55S2YLF,False,Valid Claim
CLM-2026-01096,USR-36923,PRD-SM-SON-KD-6,Smart TV,Sony Bravia LED 4K 65-inch,Sony,KD-65X77L,SON-SM-2025-ZJE4EDD,2026-02-02,251700.0,Brand Flagship Experience Store,24,2026-02-03,2028-02-03,2026-08-07,Motherboard HDMI receiver chip failure; all ports report No Signal (Customer notes prior minor servicing at local shop),Mainboard HDMI Interface Failure,2026-08-11,"2 repairs (1 Authorized, 1 Unauthorized)",True,True,True,True,SON-SM-2025-ZJE4EDD,False,Manual Review
CLM-2026-00720,USR-83065,PRD-SM-SAM-SM-A,Smartphone,Samsung Galaxy A55 5G,Samsung,SM-A556E,35874226149750,2025-09-12,82800.0,Daraz Mall Authorized Brand Store,12,2025-09-13,2026-09-13,2026-01-27,Earpiece acoustic transducer failure causing distorted voice audio,Acoustic Transducer Defect,2026-02-01,0 repairs,True,True,True,True,86049221555513,False,Invalid Claim
CLM-2026-00807,USR-98572,PRD-WA-SAM-WW90,Washing Machine,Samsung EcoBubble Front-Load Inverter 9kg,Samsung,WW90T554DAW,SAM-WA-2025-U9ZCBRS,2025-08-30,149300.0,Cnergy Tech Retail Center,12,2025-08-31,2026-08-31,2027-04-14,Drum balance suspension damper mechanical collapse under rated wash load,Mechanical Suspension Defect,2027-04-16,1 repair (Authorized Service Center),True,True,True,True,SAM-WA-2025-U9ZCBRS,False,Invalid Claim
CLM-2026-00271,USR-24833,PRD-SM-TCL-55C7,Smart TV,TCL QLED Mini-LED 55-inch,TCL,55C755,TCL-SM-2025-6EWS959,2026-07-15,151800.0,Mega PK Technologies Flagship Hub,12,2026-07-15,2027-07-15,2027-03-19,Internal T-CON timing controller logic failure causing display split-screen inversion,Timing Controller (T-CON) Defect,2027-03-23,2 repairs (Authorized Service Center),True,True,True,True,TCL-SM-2025-6EWS959,False,Valid Claim
CLM-2026-01101,USR-30978,PRD-WA-LG-T211,Washing Machine,LG Smart Inverter Top-Load 11kg,LG,T2111VSSV,LG-WA-2025-K414YD2,2025-09-14,115600.0,Muller & Phipps Authorized Retail,36,2025-09-15,2028-09-14,2027-10-31,Electronic door safety microswitch interlock latch contact failure,Safety Interlock Defect,2027-11-04,0 repairs,True,True,True,True,LG-WA-Z025-K414YD2,False,Manual Review
CLM-2026-00971,USR-61857,PRD-SM-SAM-UA65,Smart TV,Samsung Crystal UHD 4K 65-inch,Samsung,UA65CU7000,SAM-SM-2025-54132US,2025-02-15,157000.0,Daraz Mall Authorized Brand Store,24,2025-02-16,2027-02-16,2025-06-23,Motherboard HDMI receiver chip failure; all ports report No Signal,Mainboard HDMI Interface Failure,2025-06-28,1 repair (Authorized Service Center),True,True,True,True,SAM-SM-2025-ZJFXFP0,False,Invalid Claim
CLM-2026-00405,USR-98832,PRD-WA-LG-F4V5,Washing Machine,LG AI DD Front-Load Washer 9kg,LG,F4V5VYP0W,LG-WA-2025-RNK5KR4,2025-10-24,174700.0,Al-Madina Electronics Authorized Franchise,36,2025-10-24,2028-10-23,2027-05-18,Drum balance suspension damper mechanical collapse under rated wash load,Mechanical Suspension Defect,2027-05-20,0 repairs,True,True,True,True,LG-WA-2025-RNK5KR4,False,Valid Claim
CLM-2026-00559,USR-44410,PRD-SM-SAM-SM-S,Smartphone,Samsung Galaxy S24 Ultra,Samsung,SM-S928B,86049298637714,2024-09-01,248300.0,Brand Flagship Experience Store,12,2024-09-02,2025-09-02,2025-10-03,Camera module Optical Image Stabilization (OIS) actuator rattle and blur,Camera Module Hardware Defect,2025-10-08,1 repair (Authorized Service Center),True,True,True,True,86049298637714,False,Invalid Claim
CLM-2026-00800,USR-22879,PRD-WA-HAI-HWM1,Washing Machine,Haier Inverter Front-Load 10kg Washer,Haier,HWM100-1678,HAI-WA-2025-SNVP25R,2024-07-18,142400.0,TechnoCity Prime Electronics,12,2024-07-19,2025-07-19,2024-08-18,Internal drainage pump motor winding electrical open circuit with OE code,Drain Pump Defect,2024-10-26,0 repairs,True,True,True,True,HAI-WA-2025-SNVP25R,False,Invalid Claim
CLM-2026-00863,USR-99527,PRD-SM-XIA-2403,Smartphone,Xiaomi Xiaomi 14 Ultra,Xiaomi,24030PN60G,86049230083234,2025-11-27,231000.0,Hafeez Center Certified Dealer Outlets,12,2025-11-28,2026-11-28,2026-02-23,Minor hairline scratches on aluminum frame from pocket grit,Normal Cosmetic Wear,2026-02-24,0 repairs,True,True,True,True,86049230083234,False,Invalid Claim
CLM-2026-01497,USR-98527,PRD-SM-SAM-QA55,Smart TV,Samsung QLED 4K Smart TV 55-inch,Samsung,QA55Q60CA,SAM-SM-2025-KBGKS2Y,2026-03-19,239400.0,Metro Cash & Carry Official Counter,12,2026-03-20,2027-03-20,2027-03-19,Motherboard HDMI receiver chip failure; all ports report No Signal,Mainboard HDMI Interface Failure,2027-03-24,0 repairs,True,True,True,True,SAM-SM-2025-KBGKS2Y,False,Manual Review
CLM-2026-01441,USR-82051,PRD-SM-SON-XR-5,Smart TV,Sony Bravia 4K OLED 55-inch,Sony,XR-55A80L,SON-SM-2025-JGZZN04,2025-10-08,353000.0,Cnergy Tech Retail Center,12,2025-10-09,2026-10-09,2025-11-16,LED backlight string driver open circuit resulting in total black screen with intact audio,Backlight Array Failure,2025-11-18,0 repairs,True,True,False,True,SON-SM-2025-JGZZN04,False,Manual Review
CLM-2026-00858,USR-40970,PRD-SM-TCL-50P6,Smart TV,TCL 4K HDR Smart TV 50-inch,TCL,50P635,TCL-SM-2025-NPVNB7H,2026-01-27,79000.0,Hafeez Center Certified Dealer Outlets,12,2026-01-28,2027-01-28,2027-02-26,Internal switch-mode power supply (SMPS) secondary rail diode breakdown,Internal Power Supply Failure,2027-03-01,0 repairs,True,True,True,True,TCL-SM-2025-NPVNB7H,False,Invalid Claim
CLM-2026-00925,USR-50563,PRD-LA-LEN-82XD,Laptop,Lenovo IdeaPad Slim 5,Lenovo,82XD0006US,LEN-LA-2025-TXPCEB2,2025-09-27,135000.0,Airlink Communications Official Flagship,24,2025-09-28,2027-09-28,2025-10-28,Persistent dead pixel vertical line across IPS display panel,Display Panel Defect,2025-11-01,0 repairs,True,True,True,True,LEN-LA-2025-JR01XWA,False,Invalid Claim
CLM-2026-00245,USR-61435,PRD-SM-TCL-55C7,Smart TV,TCL QLED Mini-LED 55-inch,TCL,55C755,TCL-SM-2025-07DSGCN,2026-07-26,127500.0,Muller & Phipps Authorized Retail,12,2026-07-27,2027-07-27,2026-09-16,Internal T-CON timing controller logic failure causing display split-screen inversion,Timing Controller (T-CON) Defect,2026-09-18,0 repairs,True,True,True,True,TCL-SM-2025-07DSGCN,False,Valid Claim
CLM-2026-00976,USR-72525,PRD-WA-DAW-DW-9,Washing Machine,Dawlance Top-Load Energy Saver 11kg,Dawlance,DW-9060-ES,DAW-WA-2025-0SUP57K,2025-01-03,90500.0,Metro Cash & Carry Official Counter,24,2025-01-04,2027-01-04,2025-06-27,Unit power failure; replacement unit already issued under previous claim,Hardware Failure,2025-07-03,0 repairs,True,True,True,True,DAW-WA-2025-0SUP57K,True,Invalid Claim
CLM-2026-01114,USR-89220,PRD-LA-LEN-82XD,Laptop,Lenovo IdeaPad Slim 5,Lenovo,82XD0006US,LEN-LA-2025-3RFFMCB,2026-06-25,136200.0,Daraz Mall Authorized Brand Store,24,2026-06-26,2028-06-25,2027-02-09,Internal cooling fan bearing seizure and zero RPM tachometer error,Cooling System Defect,2027-02-13,0 repairs,True,True,True,True,LEN-LA-Z025-3RFFMCB,False,Manual Review
CLM-2026-00286,USR-87693,PRD-WA-DAW-DW-F,Washing Machine,Dawlance Inverter Front-Load ProWash,Dawlance,DW-FL-9000,DAW-WA-2025-WH10W1C,2026-06-28,86500.0,TechnoCity Prime Electronics,36,2026-06-29,2029-06-28,2028-09-18,Drum balance suspension damper mechanical collapse under rated wash load,Mechanical Suspension Defect,2028-09-20,2 repairs (Authorized Service Center),True,True,True,True,DAW-WA-2025-WH10W1C,False,Valid Claim
CLM-2026-01041,USR-27557,PRD-WA-DAW-DW-9,Washing Machine,Dawlance Top-Load Energy Saver 11kg,Dawlance,DW-9060-ES,DAW-WA-2025-HDBSZX2,2026-03-30,93900.0,Airlink Communications Official Flagship,12,2026-03-31,2027-03-31,2027-04-04,Inverter Direct Drive motor stator hall-effect sensor electrical open circuit,Inverter Motor Failure,2027-04-08,0 repairs,True,True,True,True,DAW-WA-2025-HDBSZX2,False,Manual Review
CLM-2026-00388,USR-58887,PRD-LA-HP-14-e,Laptop,HP Spectre x360 14,HP,14-ef2013dx,HP-LA-2025-HR50TK7,2026-03-09,263000.0,Daraz Mall Authorized Brand Store,24,2026-03-10,2028-03-09,2027-08-19,Persistent dead pixel vertical line across IPS display panel,Display Panel Defect,2027-08-20,0 repairs,True,True,True,True,HP-LA-2025-HR50TK7,False,Valid Claim
CLM-2026-01153,USR-88195,PRD-LA-HP-15-e,Laptop,HP Pavilion 15,HP,15-eg3023nr,HP-LA-2025-16Z9VGG,2025-12-18,122100.0,Mega PK Technologies Flagship Hub,12,2025-12-19,2026-12-19,2026-01-24,Internal cooling fan bearing seizure and zero RPM tachometer error,Cooling System Defect,2026-01-29,0 repairs,True,False,True,True,hp-la-2025-16z9vgg,False,Manual Review
CLM-2026-00288,USR-76577,PRD-LA-HP-818M,Laptop,HP EliteBook 840 G10,HP,818M8UT,HP-LA-2025-TWE0FBF,2026-05-16,240100.0,Muller & Phipps Authorized Retail,24,2026-05-17,2028-05-16,2027-05-18,Keyboard matrix row 3 (keys A-S-D-F) non-responsive under dry conditions,Keyboard Matrix Failure,2027-05-23,0 repairs,True,True,True,True,HP-LA-2025-TWE0FBF,False,Valid Claim
CLM-2026-00544,USR-97516,PRD-SM-TCL-55C7,Smart TV,TCL QLED Mini-LED 55-inch,TCL,55C755,TCL-SM-2025-6UM5RJF,2025-05-17,142400.0,Daraz Mall Authorized Brand Store,12,2025-05-18,2026-05-18,2025-11-04,Internal switch-mode power supply (SMPS) secondary rail diode breakdown,Internal Power Supply Failure,2025-11-08,1 repair (Unauthorized Third-Party),False,True,True,True,,False,Invalid Claim
CLM-2026-01187,USR-57880,PRD-AU-SON-WH-1,Audio / Soundbar,Sony Wireless Noise Canceling Headphones,Sony,WH-1000XM5,SON-AU-2025-FU57JEF,2025-10-28,98400.0,Muller & Phipps Authorized Retail,12,2025-10-29,2026-10-29,2026-07-06,Active subwoofer Class-D amplifier module silent; power LED steady green (Customer notes prior minor servicing at local shop),Amplifier Circuit Failure,2026-07-10,3 repairs (Authorized Service Center),True,True,True,True,SON-AU-2025-FU57JEF,False,Manual Review
CLM-2026-00291,USR-85750,PRD-AU-SAM-HW-Q,Audio / Soundbar,Samsung Q-Series Soundbar 3.1.2ch,Samsung,HW-Q600C,SAM-AU-2025-2TWWL04,2026-05-27,97200.0,TechnoCity Prime Electronics,12,2026-05-28,2027-05-28,2027-03-06,Active subwoofer Class-D amplifier module silent; power LED steady green,Amplifier Circuit Failure,2027-03-09,2 repairs (Authorized Service Center),True,True,True,True,SAM-AU-2025-2TWWL04,False,Valid Claim
CLM-2026-01328,USR-65246,PRD-LA-LEN-82XD,Laptop,Lenovo IdeaPad Slim 5,Lenovo,82XD0006US,LEN-LA-2025-2FSN5NC,2025-11-08,181400.0,Metro Cash & Carry Official Counter,12,2025-11-09,2026-11-09,2026-01-20,Dedicated GPU VRAM solder fatigue resulting in visual polygon artifacting (Customer notes prior minor servicing at local shop),GPU Hardware Malfunction,2026-01-25,3 repairs (Authorized Service Center),True,True,True,True,LEN-LA-2025-2FSN5NC,False,Manual Review
CLM-2026-00145,USR-42527,PRD-LA-DEL-L544,Laptop,Dell Latitude 5440,Dell,L5440-CTO1,DEL-LA-2025-V23RKCY,2026-03-03,221600.0,Al-Madina Electronics Authorized Franchise,24,2026-03-03,2028-03-02,2026-11-21,Persistent dead pixel vertical line across IPS display panel,Display Panel Defect,2026-11-24,0 repairs,True,True,True,True,DEL-LA-2025-V23RKCY,False,Valid Claim
CLM-2026-01440,USR-75557,PRD-SM-APP-A310,Smartphone,Apple iPhone 15 Pro Max,Apple,A3106,86410969785169,2026-04-01,447300.0,Muller & Phipps Authorized Retail,12,2026-04-02,2027-04-02,2027-03-30,Spontaneous vertical green line on AMOLED panel post official OTA update,Display Panel Defect,2027-04-05,0 repairs,True,True,True,True,86410969785169,False,Manual Review
CLM-2026-00471,USR-10292,PRD-AU-SAM-HW-Q,Audio / Soundbar,Samsung Q-Series Soundbar 3.1.2ch,Samsung,HW-Q600C,SAM-AU-2025-5ZBNUVV,2026-03-16,93200.0,Brand Flagship Experience Store,12,2026-03-17,2027-03-17,2026-11-29,Active subwoofer Class-D amplifier module silent; power LED steady green,Amplifier Circuit Failure,2026-12-02,0 repairs,True,True,True,True,SAM-AU-2025-5ZBNUVV,False,Valid Claim
CLM-2026-00545,USR-14467,PRD-SM-APP-A309,Smartphone,Apple iPhone 15,Apple,A3090,86049248040287,2024-08-09,293200.0,Brand Flagship Experience Store,12,2024-08-10,2025-08-10,2025-09-06,Camera module Optical Image Stabilization (OIS) actuator rattle and blur,Camera Module Hardware Defect,2025-09-11,1 repair (Authorized Service Center),True,True,True,True,86049248040287,False,Invalid Claim
CLM-2026-00177,USR-41711,PRD-AU-APP-MTJV,Audio / Soundbar,Apple AirPods Pro 2nd Gen,Apple,MTJV3,APP-AU-2025-U8FXP9U,2025-11-26,60200.0,Cnergy Tech Retail Center,12,2025-11-27,2026-11-27,2026-10-28,ANC feedback microphone capsule dead; severe acoustic howling artifact,Microphone Hardware Failure,2026-10-29,0 repairs,True,True,True,True,APP-AU-2025-U8FXP9U,False,Valid Claim
CLM-2026-01118,USR-52111,PRD-SM-TCL-50P6,Smart TV,TCL 4K HDR Smart TV 50-inch,TCL,50P635,TCL-SM-2025-Z0BGBWF,2026-04-29,67500.0,Brand Flagship Experience Store,12,2026-04-30,2027-04-30,2026-12-01,Internal T-CON timing controller logic failure causing display split-screen inversion (Customer notes prior minor servicing at local shop),Timing Controller (T-CON) Defect,2026-12-05,1 repair (Unauthorized Third-Party),True,True,True,True,TCL-SM-2025-Z0BGBWF,False,Manual Review
CLM-2026-01494,USR-83653,PRD-SM-SAM-SM-A,Smartphone,Samsung Galaxy A55 5G,Samsung,SM-A556E,35874216218596,2026-07-15,118100.0,TechnoCity Prime Electronics,12,2026-07-16,2027-07-16,2027-04-23,Cellular baseband modem chip malfunction; persistent No Service state (Customer notes prior minor servicing at local shop),Modem / Cellular Hardware Defect,2027-04-25,"2 repairs (1 Authorized, 1 Unauthorized)",True,True,True,True,35874216218596,False,Manual Review
CLM-2026-01264,USR-65818,PRD-WA-SAM-WW90,Washing Machine,Samsung EcoBubble Front-Load Inverter 9kg,Samsung,WW90T554DAW,SAM-WA-2025-GUNARLZ,2025-10-30,191800.0,Mega PK Technologies Flagship Hub,12,2025-10-31,2026-10-31,2026-08-03,Internal drainage pump motor winding electrical open circuit with OE code (Customer notes prior minor servicing at local shop),Drain Pump Defect,2026-08-07,3 repairs (Authorized Service Center),True,True,True,True,SAM-WA-2025-GUNARLZ,False,Manual Review
CLM-2026-00260,USR-35703,PRD-SM-XIA-2309,Smartphone,Xiaomi Redmi Note 13 Pro+,Xiaomi,23090RA98G,35912427498652,2025-12-08,76800.0,Al-Madina Electronics Authorized Franchise,12,2025-12-08,2026-12-08,2026-08-24,Earpiece acoustic transducer failure causing distorted voice audio,Acoustic Transducer Defect,2026-08-28,2 repairs (Authorized Service Center),True,True,True,True,35912427498652,False,Valid Claim
CLM-2026-00429,USR-25889,PRD-SM-APP-A288,Smartphone,Apple iPhone 14,Apple,A2882,35874246745628,2026-03-15,236700.0,Cnergy Tech Retail Center,12,2026-03-15,2027-03-15,2026-07-14,USB-C fast charging handshake pin solder fatigue; fails to negotiate charge,Charging Port Failure,2026-07-13,2 repairs (Authorized Service Center),True,True,True,True,35874246745628,False,Valid Claim
CLM-2026-00996,USR-48806,PRD-SM-SAM-SM-A,Smartphone,Samsung Galaxy A55 5G,Samsung,SM-A556E,35874218621111,2025-10-05,106600.0,Al-Madina Electronics Authorized Franchise,12,2025-10-06,2026-10-06,2025-12-04,Device bootloader unlocked and custom kernel flashed; Knox counter tripped 0x1,Unauthorized Modification / Rooting,2025-12-05,0 repairs,True,True,True,True,35874218621111,False,Invalid Claim
CLM-2026-00700,USR-20427,PRD-LA-LEN-21HD,Laptop,Lenovo ThinkPad T14 Gen 4,Lenovo,21HD001EUS,LEN-LA-2025-0T712AH,2025-08-19,203800.0,Mega PK Technologies Flagship Hub,12,2025-08-20,2026-08-20,2025-10-26,Motherboard MOSFET short circuit causing instantaneous thermal protection shutdown,Motherboard Circuit Failure,2025-10-31,1 repair (Unauthorized Third-Party),True,True,True,True,LEN-LA-2025-ZK69NV2,False,Invalid Claim
CLM-2026-01152,USR-88684,PRD-AU-APP-MTJV,Audio / Soundbar,Apple AirPods Pro 2nd Gen,Apple,MTJV3,APP-AU-2025-LN0EH5A,2026-02-04,75500.0,Metro Cash & Carry Official Counter,12,2026-02-05,2027-02-05,2026-09-03,Bluetooth RF transceiver chip desoldered; device refuses pairing handshakes,Wireless Transceiver Defect,2026-09-18,0 repairs,True,True,True,True,APP-AU-2025-LN0EH5A,False,Manual Review
CLM-2026-00654,USR-49320,PRD-AU-SON-WH-1,Audio / Soundbar,Sony Wireless Noise Canceling Headphones,Sony,WH-1000XM5,SON-AU-2025-LV7XPHY,2025-08-14,82100.0,Airlink Communications Official Flagship,12,2025-08-15,2026-08-15,2025-11-25,ANC feedback microphone capsule dead; severe acoustic howling artifact,Microphone Hardware Failure,2025-11-27,1 repair (Authorized Service Center),True,True,True,True,SON-AU-2025-1YDCHDF,False,Invalid Claim
CLM-2026-00470,USR-39500,PRD-LA-APP-A268,Laptop,Apple MacBook Air 13 M2,Apple,A2681,APP-LA-2025-DLXRPPR,2026-04-08,236400.0,Mega PK Technologies Flagship Hub,12,2026-04-08,2027-04-08,2027-02-22,Dedicated GPU VRAM solder fatigue resulting in visual polygon artifacting,GPU Hardware Malfunction,2027-02-26,2 repairs (Authorized Service Center),True,True,True,True,APP-LA-Z025-DLXRPPR,False,Valid Claim
CLM-2026-01090,USR-94340,PRD-LA-APP-A299,Laptop,Apple MacBook Pro 14 M3,Apple,A2992,APP-LA-2025-7S8UFVR,2025-12-06,415600.0,Mega PK Technologies Flagship Hub,12,2025-12-07,2026-12-07,2026-12-05,Persistent dead pixel vertical line across IPS display panel,Display Panel Defect,2026-12-09,0 repairs,True,True,True,True,APP-LA-2025-7S8UFVR,False,Manual Review
CLM-2026-00238,USR-78280,PRD-SM-SAM-SM-S,Smartphone,Samsung Galaxy S24 Ultra,Samsung,SM-S928B,86410997645934,2026-03-28,241900.0,TechnoCity Prime Electronics,12,2026-03-29,2027-03-29,2026-08-24,Camera module Optical Image Stabilization (OIS) actuator rattle and blur,Camera Module Hardware Defect,2026-08-28,2 repairs (Authorized Service Center),True,True,True,True,86410997645934,False,Valid Claim
CLM-2026-00992,USR-55791,PRD-WA-SAM-WA13,Washing Machine,Samsung Wobble Technology Top-Load 13kg,Samsung,WA13CG5441BY,SAM-WA-2025-AUGKX0F,2026-02-27,123600.0,Muller & Phipps Authorized Retail,12,2026-02-28,2027-02-28,2026-06-19,Local bazaar technician attempted motor rewinding with non-spec copper wire,Unauthorized Tampering / Bazaar Rework,2026-06-24,1 repair (Authorized Service Center),True,True,True,True,SAM-WA-2025-AUGKX0F,False,Invalid Claim
CLM-2026-00051,USR-93442,PRD-SM-TCL-50P6,Smart TV,TCL 4K HDR Smart TV 50-inch,TCL,50P635,TCL-SM-2025-0UD0VSZ,2025-10-05,88000.0,Metro Cash & Carry Official Counter,24,2025-10-06,2027-10-06,2026-08-05,Internal switch-mode power supply (SMPS) secondary rail diode breakdown,Internal Power Supply Failure,2026-08-07,0 repairs,True,True,True,True,TCL-SM-2025-0UD0VSZ,False,Valid Claim
CLM-2026-00875,USR-42537,PRD-WA-LG-T211,Washing Machine,LG Smart Inverter Top-Load 11kg,LG,T2111VSSV,LG-WA-2025-ZMM6KNT,2024-08-17,109600.0,Metro Cash & Carry Official Counter,36,2024-08-18,2027-08-18,2025-01-07,Water inlet dual solenoid valve coil burnout; machine fails to fill water,Water Valve Failure,2025-01-12,1 repair (Unauthorized Third-Party),True,True,True,True,LG-WA-2025-9DC3791,False,Invalid Claim
CLM-2026-00324,USR-20085,PRD-SM-SAM-QA55,Smart TV,Samsung QLED 4K Smart TV 55-inch,Samsung,QA55Q60CA,SAM-SM-2025-ECNNZW6,2025-12-20,211700.0,Muller & Phipps Authorized Retail,24,2025-12-20,2027-12-20,2026-03-22,LED backlight string driver open circuit resulting in total black screen with intact audio,Backlight Array Failure,2026-03-26,0 repairs,True,True,True,True,SAM-SM-2025-ECNNZW6,False,Valid Claim
CLM-2026-00822,USR-38887,PRD-LA-HP-14-e,Laptop,HP Spectre x360 14,HP,14-ef2013dx,HP-LA-2025-DJXDPZF,2025-11-09,358700.0,Cnergy Tech Retail Center,24,2025-11-10,2027-11-10,2026-01-27,Keyboard matrix row 3 (keys A-S-D-F) non-responsive under dry conditions,Keyboard Matrix Failure,2026-02-01,1 repair (Authorized Service Center),True,True,True,True,HP-LA-2025-SZ1ERAY,False,Invalid Claim
CLM-2026-00665,USR-38701,PRD-SM-APP-A310,Smartphone,Apple iPhone 15 Pro Max,Apple,A3106,35874283549592,2025-06-02,390800.0,Metro Cash & Carry Official Counter,12,2025-06-03,2026-06-03,2025-08-25,Earpiece acoustic transducer failure causing distorted voice audio,Acoustic Transducer Defect,2025-11-06,0 repairs,True,True,True,True,35874283549592,False,Invalid Claim
CLM-2026-01125,USR-69691,PRD-LA-HP-15-e,Laptop,HP Pavilion 15,HP,15-eg3023nr,HP-LA-2025-Z0UTMUU,2024-12-20,147900.0,Airlink Communications Official Flagship,24,2024-12-21,2026-12-21,2025-05-27,Dedicated GPU VRAM solder fatigue resulting in visual polygon artifacting (Customer notes prior minor servicing at local shop),GPU Hardware Malfunction,2025-05-29,3 repairs (Authorized Service Center),True,True,True,True,HP-LA-2025-Z0UTMUU,False,Manual Review
CLM-2026-00567,USR-25127,PRD-LA-APP-A299,Laptop,Apple MacBook Pro 14 M3,Apple,A2992,APP-LA-2025-LMHA6JX,2025-07-04,462600.0,Metro Cash & Carry Official Counter,12,2025-07-05,2026-07-05,2025-11-18,Persistent dead pixel vertical line across IPS display panel,Display Panel Defect,2025-11-21,1 repair (Authorized Service Center),False,True,True,True,,False,Invalid Claim
CLM-2026-00376,USR-11818,PRD-SM-SAM-SM-F,Smartphone,Samsung Galaxy Z Fold 5,Samsung,SM-F946B,35912450641129,2026-02-08,401100.0,Metro Cash & Carry Official Counter,12,2026-02-09,2027-02-09,2026-07-23,Spontaneous vertical green line on AMOLED panel post official OTA update,Display Panel Defect,2026-07-24,0 repairs,True,True,True,True,35912450641129,False,Valid Claim
CLM-2026-00255,USR-89745,PRD-LA-DEL-i563,Laptop,Dell Inspiron 16,Dell,i5630-7212SLV,DEL-LA-2025-MHKXWJZ,2026-02-02,150100.0,Metro Cash & Carry Official Counter,24,2026-02-03,2028-02-03,2027-11-23,Persistent dead pixel vertical line across IPS display panel,Display Panel Defect,2027-11-27,0 repairs,True,True,True,True,DEL-LA-2025-MHKXWJZ,False,Valid Claim
