claim_id,purchase_date,claim_filing_date,fault_occurrence_date,warranty_duration_months,recomputed_product_age,rendered_product_age,match_product_age,diff_product_age,recomputed_expiry_date,rendered_expiry_date,match_expiry_date,diff_expiry_days,recomputed_remaining_days,rendered_remaining_days,match_remaining_days,diff_remaining_days,has_any_mismatch
CLM-2026-01427,2025-12-25,2026-09-06,2026-09-03,12,255,252,False,3,2026-12-25,2026-12-26,False,-1,110,114,False,-4,True
CLM-2026-01075,2026-04-02,2026-06-19,2026-06-14,12,78,73,False,5,2027-04-02,2027-04-03,False,-1,287,293,False,-6,True
CLM-2026-01402,2026-04-04,2026-09-10,2026-09-05,12,159,154,False,5,2027-04-04,2027-04-05,False,-1,206,212,False,-6,True
CLM-2026-01366,2025-10-31,2026-04-09,2026-04-06,12,160,157,False,3,2026-10-31,2026-11-01,False,-1,205,209,False,-4,True
CLM-2026-00596,2024-08-28,2025-01-04,2025-01-03,12,129,128,False,1,2025-08-28,2025-08-29,False,-1,236,238,False,-2,True
CLM-2026-01302,2025-07-16,2027-07-09,2027-06-26,24,723,710,False,13,2027-07-16,2027-07-17,False,-1,7,21,False,-14,True
CLM-2026-00514,2025-08-13,2025-09-13,2025-09-09,12,31,27,False,4,2026-08-13,2026-08-14,False,-1,334,339,False,-5,True
CLM-2026-01031,2026-05-24,2027-02-17,2027-02-06,12,269,258,False,11,2027-05-24,2027-05-25,False,-1,96,108,False,-12,True
CLM-2026-00524,2024-10-20,2025-02-21,2025-02-18,12,124,121,False,3,2025-10-20,2025-10-21,False,-1,241,245,False,-4,True
CLM-2026-00023,2026-08-11,2027-01-17,2027-01-15,12,159,157,False,2,2027-08-11,2027-08-12,False,-1,206,209,False,-3,True
CLM-2026-01314,2025-12-13,2026-08-27,2026-08-24,12,257,254,False,3,2026-12-13,2026-12-14,False,-1,108,112,False,-4,True
CLM-2026-01176,2025-12-16,2026-03-28,2026-03-25,12,102,99,False,3,2026-12-16,2026-12-17,False,-1,263,267,False,-4,True
CLM-2026-00547,2025-09-28,2025-12-28,2025-10-31,24,91,33,False,58,2027-09-28,2027-09-29,False,-1,639,698,False,-59,True
CLM-2026-01321,2026-05-12,2027-05-15,2027-05-10,12,368,363,False,5,2027-05-12,2027-05-13,False,-1,-3,3,False,-6,True
CLM-2026-01037,2026-07-16,2027-07-25,2027-07-21,12,374,370,False,4,2027-07-16,2027-07-17,False,-1,-9,-4,False,-5,True
CLM-2026-00381,2025-12-02,2026-08-12,2026-08-10,24,253,251,False,2,2027-12-02,2027-12-03,False,-1,477,480,False,-3,True
CLM-2026-01262,2025-12-28,2026-11-02,2026-10-31,12,309,307,False,2,2026-12-28,2026-12-29,False,-1,56,59,False,-3,True
CLM-2026-01201,2025-12-16,2027-06-06,2027-06-03,24,537,534,False,3,2027-12-16,2027-12-17,False,-1,193,197,False,-4,True
CLM-2026-00398,2026-07-16,2026-11-30,2026-11-25,12,137,132,False,5,2027-07-16,2027-07-16,True,0,228,233,False,-5,True
CLM-2026-01365,2025-02-19,2027-01-22,2027-01-20,24,702,700,False,2,2027-02-19,2027-02-20,False,-1,28,31,False,-3,True
CLM-2026-00774,2025-08-28,2025-10-31,2025-10-29,36,64,62,False,2,2028-08-28,2028-08-28,True,0,1032,1034,False,-2,True
CLM-2026-00214,2026-07-04,2029-05-18,2029-05-17,36,1049,1048,False,1,2029-07-04,2029-07-03,False,1,47,47,True,0,True
CLM-2026-00153,2025-12-02,2026-09-19,2026-09-17,12,291,289,False,2,2026-12-02,2026-12-02,True,0,74,76,False,-2,True
CLM-2026-00364,2025-12-24,2027-01-21,2027-01-16,24,393,388,False,5,2027-12-24,2027-12-24,True,0,337,342,False,-5,True
CLM-2026-01070,2026-07-04,2027-09-16,2027-09-07,24,439,430,False,9,2028-07-04,2028-07-04,True,0,292,301,False,-9,True
CLM-2026-00844,2025-07-31,2026-10-12,2026-10-09,12,438,435,False,3,2026-07-31,2026-08-01,False,-1,-73,-69,False,-4,True
CLM-2026-00516,2025-09-06,2026-02-03,2026-01-31,12,150,147,False,3,2026-09-06,2026-09-07,False,-1,215,219,False,-4,True
CLM-2026-00690,2025-10-01,2026-02-06,2026-02-01,24,128,123,False,5,2027-10-01,2027-10-02,False,-1,602,608,False,-6,True
CLM-2026-00820,2024-07-31,2025-02-01,2025-01-28,12,185,181,False,4,2025-07-31,2025-08-01,False,-1,180,185,False,-5,True
CLM-2026-00795,2024-11-09,2024-11-28,2024-11-26,12,19,17,False,2,2025-11-09,2025-11-10,False,-1,346,349,False,-3,True
CLM-2026-00782,2026-03-04,2026-08-03,2026-07-29,12,152,147,False,5,2027-03-04,2027-03-05,False,-1,213,219,False,-6,True
CLM-2026-01073,2026-06-07,2027-02-21,2027-02-16,12,259,254,False,5,2027-06-07,2027-06-08,False,-1,106,112,False,-6,True
CLM-2026-01091,2026-06-03,2026-09-13,2026-09-11,12,102,100,False,2,2027-06-03,2027-06-04,False,-1,263,266,False,-3,True
CLM-2026-00161,2026-04-14,2026-06-16,2026-06-14,12,63,61,False,2,2027-04-14,2027-04-14,True,0,302,304,False,-2,True
CLM-2026-00642,2025-04-08,2026-07-07,2026-07-01,12,455,449,False,6,2026-04-08,2026-04-09,False,-1,-90,-83,False,-7,True
CLM-2026-00494,2026-07-29,2027-08-25,2027-08-24,24,392,391,False,1,2028-07-29,2028-07-29,True,0,339,340,False,-1,True
CLM-2026-01449,2024-11-03,2026-01-23,2026-01-18,24,446,441,False,5,2026-11-03,2026-11-04,False,-1,284,290,False,-6,True
CLM-2026-00835,2025-11-22,2026-01-20,2026-01-17,24,59,56,False,3,2027-11-22,2027-11-23,False,-1,671,675,False,-4,True
CLM-2026-00373,2026-03-11,2026-05-28,2026-05-25,12,78,75,False,3,2027-03-11,2027-03-11,True,0,287,290,False,-3,True
CLM-2026-00864,2025-03-16,2025-04-28,2025-04-22,24,43,37,False,6,2027-03-16,2027-03-17,False,-1,687,694,False,-7,True
CLM-2026-00366,2026-03-31,2027-02-25,2027-02-24,24,331,330,False,1,2028-03-31,2028-03-30,False,1,400,400,True,0,True
CLM-2026-00202,2026-07-11,2026-11-08,2026-11-03,12,120,115,False,5,2027-07-11,2027-07-12,False,-1,245,251,False,-6,True
CLM-2026-01468,2026-02-17,2026-10-07,2026-10-02,12,232,227,False,5,2027-02-17,2027-02-18,False,-1,133,139,False,-6,True
CLM-2026-01044,2026-01-04,2026-04-27,2026-04-16,12,113,102,False,11,2027-01-04,2027-01-05,False,-1,252,264,False,-12,True
CLM-2026-00949,2025-04-25,2025-09-21,2025-05-26,12,149,31,False,118,2026-04-25,2026-04-26,False,-1,216,335,False,-119,True
CLM-2026-00928,2025-06-17,2025-12-16,2025-12-13,12,182,179,False,3,2026-06-17,2026-06-18,False,-1,183,187,False,-4,True
CLM-2026-00550,2025-03-09,2025-04-20,2025-04-16,36,42,38,False,4,2028-03-09,2028-03-09,True,0,1054,1058,False,-4,True
CLM-2026-01407,2025-01-11,2027-01-14,2027-01-09,24,733,728,False,5,2027-01-11,2027-01-12,False,-1,-3,3,False,-6,True
CLM-2026-00212,2026-04-13,2026-09-20,2026-09-15,12,160,155,False,5,2027-04-13,2027-04-13,True,0,205,210,False,-5,True
CLM-2026-00342,2025-11-18,2027-04-22,2027-04-19,24,520,517,False,3,2027-11-18,2027-11-18,True,0,210,213,False,-3,True
CLM-2026-00439,2026-04-06,2026-09-15,2026-09-10,12,162,157,False,5,2027-04-06,2027-04-07,False,-1,203,209,False,-6,True
CLM-2026-00590,2024-11-09,2025-04-17,2025-01-09,12,159,61,False,98,2025-11-09,2025-11-10,False,-1,206,305,False,-99,True
CLM-2026-00139,2026-03-28,2026-06-19,2026-06-15,12,83,79,False,4,2027-03-28,2027-03-28,True,0,282,286,False,-4,True
CLM-2026-00375,2025-10-06,2027-09-07,2027-09-06,24,701,700,False,1,2027-10-06,2027-10-07,False,-1,29,31,False,-2,True
CLM-2026-01485,2025-03-21,2026-05-15,2026-05-10,24,420,415,False,5,2027-03-21,2027-03-22,False,-1,310,316,False,-6,True
CLM-2026-01384,2026-07-20,2027-05-04,2027-04-22,12,288,276,False,12,2027-07-20,2027-07-21,False,-1,77,90,False,-13,True
CLM-2026-00931,2024-08-03,2024-12-07,2024-12-01,12,126,120,False,6,2025-08-03,2025-08-04,False,-1,239,246,False,-7,True
CLM-2026-00513,2025-02-03,2025-04-08,2025-04-04,12,64,60,False,4,2026-02-03,2026-02-04,False,-1,301,306,False,-5,True
CLM-2026-01401,2026-06-01,2026-12-08,2026-12-04,12,190,186,False,4,2027-06-01,2027-06-02,False,-1,175,180,False,-5,True
CLM-2026-00084,2026-03-24,2026-09-07,2026-09-03,36,167,163,False,4,2029-03-24,2029-03-23,False,1,929,932,False,-3,True
CLM-2026-00181,2025-11-30,2026-04-26,2026-04-22,12,147,143,False,4,2026-11-30,2026-12-01,False,-1,218,223,False,-5,True
CLM-2026-01029,2025-10-05,2025-11-04,2025-11-01,12,30,27,False,3,2026-10-05,2026-10-06,False,-1,335,339,False,-4,True
CLM-2026-01034,2025-07-27,2027-08-02,2027-07-31,24,736,734,False,2,2027-07-27,2027-07-28,False,-1,-6,-3,False,-3,True
CLM-2026-01303,2025-05-25,2026-12-01,2026-11-18,24,555,542,False,13,2027-05-25,2027-05-26,False,-1,175,189,False,-14,True
CLM-2026-00622,2024-11-24,2025-03-11,2025-03-09,12,107,105,False,2,2025-11-24,2025-11-25,False,-1,258,261,False,-3,True
CLM-2026-00003,2026-02-07,2026-03-25,2026-03-24,12,46,45,False,1,2027-02-07,2027-02-07,True,0,319,320,False,-1,True
CLM-2026-01142,2026-05-21,2027-04-09,2027-04-04,12,323,318,False,5,2027-05-21,2027-05-22,False,-1,42,48,False,-6,True
CLM-2026-00479,2025-11-14,2027-03-30,2027-03-27,36,501,498,False,3,2028-11-14,2028-11-14,True,0,595,598,False,-3,True
CLM-2026-00358,2026-04-11,2027-11-12,2027-11-08,24,580,576,False,4,2028-04-11,2028-04-11,True,0,151,155,False,-4,True
CLM-2026-01211,2025-10-19,2026-07-11,2026-07-08,12,265,262,False,3,2026-10-19,2026-10-20,False,-1,100,104,False,-4,True
CLM-2026-01202,2026-07-08,2027-07-17,2027-07-14,12,374,371,False,3,2027-07-08,2027-07-09,False,-1,-9,-5,False,-4,True
CLM-2026-00282,2025-11-28,2026-06-23,2026-06-20,24,207,204,False,3,2027-11-28,2027-11-28,True,0,523,526,False,-3,True
CLM-2026-01397,2025-03-22,2025-07-02,2025-06-30,24,102,100,False,2,2027-03-22,2027-03-23,False,-1,628,631,False,-3,True
CLM-2026-00287,2025-12-15,2028-07-18,2028-07-15,36,946,943,False,3,2028-12-15,2028-12-14,False,1,150,152,False,-2,True
CLM-2026-01332,2025-10-09,2027-07-28,2027-07-26,24,657,655,False,2,2027-10-09,2027-10-10,False,-1,73,76,False,-3,True
CLM-2026-00927,2025-09-04,2025-12-14,2025-12-09,24,101,96,False,5,2027-09-04,2027-09-05,False,-1,629,635,False,-6,True
CLM-2026-00112,2026-05-30,2027-08-09,2027-08-06,24,436,433,False,3,2028-05-30,2028-05-29,False,1,295,297,False,-2,True
CLM-2026-00943,2025-10-27,2026-12-19,2026-12-15,12,418,414,False,4,2026-10-27,2026-10-28,False,-1,-53,-48,False,-5,True
CLM-2026-00170,2026-01-20,2027-06-18,2027-06-15,24,514,511,False,3,2028-01-20,2028-01-21,False,-1,216,220,False,-4,True
CLM-2026-01025,2025-01-28,2026-06-22,2026-06-19,24,510,507,False,3,2027-01-28,2027-01-29,False,-1,220,224,False,-4,True
CLM-2026-00946,2025-01-31,2025-06-04,2025-06-01,12,124,121,False,3,2026-01-31,2026-02-01,False,-1,241,245,False,-4,True
CLM-2026-00258,2026-02-14,2026-09-25,2026-09-26,12,223,224,False,-1,2027-02-14,2027-02-15,False,-1,142,142,True,0,True
CLM-2026-01004,2026-04-16,2027-04-19,2027-04-12,12,368,361,False,7,2027-04-16,2027-04-17,False,-1,-3,5,False,-8,True
CLM-2026-00852,2025-04-15,2025-07-30,2025-07-28,12,106,104,False,2,2026-04-15,2026-04-16,False,-1,259,262,False,-3,True
CLM-2026-01461,2025-02-06,2028-02-09,2028-02-03,36,1098,1092,False,6,2028-02-06,2028-02-07,False,-1,-3,4,False,-7,True
CLM-2026-00962,2024-08-13,2024-10-25,2024-10-19,12,73,67,False,6,2025-08-13,2025-08-14,False,-1,292,299,False,-7,True
CLM-2026-00113,2025-11-09,2026-07-26,2026-07-24,24,259,257,False,2,2027-11-09,2027-11-10,False,-1,471,474,False,-3,True
CLM-2026-00499,2026-06-25,2026-07-13,2026-07-10,12,18,15,False,3,2027-06-25,2027-06-26,False,-1,347,351,False,-4,True
CLM-2026-00508,2024-12-04,2025-05-05,2025-03-09,12,152,95,False,57,2025-12-04,2025-12-05,False,-1,213,271,False,-58,True
CLM-2026-00539,2024-11-22,2025-04-08,2025-01-05,12,137,44,False,93,2025-11-22,2025-11-23,False,-1,228,322,False,-94,True
CLM-2026-00871,2024-10-22,2025-02-24,2025-02-22,12,125,123,False,2,2025-10-22,2025-10-23,False,-1,240,243,False,-3,True
CLM-2026-00130,2025-11-23,2028-06-05,2028-06-02,36,925,922,False,3,2028-11-23,2028-11-22,False,1,171,173,False,-2,True
CLM-2026-00548,2025-12-25,2026-04-20,2026-03-03,12,116,68,False,48,2026-12-25,2026-12-26,False,-1,249,298,False,-49,True
CLM-2026-00776,2025-03-28,2025-07-12,2025-04-18,24,106,21,False,85,2027-03-28,2027-03-29,False,-1,624,710,False,-86,True
CLM-2026-01333,2026-07-18,2026-10-25,2026-10-20,24,99,94,False,5,2028-07-18,2028-07-18,True,0,632,637,False,-5,True
CLM-2026-00185,2026-06-06,2027-05-11,2027-05-07,12,339,335,False,4,2027-06-06,2027-06-07,False,-1,26,31,False,-5,True
CLM-2026-00401,2025-10-31,2027-01-29,2027-01-27,24,455,453,False,2,2027-10-31,2027-11-01,False,-1,275,278,False,-3,True
CLM-2026-01300,2026-01-03,2026-12-18,2026-12-14,12,349,345,False,4,2027-01-03,2027-01-04,False,-1,16,21,False,-5,True
CLM-2026-00784,2024-07-29,2026-02-08,2026-02-06,12,559,557,False,2,2025-07-29,2025-07-30,False,-1,-194,-191,False,-3,True
CLM-2026-01444,2025-12-17,2026-12-21,2026-12-15,12,369,363,False,6,2026-12-17,2026-12-18,False,-1,-4,3,False,-7,True
CLM-2026-00571,2025-10-23,2026-04-05,2025-12-06,36,164,44,False,120,2028-10-23,2028-10-23,True,0,932,1052,False,-120,True
CLM-2026-00730,2025-10-02,2026-12-21,2026-12-17,12,445,441,False,4,2026-10-02,2026-10-03,False,-1,-80,-75,False,-5,True
CLM-2026-01225,2026-03-24,2026-12-22,2026-12-19,12,273,270,False,3,2027-03-24,2027-03-25,False,-1,92,96,False,-4,True
CLM-2026-01257,2026-05-11,2027-05-14,2027-05-01,24,368,355,False,13,2028-05-11,2028-05-11,True,0,363,376,False,-13,True
CLM-2026-00543,2025-02-02,2025-06-28,2025-06-26,12,146,144,False,2,2026-02-02,2026-02-03,False,-1,219,222,False,-3,True
CLM-2026-00769,2025-01-06,2025-02-07,2025-02-05,24,32,30,False,2,2027-01-06,2027-01-07,False,-1,698,701,False,-3,True
CLM-2026-00183,2026-06-12,2026-08-21,2026-08-16,24,70,65,False,5,2028-06-12,2028-06-12,True,0,661,666,False,-5,True
CLM-2026-00602,2025-04-13,2025-09-29,2025-09-25,12,169,165,False,4,2026-04-13,2026-04-14,False,-1,196,201,False,-5,True
CLM-2026-00951,2025-04-05,2025-07-22,2025-07-20,12,108,106,False,2,2026-04-05,2026-04-06,False,-1,257,260,False,-3,True
CLM-2026-01273,2026-03-05,2026-08-10,2026-08-07,12,158,155,False,3,2027-03-05,2027-03-06,False,-1,207,211,False,-4,True
CLM-2026-00203,2026-07-15,2026-12-02,2026-11-30,12,140,138,False,2,2027-07-15,2027-07-15,True,0,225,227,False,-2,True
CLM-2026-00420,2025-11-28,2026-04-30,2026-04-28,12,153,151,False,2,2026-11-28,2026-11-28,True,0,212,214,False,-2,True
CLM-2026-00666,2025-08-31,2025-12-01,2025-11-27,24,92,88,False,4,2027-08-31,2027-09-01,False,-1,638,643,False,-5,True
CLM-2026-00691,2026-02-16,2028-03-29,2028-03-26,24,772,769,False,3,2028-02-16,2028-02-17,False,-1,-42,-38,False,-4,True
CLM-2026-01240,2026-07-22,2028-05-26,2028-05-21,24,674,669,False,5,2028-07-22,2028-07-22,True,0,57,62,False,-5,True
CLM-2026-00422,2026-04-26,2026-09-08,2026-09-03,12,135,130,False,5,2027-04-26,2027-04-27,False,-1,230,236,False,-6,True
CLM-2026-00289,2026-01-12,2026-12-07,2026-12-05,12,329,327,False,2,2027-01-12,2027-01-12,True,0,36,38,False,-2,True
CLM-2026-00465,2025-11-04,2025-12-21,2025-12-18,12,47,44,False,3,2026-11-04,2026-11-05,False,-1,318,322,False,-4,True
CLM-2026-00219,2025-12-09,2026-04-11,2026-04-06,12,123,118,False,5,2026-12-09,2026-12-10,False,-1,242,248,False,-6,True
CLM-2026-00140,2026-06-25,2027-03-29,2027-03-26,12,277,274,False,3,2027-06-25,2027-06-26,False,-1,88,92,False,-4,True
CLM-2026-01170,2026-05-09,2027-05-14,2027-05-06,12,370,362,False,8,2027-05-09,2027-05-10,False,-1,-5,4,False,-9,True
CLM-2026-01419,2026-03-04,2027-05-03,2027-04-24,24,425,416,False,9,2028-03-04,2028-03-04,True,0,306,315,False,-9,True
CLM-2026-01011,2025-09-22,2025-10-30,2025-10-17,12,38,25,False,13,2026-09-22,2026-09-23,False,-1,327,341,False,-14,True
CLM-2026-00319,2025-10-22,2027-01-03,2027-01-02,24,438,437,False,1,2027-10-22,2027-10-22,True,0,292,293,False,-1,True
CLM-2026-00975,2025-07-02,2025-09-29,2025-09-23,24,89,83,False,6,2027-07-02,2027-07-03,False,-1,641,648,False,-7,True
CLM-2026-00046,2025-10-23,2026-07-04,2026-06-30,24,254,250,False,4,2027-10-23,2027-10-24,False,-1,476,481,False,-5,True
CLM-2026-00811,2024-10-17,2025-02-15,2025-02-14,24,121,120,False,1,2026-10-17,2026-10-18,False,-1,609,611,False,-2,True
CLM-2026-00520,2024-12-08,2025-01-18,2025-01-14,24,41,37,False,4,2026-12-08,2026-12-09,False,-1,689,694,False,-5,True
CLM-2026-00601,2025-06-07,2025-11-08,2025-11-06,12,154,152,False,2,2026-06-07,2026-06-08,False,-1,211,214,False,-3,True
CLM-2026-00010,2026-04-12,2029-01-13,2029-01-11,36,1007,1005,False,2,2029-04-12,2029-04-12,True,0,89,91,False,-2,True
CLM-2026-00988,2025-02-08,2025-05-10,2025-05-05,24,91,86,False,5,2027-02-08,2027-02-09,False,-1,639,645,False,-6,True
CLM-2026-00837,2025-05-23,2026-10-17,2026-10-11,12,512,506,False,6,2026-05-23,2026-05-24,False,-1,-147,-140,False,-7,True
CLM-2026-00467,2025-11-02,2026-07-20,2026-07-15,12,260,255,False,5,2026-11-02,2026-11-03,False,-1,105,111,False,-6,True
CLM-2026-00565,2025-03-31,2025-08-22,2025-08-19,12,144,141,False,3,2026-03-31,2026-04-01,False,-1,221,225,False,-4,True
CLM-2026-01007,2026-05-01,2026-11-16,2026-11-14,12,199,197,False,2,2027-05-01,2027-05-02,False,-1,166,169,False,-3,True
CLM-2026-00722,2024-10-25,2025-02-10,2024-11-21,12,108,27,False,81,2025-10-25,2025-10-26,False,-1,257,339,False,-82,True
CLM-2026-00052,2026-05-01,2027-11-17,2027-11-14,24,565,562,False,3,2028-05-01,2028-04-30,False,1,166,168,False,-2,True
CLM-2026-00099,2026-03-29,2026-07-18,2026-07-16,12,111,109,False,2,2027-03-29,2027-03-30,False,-1,254,257,False,-3,True
CLM-2026-00934,2025-12-02,2026-01-05,2025-12-31,12,34,29,False,5,2026-12-02,2026-12-03,False,-1,331,337,False,-6,True
CLM-2026-00165,2026-07-26,2027-06-12,2027-06-09,12,321,318,False,3,2027-07-26,2027-07-26,True,0,44,47,False,-3,True
CLM-2026-00892,2024-09-05,2024-12-16,2024-12-13,24,102,99,False,3,2026-09-05,2026-09-06,False,-1,628,632,False,-4,True
CLM-2026-00743,2025-01-17,2025-04-08,2025-04-04,12,81,77,False,4,2026-01-17,2026-01-18,False,-1,284,289,False,-5,True
CLM-2026-00650,2026-01-19,2026-04-19,2026-03-04,12,90,44,False,46,2027-01-19,2027-01-20,False,-1,275,322,False,-47,True
CLM-2026-00683,2024-10-10,2026-05-22,2026-05-20,12,589,587,False,2,2025-10-10,2025-10-11,False,-1,-224,-221,False,-3,True
CLM-2026-00166,2026-02-21,2026-03-12,2026-03-09,12,19,16,False,3,2027-02-21,2027-02-22,False,-1,346,350,False,-4,True
CLM-2026-00659,2025-02-11,2025-08-06,2025-08-05,24,176,175,False,1,2027-02-11,2027-02-12,False,-1,554,556,False,-2,True
CLM-2026-01059,2025-12-18,2026-03-21,2026-03-19,12,93,91,False,2,2026-12-18,2026-12-19,False,-1,272,275,False,-3,True
CLM-2026-00995,2024-08-22,2024-12-02,2024-09-24,24,102,33,False,69,2026-08-22,2026-08-23,False,-1,628,698,False,-70,True
CLM-2026-00412,2026-05-03,2027-06-30,2027-06-29,36,423,422,False,1,2029-05-03,2029-05-02,False,1,673,673,True,0,True
CLM-2026-00290,2025-12-17,2026-10-07,2026-10-08,12,294,295,False,-1,2026-12-17,2026-12-18,False,-1,71,71,True,0,True
CLM-2026-01213,2025-10-04,2027-06-13,2027-06-09,24,617,613,False,4,2027-10-04,2027-10-05,False,-1,113,118,False,-5,True
CLM-2026-00907,2025-04-17,2025-06-03,2025-05-29,12,47,42,False,5,2026-04-17,2026-04-18,False,-1,318,324,False,-6,True
CLM-2026-00926,2024-12-09,2025-01-18,2025-01-12,12,40,34,False,6,2025-12-09,2025-12-10,False,-1,325,332,False,-7,True
CLM-2026-00032,2026-02-15,2026-09-04,2026-09-03,12,201,200,False,1,2027-02-15,2027-02-16,False,-1,164,166,False,-2,True
CLM-2026-00726,2024-10-18,2027-12-07,2027-12-01,36,1145,1139,False,6,2027-10-18,2027-10-19,False,-1,-50,-43,False,-7,True
CLM-2026-00386,2025-11-18,2026-07-05,2026-07-01,12,229,225,False,4,2026-11-18,2026-11-19,False,-1,136,141,False,-5,True
CLM-2026-01003,2026-04-09,2027-04-17,2027-04-16,12,373,372,False,1,2027-04-09,2027-04-10,False,-1,-8,-6,False,-2,True
CLM-2026-01083,2026-06-18,2027-03-23,2027-03-13,12,278,268,False,10,2027-06-18,2027-06-19,False,-1,87,98,False,-11,True
CLM-2026-01155,2026-07-09,2029-07-13,2029-07-05,36,1100,1092,False,8,2029-07-09,2029-07-09,True,0,-4,4,False,-8,True
CLM-2026-01274,2026-07-02,2026-08-18,2026-08-08,12,47,37,False,10,2027-07-02,2027-07-03,False,-1,318,329,False,-11,True
CLM-2026-01035,2026-02-26,2027-03-05,2027-03-02,12,372,369,False,3,2027-02-26,2027-02-27,False,-1,-7,-3,False,-4,True
CLM-2026-01103,2025-10-08,2026-01-17,2026-01-13,12,101,97,False,4,2026-10-08,2026-10-09,False,-1,264,269,False,-5,True
CLM-2026-00656,2024-12-10,2025-03-09,2025-03-06,12,89,86,False,3,2025-12-10,2025-12-11,False,-1,276,280,False,-4,True
CLM-2026-01272,2026-01-08,2026-09-28,2026-09-24,12,263,259,False,4,2027-01-08,2027-01-09,False,-1,102,107,False,-5,True
CLM-2026-00592,2025-04-05,2025-06-09,2025-06-08,12,65,64,False,1,2026-04-05,2026-04-06,False,-1,300,302,False,-2,True
CLM-2026-01229,2025-10-10,2026-10-13,2026-10-09,12,368,364,False,4,2026-10-10,2026-10-11,False,-1,-3,2,False,-5,True
CLM-2026-00262,2026-06-16,2027-02-16,2027-02-12,12,245,241,False,4,2027-06-16,2027-06-17,False,-1,120,125,False,-5,True
CLM-2026-00821,2026-02-16,2026-08-06,2026-08-01,24,171,166,False,5,2028-02-16,2028-02-17,False,-1,559,565,False,-6,True
CLM-2026-01147,2025-04-29,2026-11-18,2026-11-13,24,568,563,False,5,2027-04-29,2027-04-30,False,-1,162,168,False,-6,True
CLM-2026-00302,2026-08-07,2026-08-27,2026-08-23,12,20,16,False,4,2027-08-07,2027-08-07,True,0,345,349,False,-4,True
CLM-2026-01415,2025-11-09,2026-06-19,2026-06-15,12,222,218,False,4,2026-11-09,2026-11-10,False,-1,143,148,False,-5,True
CLM-2026-00872,2025-08-16,2025-12-31,2025-10-27,24,137,72,False,65,2027-08-16,2027-08-17,False,-1,593,659,False,-66,True
CLM-2026-00333,2026-06-02,2026-09-19,2026-09-15,12,109,105,False,4,2027-06-02,2027-06-02,True,0,256,260,False,-4,True
CLM-2026-01269,2026-01-03,2026-05-16,2026-05-14,24,133,131,False,2,2028-01-03,2028-01-04,False,-1,597,600,False,-3,True
CLM-2026-01191,2026-05-11,2026-09-25,2026-09-20,12,137,132,False,5,2027-05-11,2027-05-12,False,-1,228,234,False,-6,True
CLM-2026-01084,2026-07-18,2027-01-05,2027-01-01,12,171,167,False,4,2027-07-18,2027-07-19,False,-1,194,199,False,-5,True
CLM-2026-00808,2024-10-08,2024-12-31,2024-12-25,12,84,78,False,6,2025-10-08,2025-10-09,False,-1,281,288,False,-7,True
CLM-2026-00209,2026-08-08,2027-06-14,2027-06-13,12,310,309,False,1,2027-08-08,2027-08-08,True,0,55,56,False,-1,True
CLM-2026-00469,2026-07-13,2027-05-16,2027-05-11,24,307,302,False,5,2028-07-13,2028-07-12,False,1,424,428,False,-4,True
CLM-2026-00678,2024-11-26,2026-02-22,2026-02-16,12,453,447,False,6,2025-11-26,2025-11-27,False,-1,-88,-81,False,-7,True
CLM-2026-01107,2026-04-20,2027-02-21,2027-02-07,12,307,293,False,14,2027-04-20,2027-04-21,False,-1,58,73,False,-15,True
CLM-2026-01489,2025-10-29,2026-11-05,2026-11-03,12,372,370,False,2,2026-10-29,2026-10-30,False,-1,-7,-4,False,-3,True
CLM-2026-01136,2025-07-16,2027-06-29,2027-06-27,24,713,711,False,2,2027-07-16,2027-07-17,False,-1,17,20,False,-3,True
CLM-2026-00211,2025-11-22,2026-05-17,2026-05-15,24,176,174,False,2,2027-11-22,2027-11-22,True,0,554,556,False,-2,True
CLM-2026-00062,2026-02-12,2026-12-19,2026-12-14,12,310,305,False,5,2027-02-12,2027-02-12,True,0,55,60,False,-5,True
CLM-2026-00692,2025-09-27,2025-12-02,2025-11-28,24,66,62,False,4,2027-09-27,2027-09-28,False,-1,664,669,False,-5,True
CLM-2026-00895,2025-10-30,2025-12-12,2025-12-10,12,43,41,False,2,2026-10-30,2026-10-31,False,-1,322,325,False,-3,True
CLM-2026-00299,2025-10-11,2027-03-16,2027-03-12,24,521,517,False,4,2027-10-11,2027-10-11,True,0,209,213,False,-4,True
CLM-2026-00969,2025-01-20,2025-06-19,2025-06-15,24,150,146,False,4,2027-01-20,2027-01-21,False,-1,580,585,False,-5,True
CLM-2026-00830,2025-11-14,2026-03-07,2026-03-03,12,113,109,False,4,2026-11-14,2026-11-15,False,-1,252,257,False,-5,True
CLM-2026-01124,2026-02-09,2027-01-12,2026-12-28,12,337,322,False,15,2027-02-09,2027-02-10,False,-1,28,44,False,-16,True
CLM-2026-00684,2025-08-22,2025-12-25,2025-11-07,24,125,77,False,48,2027-08-22,2027-08-23,False,-1,605,654,False,-49,True
CLM-2026-00502,2025-12-03,2026-04-23,2026-04-20,12,141,138,False,3,2026-12-03,2026-12-04,False,-1,224,228,False,-4,True
CLM-2026-00055,2025-11-08,2026-09-17,2026-09-15,12,313,311,False,2,2026-11-08,2026-11-09,False,-1,52,55,False,-3,True
CLM-2026-00819,2026-01-14,2029-07-31,2029-07-28,36,1294,1291,False,3,2029-01-14,2029-01-14,True,0,-198,-195,False,-3,True
CLM-2026-00876,2025-12-31,2029-08-26,2029-08-23,36,1334,1331,False,3,2028-12-31,2028-12-31,True,0,-238,-235,False,-3,True
CLM-2026-00994,2025-04-18,2025-08-16,2025-08-14,12,120,118,False,2,2026-04-18,2026-04-19,False,-1,245,248,False,-3,True
CLM-2026-00586,2024-09-20,2024-10-23,2024-10-20,12,33,30,False,3,2025-09-20,2025-09-21,False,-1,332,336,False,-4,True
CLM-2026-00686,2025-02-06,2025-05-04,2025-04-28,12,87,81,False,6,2026-02-06,2026-02-07,False,-1,278,285,False,-7,True
CLM-2026-01232,2026-02-09,2026-12-16,2026-12-05,12,310,299,False,11,2027-02-09,2027-02-10,False,-1,55,67,False,-12,True
CLM-2026-01413,2026-06-06,2027-05-07,2027-04-21,12,335,319,False,16,2027-06-06,2027-06-07,False,-1,30,47,False,-17,True
CLM-2026-00111,2026-07-08,2026-09-28,2026-09-24,36,82,78,False,4,2029-07-08,2029-07-07,False,1,1014,1017,False,-3,True
CLM-2026-00330,2026-02-25,2027-01-14,2027-01-12,12,323,321,False,2,2027-02-25,2027-02-25,True,0,42,44,False,-2,True
CLM-2026-01071,2026-04-23,2026-05-26,2026-05-24,12,33,31,False,2,2027-04-23,2027-04-24,False,-1,332,335,False,-3,True
CLM-2026-01435,2026-04-12,2027-02-20,2027-02-17,12,314,311,False,3,2027-04-12,2027-04-13,False,-1,51,55,False,-4,True
CLM-2026-01223,2025-03-09,2025-08-30,2025-08-26,24,174,170,False,4,2027-03-09,2027-03-10,False,-1,556,561,False,-5,True
CLM-2026-01463,2026-06-22,2027-01-01,2026-12-27,12,193,188,False,5,2027-06-22,2027-06-23,False,-1,172,178,False,-6,True
CLM-2026-01235,2025-10-17,2026-10-24,2026-10-23,12,372,371,False,1,2026-10-17,2026-10-18,False,-1,-7,-5,False,-2,True
CLM-2026-01341,2026-06-10,2027-01-19,2027-01-17,12,223,221,False,2,2027-06-10,2027-06-11,False,-1,142,145,False,-3,True
CLM-2026-00522,2025-01-02,2025-05-17,2025-05-14,36,135,132,False,3,2028-01-02,2028-01-03,False,-1,960,964,False,-4,True
CLM-2026-01055,2026-03-27,2026-06-09,2026-06-07,12,74,72,False,2,2027-03-27,2027-03-28,False,-1,291,294,False,-3,True
CLM-2026-00128,2025-11-03,2027-03-02,2027-02-28,24,484,482,False,2,2027-11-03,2027-11-03,True,0,246,248,False,-2,True
CLM-2026-01030,2025-01-22,2026-06-11,2026-05-28,24,505,491,False,14,2027-01-22,2027-01-23,False,-1,225,240,False,-15,True
CLM-2026-01391,2024-12-25,2027-01-01,2026-12-29,36,737,734,False,3,2027-12-25,2027-12-26,False,-1,358,362,False,-4,True
CLM-2026-01020,2025-03-14,2025-09-23,2025-09-18,36,193,188,False,5,2028-03-14,2028-03-14,True,0,903,908,False,-5,True
CLM-2026-00748,2025-05-18,2025-10-05,2025-10-01,12,140,136,False,4,2026-05-18,2026-05-19,False,-1,225,230,False,-5,True
CLM-2026-01033,2026-03-26,2026-05-13,2026-05-11,12,48,46,False,2,2027-03-26,2027-03-27,False,-1,317,320,False,-3,True
CLM-2026-00272,2026-05-20,2026-07-16,2026-07-15,12,57,56,False,1,2027-05-20,2027-05-20,True,0,308,309,False,-1,True
CLM-2026-00790,2024-08-08,2024-11-03,2024-10-29,12,87,82,False,5,2025-08-08,2025-08-09,False,-1,278,284,False,-6,True
CLM-2026-00343,2026-01-15,2026-09-04,2026-09-02,12,232,230,False,2,2027-01-15,2027-01-16,False,-1,133,136,False,-3,True
CLM-2026-01429,2025-09-25,2026-06-09,2026-06-07,12,257,255,False,2,2026-09-25,2026-09-26,False,-1,108,111,False,-3,True
CLM-2026-01061,2025-12-29,2027-01-04,2027-01-03,12,371,370,False,1,2026-12-29,2026-12-30,False,-1,-6,-4,False,-2,True
CLM-2026-00264,2026-06-27,2027-08-23,2027-08-18,36,422,417,False,5,2029-06-27,2029-06-26,False,1,674,678,False,-4,True
CLM-2026-01480,2026-07-25,2027-03-30,2027-03-25,12,248,243,False,5,2027-07-25,2027-07-26,False,-1,117,123,False,-6,True
CLM-2026-00763,2024-10-17,2026-01-14,2026-01-08,12,454,448,False,6,2025-10-17,2025-10-18,False,-1,-89,-82,False,-7,True
CLM-2026-00011,2026-02-19,2026-11-12,2026-11-10,24,266,264,False,2,2028-02-19,2028-02-19,True,0,464,466,False,-2,True
CLM-2026-00115,2026-04-09,2026-11-10,2026-11-08,12,215,213,False,2,2027-04-09,2027-04-09,True,0,150,152,False,-2,True
CLM-2026-01181,2026-06-28,2026-08-24,2026-08-19,12,57,52,False,5,2027-06-28,2027-06-29,False,-1,308,314,False,-6,True
CLM-2026-01417,2026-06-05,2027-04-14,2027-04-11,12,313,310,False,3,2027-06-05,2027-06-06,False,-1,52,56,False,-4,True
CLM-2026-01455,2026-02-03,2026-07-27,2026-07-25,12,174,172,False,2,2027-02-03,2027-02-04,False,-1,191,194,False,-3,True
CLM-2026-00993,2025-07-14,2025-11-20,2025-11-19,36,129,128,False,1,2028-07-14,2028-07-14,True,0,967,968,False,-1,True
CLM-2026-00741,2024-08-25,2026-11-29,2026-11-27,24,826,824,False,2,2026-08-25,2026-08-26,False,-1,-96,-93,False,-3,True
CLM-2026-00408,2026-06-24,2028-02-18,2028-02-17,24,604,603,False,1,2028-06-24,2028-06-24,True,0,127,128,False,-1,True
CLM-2026-01105,2026-05-24,2026-10-26,2026-10-15,12,155,144,False,11,2027-05-24,2027-05-25,False,-1,210,222,False,-12,True
CLM-2026-00518,2025-06-22,2025-09-23,2025-08-06,12,93,45,False,48,2026-06-22,2026-06-23,False,-1,272,321,False,-49,True
CLM-2026-00131,2026-04-28,2027-04-29,2027-04-30,24,366,367,False,-1,2028-04-28,2028-04-28,True,0,365,364,False,1,True
CLM-2026-00967,2025-12-11,2026-01-20,2026-01-19,12,40,39,False,1,2026-12-11,2026-12-12,False,-1,325,327,False,-2,True
CLM-2026-01046,2026-05-06,2027-05-13,2027-05-12,12,372,371,False,1,2027-05-06,2027-05-07,False,-1,-7,-5,False,-2,True
CLM-2026-01389,2025-08-24,2027-06-17,2027-06-14,24,662,659,False,3,2027-08-24,2027-08-25,False,-1,68,72,False,-4,True
CLM-2026-00472,2026-01-18,2026-02-08,2026-02-07,24,21,20,False,1,2028-01-18,2028-01-19,False,-1,709,711,False,-2,True
CLM-2026-00253,2026-02-08,2026-08-27,2026-08-26,12,200,199,False,1,2027-02-08,2027-02-09,False,-1,165,167,False,-2,True
CLM-2026-00459,2026-06-27,2028-05-07,2028-05-03,24,680,676,False,4,2028-06-27,2028-06-27,True,0,51,55,False,-4,True
CLM-2026-00042,2026-01-14,2027-11-14,2027-11-13,36,669,668,False,1,2029-01-14,2029-01-14,True,0,427,428,False,-1,True
CLM-2026-00854,2024-12-27,2025-05-25,2025-04-01,12,149,95,False,54,2025-12-27,2025-12-28,False,-1,216,271,False,-55,True
CLM-2026-01454,2026-02-10,2027-02-14,2027-02-08,12,369,363,False,6,2027-02-10,2027-02-11,False,-1,-4,3,False,-7,True
CLM-2026-00323,2026-02-28,2026-07-30,2026-07-25,12,152,147,False,5,2027-02-28,2027-03-01,False,-1,213,219,False,-6,True
CLM-2026-00534,2025-03-01,2025-06-23,2025-06-20,12,114,111,False,3,2026-03-01,2026-03-02,False,-1,251,255,False,-4,True
CLM-2026-00532,2025-05-01,2025-09-24,2025-09-20,12,146,142,False,4,2026-05-01,2026-05-02,False,-1,219,224,False,-5,True
CLM-2026-00477,2026-04-15,2026-10-18,2026-10-14,12,186,182,False,4,2027-04-15,2027-04-15,True,0,179,183,False,-4,True
CLM-2026-00896,2025-11-16,2026-02-22,2025-12-13,24,98,27,False,71,2027-11-16,2027-11-17,False,-1,632,704,False,-72,True
CLM-2026-01180,2025-06-14,2026-06-16,2026-05-31,24,367,351,False,16,2027-06-14,2027-06-15,False,-1,363,380,False,-17,True
CLM-2026-00829,2025-10-25,2027-02-25,2027-02-19,12,488,482,False,6,2026-10-25,2026-10-26,False,-1,-123,-116,False,-7,True
CLM-2026-01163,2025-12-23,2026-03-01,2026-02-25,12,68,64,False,4,2026-12-23,2026-12-24,False,-1,297,302,False,-5,True
CLM-2026-01263,2025-12-14,2026-03-08,2026-03-05,24,84,81,False,3,2027-12-14,2027-12-15,False,-1,646,650,False,-4,True
CLM-2026-00563,2025-07-14,2027-01-24,2027-01-23,12,559,558,False,1,2026-07-14,2026-07-15,False,-1,-194,-192,False,-2,True
CLM-2026-00431,2026-05-13,2026-07-31,2026-07-26,12,79,74,False,5,2027-05-13,2027-05-14,False,-1,286,292,False,-6,True
CLM-2026-00818,2025-11-11,2028-02-27,2028-02-22,24,838,833,False,5,2027-11-11,2027-11-12,False,-1,-108,-102,False,-6,True
CLM-2026-00582,2025-11-25,2026-03-31,2026-03-27,12,126,122,False,4,2026-11-25,2026-11-26,False,-1,239,244,False,-5,True
CLM-2026-00195,2026-03-22,2026-12-18,2026-12-16,12,271,269,False,2,2027-03-22,2027-03-22,True,0,94,96,False,-2,True
CLM-2026-00902,2025-06-14,2025-11-20,2025-11-18,12,159,157,False,2,2026-06-14,2026-06-15,False,-1,206,209,False,-3,True
CLM-2026-01372,2026-04-18,2026-06-10,2026-06-06,12,53,49,False,4,2027-04-18,2027-04-19,False,-1,312,317,False,-5,True
CLM-2026-01342,2026-02-02,2028-02-07,2028-02-02,24,735,730,False,5,2028-02-02,2028-02-03,False,-1,-5,1,False,-6,True
CLM-2026-00612,2025-05-09,2025-10-30,2025-10-29,12,174,173,False,1,2026-05-09,2026-05-10,False,-1,191,193,False,-2,True
CLM-2026-00879,2025-09-14,2025-10-14,2025-10-11,24,30,27,False,3,2027-09-14,2027-09-15,False,-1,700,704,False,-4,True
CLM-2026-00519,2025-03-18,2026-09-07,2026-09-01,12,538,532,False,6,2026-03-18,2026-03-19,False,-1,-173,-166,False,-7,True
CLM-2026-00849,2025-11-27,2026-04-16,2026-01-25,12,140,59,False,81,2026-11-27,2026-11-28,False,-1,225,307,False,-82,True
CLM-2026-01199,2026-02-12,2027-02-17,2027-02-14,12,370,367,False,3,2027-02-12,2027-02-13,False,-1,-5,-1,False,-4,True
CLM-2026-00237,2026-05-29,2026-12-01,2026-11-27,12,186,182,False,4,2027-05-29,2027-05-29,True,0,179,183,False,-4,True
CLM-2026-00841,2025-08-31,2025-10-31,2025-10-25,12,61,55,False,6,2026-08-31,2026-09-01,False,-1,304,311,False,-7,True
CLM-2026-01411,2026-02-12,2027-02-17,2027-02-08,12,370,361,False,9,2027-02-12,2027-02-13,False,-1,-5,5,False,-10,True
CLM-2026-01128,2025-09-23,2025-10-20,2025-10-18,12,27,25,False,2,2026-09-23,2026-09-24,False,-1,338,341,False,-3,True
CLM-2026-00695,2026-02-13,2026-05-28,2026-05-26,24,104,102,False,2,2028-02-13,2028-02-14,False,-1,626,629,False,-3,True
CLM-2026-01400,2024-12-08,2026-09-14,2026-09-12,24,645,643,False,2,2026-12-08,2026-12-09,False,-1,85,88,False,-3,True
CLM-2026-00474,2026-05-21,2027-02-03,2027-01-31,12,258,255,False,3,2027-05-21,2027-05-21,True,0,107,110,False,-3,True
CLM-2026-00908,2024-11-26,2026-02-07,2026-02-06,12,438,437,False,1,2025-11-26,2025-11-27,False,-1,-73,-71,False,-2,True
CLM-2026-00327,2025-11-10,2026-05-28,2026-05-26,24,199,197,False,2,2027-11-10,2027-11-11,False,-1,531,534,False,-3,True
CLM-2026-00019,2026-05-24,2026-08-27,2026-08-25,12,95,93,False,2,2027-05-24,2027-05-24,True,0,270,272,False,-2,True
CLM-2026-00558,2025-12-13,2026-06-12,2026-06-08,36,181,177,False,4,2028-12-13,2028-12-13,True,0,915,919,False,-4,True
CLM-2026-00617,2024-10-15,2025-03-19,2025-01-12,12,155,89,False,66,2025-10-15,2025-10-16,False,-1,210,277,False,-67,True
CLM-2026-01065,2025-11-18,2026-04-18,2026-04-15,12,151,148,False,3,2026-11-18,2026-11-19,False,-1,214,218,False,-4,True
CLM-2026-01288,2026-01-15,2026-07-15,2026-07-13,12,181,179,False,2,2027-01-15,2027-01-16,False,-1,184,187,False,-3,True
CLM-2026-01238,2026-04-12,2026-11-04,2026-10-31,12,206,202,False,4,2027-04-12,2027-04-13,False,-1,159,164,False,-5,True
CLM-2026-01339,2026-04-12,2027-02-10,2027-02-06,12,304,300,False,4,2027-04-12,2027-04-13,False,-1,61,66,False,-5,True
CLM-2026-00335,2026-04-01,2027-11-28,2027-11-27,24,606,605,False,1,2028-04-01,2028-03-31,False,1,125,125,True,0,True
CLM-2026-00860,2025-10-12,2026-11-25,2026-11-19,12,409,403,False,6,2026-10-12,2026-10-13,False,-1,-44,-37,False,-7,True
CLM-2026-01008,2026-07-04,2028-01-31,2028-01-20,36,576,565,False,11,2029-07-04,2029-07-04,True,0,520,531,False,-11,True
CLM-2026-01006,2025-01-27,2025-11-05,2025-10-22,24,282,268,False,14,2027-01-27,2027-01-28,False,-1,448,463,False,-15,True
CLM-2026-00920,2025-08-17,2025-09-14,2025-09-10,12,28,24,False,4,2026-08-17,2026-08-18,False,-1,337,342,False,-5,True
CLM-2026-00836,2025-04-05,2026-10-08,2026-10-02,12,551,545,False,6,2026-04-05,2026-04-06,False,-1,-186,-179,False,-7,True
CLM-2026-00600,2024-10-24,2027-04-19,2027-04-16,24,907,904,False,3,2026-10-24,2026-10-25,False,-1,-177,-173,False,-4,True
CLM-2026-01488,2026-06-15,2027-02-05,2027-02-03,12,235,233,False,2,2027-06-15,2027-06-16,False,-1,130,133,False,-3,True
CLM-2026-00525,2025-04-13,2026-11-14,2026-11-10,12,580,576,False,4,2026-04-13,2026-04-14,False,-1,-215,-210,False,-5,True
CLM-2026-00635,2025-06-20,2025-10-14,2025-08-27,24,116,68,False,48,2027-06-20,2027-06-21,False,-1,614,663,False,-49,True
CLM-2026-00280,2025-10-31,2026-06-16,2026-06-11,24,228,223,False,5,2027-10-31,2027-10-31,True,0,502,507,False,-5,True
CLM-2026-01308,2025-12-10,2028-12-11,2028-12-09,36,1097,1095,False,2,2028-12-10,2028-12-10,True,0,-1,1,False,-2,True
CLM-2026-01410,2025-11-27,2027-08-14,2027-08-10,24,625,621,False,4,2027-11-27,2027-11-28,False,-1,105,110,False,-5,True
CLM-2026-00630,2024-09-20,2024-10-23,2024-10-21,24,33,31,False,2,2026-09-20,2026-09-21,False,-1,697,700,False,-3,True
CLM-2026-00733,2024-07-21,2024-09-09,2024-09-04,12,50,45,False,5,2025-07-21,2025-07-22,False,-1,315,321,False,-6,True
CLM-2026-00266,2026-03-05,2027-06-23,2027-06-18,24,475,470,False,5,2028-03-05,2028-03-05,True,0,256,261,False,-5,True
CLM-2026-00566,2026-02-04,2026-04-08,2026-04-04,12,63,59,False,4,2027-02-04,2027-02-05,False,-1,302,307,False,-5,True
CLM-2026-01049,2026-04-26,2027-03-25,2027-03-23,12,333,331,False,2,2027-04-26,2027-04-27,False,-1,32,35,False,-3,True
CLM-2026-01493,2025-12-27,2027-01-03,2026-12-30,12,372,368,False,4,2026-12-27,2026-12-28,False,-1,-7,-2,False,-5,True
CLM-2026-01168,2026-03-10,2026-09-30,2026-09-28,24,204,202,False,2,2028-03-10,2028-03-10,True,0,527,529,False,-2,True
CLM-2026-01224,2026-07-14,2026-09-30,2026-09-19,12,78,67,False,11,2027-07-14,2027-07-15,False,-1,287,299,False,-12,True
CLM-2026-01271,2025-10-14,2026-02-26,2026-02-23,24,135,132,False,3,2027-10-14,2027-10-15,False,-1,595,599,False,-4,True
CLM-2026-00129,2026-01-09,2026-07-27,2026-07-22,12,199,194,False,5,2027-01-09,2027-01-09,True,0,166,171,False,-5,True
CLM-2026-00680,2026-02-27,2026-06-30,2026-06-29,12,123,122,False,1,2027-02-27,2027-02-28,False,-1,242,244,False,-2,True
CLM-2026-00785,2025-08-15,2025-12-03,2025-09-23,36,110,39,False,71,2028-08-15,2028-08-15,True,0,986,1057,False,-71,True
CLM-2026-01209,2026-02-20,2026-09-18,2026-09-16,12,210,208,False,2,2027-02-20,2027-02-21,False,-1,155,158,False,-3,True
CLM-2026-00718,2025-09-21,2025-10-13,2025-10-12,24,22,21,False,1,2027-09-21,2027-09-22,False,-1,708,710,False,-2,True
CLM-2026-00963,2025-10-04,2025-12-05,2025-11-30,24,62,57,False,5,2027-10-04,2027-10-05,False,-1,668,674,False,-6,True
CLM-2026-00217,2026-03-24,2027-11-22,2027-11-17,24,608,603,False,5,2028-03-24,2028-03-24,True,0,123,128,False,-5,True
CLM-2026-00230,2026-01-12,2026-10-19,2026-10-14,12,280,275,False,5,2027-01-12,2027-01-13,False,-1,85,91,False,-6,True
CLM-2026-01228,2026-06-12,2027-01-28,2027-01-23,12,230,225,False,5,2027-06-12,2027-06-13,False,-1,135,141,False,-6,True
CLM-2026-00413,2026-08-10,2027-04-16,2027-04-12,24,249,245,False,4,2028-08-10,2028-08-09,False,1,482,485,False,-3,True
CLM-2026-00850,2025-02-27,2025-04-29,2025-04-26,12,61,58,False,3,2026-02-27,2026-02-28,False,-1,304,308,False,-4,True
CLM-2026-00796,2024-09-12,2025-03-13,2024-12-16,12,182,95,False,87,2025-09-12,2025-09-13,False,-1,183,271,False,-88,True
CLM-2026-01242,2026-06-25,2027-04-18,2027-04-16,24,297,295,False,2,2028-06-25,2028-06-25,True,0,434,436,False,-2,True
CLM-2026-01355,2025-11-23,2027-10-07,2027-10-02,36,683,678,False,5,2028-11-23,2028-11-23,True,0,413,418,False,-5,True
CLM-2026-01021,2025-12-15,2026-06-02,2026-05-31,12,169,167,False,2,2026-12-15,2026-12-16,False,-1,196,199,False,-3,True
CLM-2026-01326,2026-01-18,2026-10-17,2026-10-14,12,272,269,False,3,2027-01-18,2027-01-19,False,-1,93,97,False,-4,True
CLM-2026-00213,2025-12-31,2026-07-16,2026-07-14,12,197,195,False,2,2026-12-31,2027-01-01,False,-1,168,171,False,-3,True
CLM-2026-00098,2026-01-13,2026-02-26,2026-02-24,12,44,42,False,2,2027-01-13,2027-01-14,False,-1,321,324,False,-3,True
CLM-2026-00817,2025-07-29,2025-11-12,2025-11-09,12,106,103,False,3,2026-07-29,2026-07-30,False,-1,259,263,False,-4,True
CLM-2026-01220,2025-07-27,2026-11-18,2026-11-02,24,479,463,False,16,2027-07-27,2027-07-28,False,-1,251,268,False,-17,True
CLM-2026-00764,2025-08-06,2025-10-10,2025-10-04,24,65,59,False,6,2027-08-06,2027-08-07,False,-1,665,672,False,-7,True
CLM-2026-01171,2026-07-13,2026-08-02,2026-07-30,12,20,17,False,3,2027-07-13,2027-07-14,False,-1,345,349,False,-4,True
CLM-2026-00066,2025-11-12,2026-08-10,2026-08-05,12,271,266,False,5,2026-11-12,2026-11-12,True,0,94,99,False,-5,True
CLM-2026-00383,2026-06-20,2027-03-17,2027-03-16,12,270,269,False,1,2027-06-20,2027-06-20,True,0,95,96,False,-1,True
CLM-2026-00564,2026-01-23,2026-06-12,2026-03-15,12,140,51,False,89,2027-01-23,2027-01-24,False,-1,225,315,False,-90,True
CLM-2026-00044,2025-11-02,2027-06-04,2027-05-31,24,579,575,False,4,2027-11-02,2027-11-02,True,0,151,155,False,-4,True
CLM-2026-00614,2025-01-23,2025-06-04,2025-06-03,12,132,131,False,1,2026-01-23,2026-01-24,False,-1,233,235,False,-2,True
CLM-2026-01362,2026-05-28,2028-05-31,2028-05-27,24,734,730,False,4,2028-05-28,2028-05-28,True,0,-3,1,False,-4,True
CLM-2026-00781,2025-06-29,2025-10-15,2025-10-13,12,108,106,False,2,2026-06-29,2026-06-30,False,-1,257,260,False,-3,True
CLM-2026-01386,2025-11-17,2026-09-17,2026-09-13,12,304,300,False,4,2026-11-17,2026-11-18,False,-1,61,66,False,-5,True
CLM-2026-01385,2025-12-01,2028-06-09,2028-06-06,36,921,918,False,3,2028-12-01,2028-12-01,True,0,175,178,False,-3,True
CLM-2026-01116,2025-12-20,2026-04-20,2026-04-15,12,121,116,False,5,2026-12-20,2026-12-21,False,-1,244,250,False,-6,True
CLM-2026-00953,2025-10-21,2026-04-11,2026-04-10,24,172,171,False,1,2027-10-21,2027-10-22,False,-1,558,560,False,-2,True
CLM-2026-01486,2025-10-15,2026-02-17,2026-02-04,12,125,112,False,13,2026-10-15,2026-10-16,False,-1,240,254,False,-14,True
CLM-2026-00966,2024-11-10,2025-04-20,2025-01-16,12,161,67,False,94,2025-11-10,2025-11-11,False,-1,204,299,False,-95,True
CLM-2026-00143,2025-10-12,2027-04-10,2027-04-06,24,545,541,False,4,2027-10-12,2027-10-12,True,0,185,189,False,-4,True
CLM-2026-01360,2025-10-29,2026-12-06,2026-12-02,24,403,399,False,4,2027-10-29,2027-10-30,False,-1,327,332,False,-5,True
CLM-2026-01266,2026-05-18,2026-08-11,2026-08-09,12,85,83,False,2,2027-05-18,2027-05-19,False,-1,280,283,False,-3,True
CLM-2026-00973,2025-03-08,2025-09-10,2025-06-09,24,186,93,False,93,2027-03-08,2027-03-09,False,-1,544,638,False,-94,True
CLM-2026-00395,2026-06-29,2027-05-26,2027-05-21,12,331,326,False,5,2027-06-29,2027-06-29,True,0,34,39,False,-5,True
CLM-2026-01019,2025-12-02,2026-12-10,2026-12-08,12,373,371,False,2,2026-12-02,2026-12-03,False,-1,-8,-5,False,-3,True
CLM-2026-00411,2025-12-31,2026-06-24,2026-06-19,12,175,170,False,5,2026-12-31,2027-01-01,False,-1,190,196,False,-6,True
CLM-2026-00616,2025-07-26,2026-08-31,2026-08-25,12,401,395,False,6,2026-07-26,2026-07-27,False,-1,-36,-29,False,-7,True
CLM-2026-00072,2026-05-27,2026-07-23,2026-07-18,12,57,52,False,5,2027-05-27,2027-05-28,False,-1,308,314,False,-6,True
CLM-2026-01149,2025-09-02,2026-06-15,2026-06-11,24,286,282,False,4,2027-09-02,2027-09-03,False,-1,444,449,False,-5,True
CLM-2026-01014,2026-07-18,2027-05-06,2027-05-01,12,292,287,False,5,2027-07-18,2027-07-19,False,-1,73,79,False,-6,True
CLM-2026-01329,2025-01-09,2025-01-30,2025-01-28,24,21,19,False,2,2027-01-09,2027-01-10,False,-1,709,712,False,-3,True
CLM-2026-01234,2026-03-01,2026-05-20,2026-05-17,12,80,77,False,3,2027-03-01,2027-03-02,False,-1,285,289,False,-4,True
CLM-2026-01197,2025-12-11,2026-09-07,2026-09-02,12,270,265,False,5,2026-12-11,2026-12-12,False,-1,95,101,False,-6,True
CLM-2026-01351,2026-01-15,2026-09-15,2026-09-10,12,243,238,False,5,2027-01-15,2027-01-16,False,-1,122,128,False,-6,True
CLM-2026-00882,2024-07-23,2025-01-20,2025-01-16,24,181,177,False,4,2026-07-23,2026-07-24,False,-1,549,554,False,-5,True
CLM-2026-00762,2025-02-02,2025-03-20,2025-03-17,24,46,43,False,3,2027-02-02,2027-02-03,False,-1,684,688,False,-4,True
CLM-2026-01177,2026-03-05,2027-05-30,2027-05-14,36,451,435,False,16,2029-03-05,2029-03-05,True,0,645,661,False,-16,True
CLM-2026-01500,2025-05-06,2025-11-07,2025-11-02,24,185,180,False,5,2027-05-06,2027-05-07,False,-1,545,551,False,-6,True
CLM-2026-00847,2025-04-19,2025-06-29,2025-06-24,24,71,66,False,5,2027-04-19,2027-04-20,False,-1,659,665,False,-6,True
CLM-2026-00727,2025-01-21,2025-05-13,2025-05-09,12,112,108,False,4,2026-01-21,2026-01-22,False,-1,253,258,False,-5,True
CLM-2026-01350,2025-11-29,2026-06-03,2026-06-01,12,186,184,False,2,2026-11-29,2026-11-30,False,-1,179,182,False,-3,True
CLM-2026-00339,2026-04-26,2026-06-19,2026-06-15,12,54,50,False,4,2027-04-26,2027-04-26,True,0,311,315,False,-4,True
CLM-2026-00393,2026-01-10,2027-09-02,2027-08-30,24,600,597,False,3,2028-01-10,2028-01-11,False,-1,130,134,False,-4,True
CLM-2026-01079,2026-05-29,2026-11-16,2026-11-13,12,171,168,False,3,2027-05-29,2027-05-30,False,-1,194,198,False,-4,True
CLM-2026-00106,2026-03-13,2027-12-15,2027-12-13,24,642,640,False,2,2028-03-13,2028-03-13,True,0,89,91,False,-2,True
CLM-2026-00423,2025-10-30,2026-05-21,2026-05-19,12,203,201,False,2,2026-10-30,2026-10-30,True,0,162,164,False,-2,True
CLM-2026-00137,2026-02-05,2027-05-17,2027-05-12,24,466,461,False,5,2028-02-05,2028-02-05,True,0,264,269,False,-5,True
CLM-2026-00371,2026-04-27,2028-07-14,2028-07-10,36,809,805,False,4,2029-04-27,2029-04-26,False,1,287,290,False,-3,True
CLM-2026-01094,2025-04-29,2026-01-19,2026-01-17,24,265,263,False,2,2027-04-29,2027-04-30,False,-1,465,468,False,-3,True
CLM-2026-01162,2025-09-13,2027-09-18,2027-09-15,24,735,732,False,3,2027-09-13,2027-09-14,False,-1,-5,-1,False,-4,True
CLM-2026-01104,2026-03-11,2026-06-08,2026-06-06,12,89,87,False,2,2027-03-11,2027-03-12,False,-1,276,279,False,-3,True
CLM-2026-00029,2025-12-18,2026-01-25,2026-01-22,12,38,35,False,3,2026-12-18,2026-12-18,True,0,327,330,False,-3,True
CLM-2026-00141,2026-01-20,2026-09-08,2026-09-06,12,231,229,False,2,2027-01-20,2027-01-20,True,0,134,136,False,-2,True
CLM-2026-00986,2025-12-06,2027-07-05,2027-07-03,12,576,574,False,2,2026-12-06,2026-12-07,False,-1,-211,-208,False,-3,True
CLM-2026-00668,2026-01-10,2026-06-04,2026-04-02,12,145,82,False,63,2027-01-10,2027-01-11,False,-1,220,284,False,-64,True
CLM-2026-01457,2025-10-16,2027-10-22,2027-10-18,24,736,732,False,4,2027-10-16,2027-10-17,False,-1,-6,-1,False,-5,True
CLM-2026-00329,2025-10-26,2026-10-19,2026-10-18,24,358,357,False,1,2027-10-26,2027-10-27,False,-1,372,374,False,-2,True
CLM-2026-00833,2025-07-15,2026-01-02,2025-12-29,24,171,167,False,4,2027-07-15,2027-07-16,False,-1,559,564,False,-5,True
CLM-2026-00061,2026-07-08,2026-08-31,2026-08-30,12,54,53,False,1,2027-07-08,2027-07-08,True,0,311,312,False,-1,True
CLM-2026-00780,2026-01-15,2026-04-11,2026-02-13,12,86,29,False,57,2027-01-15,2027-01-16,False,-1,279,337,False,-58,True
CLM-2026-00985,2025-03-19,2025-06-13,2025-06-07,12,86,80,False,6,2026-03-19,2026-03-20,False,-1,279,286,False,-7,True
CLM-2026-00517,2024-12-03,2025-03-11,2025-03-10,12,98,97,False,1,2025-12-03,2025-12-04,False,-1,267,269,False,-2,True
CLM-2026-01307,2026-04-06,2026-06-03,2026-05-31,24,58,55,False,3,2028-04-06,2028-04-06,True,0,673,676,False,-3,True
CLM-2026-01095,2025-04-10,2027-04-12,2027-04-06,24,732,726,False,6,2027-04-10,2027-04-11,False,-1,-2,5,False,-7,True
CLM-2026-01126,2025-10-05,2026-10-08,2026-10-01,12,368,361,False,7,2026-10-05,2026-10-06,False,-1,-3,5,False,-8,True
CLM-2026-00274,2025-12-11,2027-02-18,2027-02-14,24,434,430,False,4,2027-12-11,2027-12-12,False,-1,296,301,False,-5,True
CLM-2026-00964,2025-01-19,2025-04-01,2025-03-27,36,72,67,False,5,2028-01-19,2028-01-20,False,-1,1023,1029,False,-6,True
CLM-2026-01164,2026-01-21,2026-03-31,2026-03-27,12,69,65,False,4,2027-01-21,2027-01-22,False,-1,296,301,False,-5,True
CLM-2026-00883,2025-07-04,2025-11-09,2025-11-06,12,128,125,False,3,2026-07-04,2026-07-05,False,-1,237,241,False,-4,True
CLM-2026-01256,2026-01-27,2026-07-22,2026-07-20,12,176,174,False,2,2027-01-27,2027-01-28,False,-1,189,192,False,-3,True
CLM-2026-00573,2025-09-21,2025-12-25,2025-12-21,12,95,91,False,4,2026-09-21,2026-09-22,False,-1,270,275,False,-5,True
CLM-2026-01160,2025-10-21,2027-07-06,2027-07-03,24,623,620,False,3,2027-10-21,2027-10-22,False,-1,107,111,False,-4,True
CLM-2026-01390,2026-05-28,2027-01-20,2027-01-16,12,237,233,False,4,2027-05-28,2027-05-29,False,-1,128,133,False,-5,True
CLM-2026-01097,2026-05-02,2027-02-23,2027-02-21,12,297,295,False,2,2027-05-02,2027-05-03,False,-1,68,71,False,-3,True
CLM-2026-00254,2025-10-30,2026-01-08,2026-01-03,12,70,65,False,5,2026-10-30,2026-10-31,False,-1,295,301,False,-6,True
CLM-2026-00208,2025-11-09,2025-12-25,2025-12-26,12,46,47,False,-1,2026-11-09,2026-11-10,False,-1,319,319,True,0,True
CLM-2026-00997,2025-05-08,2025-10-14,2025-10-11,12,159,156,False,3,2026-05-08,2026-05-09,False,-1,206,210,False,-4,True
CLM-2026-00402,2025-12-11,2026-01-01,2025-12-30,24,21,19,False,2,2027-12-11,2027-12-11,True,0,709,711,False,-2,True
CLM-2026-01462,2025-12-12,2027-02-24,2027-02-10,24,439,425,False,14,2027-12-12,2027-12-13,False,-1,291,306,False,-15,True
CLM-2026-00640,2024-07-30,2026-02-03,2026-01-28,12,553,547,False,6,2025-07-30,2025-07-31,False,-1,-188,-181,False,-7,True
CLM-2026-00446,2026-05-05,2026-12-10,2026-12-11,12,219,220,False,-1,2027-05-05,2027-05-06,False,-1,146,146,True,0,True
CLM-2026-01367,2026-03-20,2026-10-05,2026-10-03,12,199,197,False,2,2027-03-20,2027-03-21,False,-1,166,169,False,-3,True
CLM-2026-01270,2026-07-16,2026-10-30,2026-10-25,12,106,101,False,5,2027-07-16,2027-07-17,False,-1,259,265,False,-6,True
CLM-2026-00261,2026-07-30,2026-11-07,2026-11-04,12,100,97,False,3,2027-07-30,2027-07-31,False,-1,265,269,False,-4,True
CLM-2026-00101,2026-04-09,2027-01-17,2027-01-15,12,283,281,False,2,2027-04-09,2027-04-09,True,0,82,84,False,-2,True
CLM-2026-00033,2025-10-12,2027-08-16,2027-08-14,36,673,671,False,2,2028-10-12,2028-10-12,True,0,423,425,False,-2,True
CLM-2026-00958,2025-11-07,2025-12-04,2025-11-29,12,27,22,False,5,2026-11-07,2026-11-08,False,-1,338,344,False,-6,True
CLM-2026-00856,2025-06-30,2025-12-06,2025-12-02,24,159,155,False,4,2027-06-30,2027-07-01,False,-1,571,576,False,-5,True
CLM-2026-01460,2025-11-02,2026-06-28,2026-06-14,12,238,224,False,14,2026-11-02,2026-11-03,False,-1,127,142,False,-15,True
CLM-2026-01154,2026-05-14,2027-05-18,2027-05-12,12,369,363,False,6,2027-05-14,2027-05-15,False,-1,-4,3,False,-7,True
CLM-2026-01237,2025-04-06,2026-11-02,2026-10-29,24,575,571,False,4,2027-04-06,2027-04-07,False,-1,155,160,False,-5,True
CLM-2026-00425,2025-11-01,2025-12-18,2025-12-13,24,47,42,False,5,2027-11-01,2027-11-01,True,0,683,688,False,-5,True
CLM-2026-00838,2025-02-03,2025-03-07,2025-03-02,12,32,27,False,5,2026-02-03,2026-02-04,False,-1,333,339,False,-6,True
CLM-2026-00445,2026-05-16,2026-12-05,2026-12-03,12,203,201,False,2,2027-05-16,2027-05-16,True,0,162,164,False,-2,True
CLM-2026-00773,2025-07-07,2028-02-24,2028-02-17,24,962,955,False,7,2027-07-07,2027-07-08,False,-1,-232,-224,False,-8,True
CLM-2026-01068,2025-10-20,2026-01-03,2025-12-31,12,75,72,False,3,2026-10-20,2026-10-21,False,-1,290,294,False,-4,True
CLM-2026-00824,2026-02-22,2026-07-15,2026-07-11,12,143,139,False,4,2027-02-22,2027-02-23,False,-1,222,227,False,-5,True
CLM-2026-00399,2025-10-15,2026-07-09,2026-07-04,24,267,262,False,5,2027-10-15,2027-10-15,True,0,463,468,False,-5,True
CLM-2026-00160,2025-11-06,2026-12-15,2026-12-12,24,404,401,False,3,2027-11-06,2027-11-06,True,0,326,329,False,-3,True
CLM-2026-00921,2025-05-13,2025-10-16,2025-06-21,12,156,39,False,117,2026-05-13,2026-05-14,False,-1,209,327,False,-118,True
CLM-2026-00959,2025-11-05,2026-03-02,2026-02-25,12,117,112,False,5,2026-11-05,2026-11-06,False,-1,248,254,False,-6,True
CLM-2026-00702,2026-02-25,2026-08-13,2026-08-10,12,169,166,False,3,2027-02-25,2027-02-26,False,-1,196,200,False,-4,True
CLM-2026-00641,2024-07-29,2024-11-15,2024-11-10,12,109,104,False,5,2025-07-29,2025-07-30,False,-1,256,262,False,-6,True
CLM-2026-00497,2026-07-14,2027-02-11,2027-02-09,12,212,210,False,2,2027-07-14,2027-07-14,True,0,153,155,False,-2,True
CLM-2026-00825,2025-06-04,2025-07-06,2025-07-05,12,32,31,False,1,2026-06-04,2026-06-05,False,-1,333,335,False,-2,True
CLM-2026-00848,2025-10-01,2027-02-05,2027-01-30,12,492,486,False,6,2026-10-01,2026-10-02,False,-1,-127,-120,False,-7,True
CLM-2026-00404,2026-07-24,2027-12-26,2027-12-21,24,520,515,False,5,2028-07-24,2028-07-24,True,0,211,216,False,-5,True
CLM-2026-00354,2026-04-11,2026-07-08,2026-07-06,12,88,86,False,2,2027-04-11,2027-04-11,True,0,277,279,False,-2,True
CLM-2026-00012,2026-04-12,2026-11-20,2026-11-16,12,222,218,False,4,2027-04-12,2027-04-12,True,0,143,147,False,-4,True
CLM-2026-00940,2025-07-31,2026-01-12,2026-01-08,12,165,161,False,4,2026-07-31,2026-08-01,False,-1,200,205,False,-5,True
CLM-2026-00451,2025-11-08,2026-03-24,2026-03-22,12,136,134,False,2,2026-11-08,2026-11-08,True,0,229,231,False,-2,True
CLM-2026-00256,2026-03-10,2027-01-23,2027-01-21,24,319,317,False,2,2028-03-10,2028-03-09,False,1,412,413,False,-1,True
CLM-2026-00649,2025-11-22,2026-02-17,2026-02-15,12,87,85,False,2,2026-11-22,2026-11-23,False,-1,278,281,False,-3,True
CLM-2026-00536,2025-11-04,2026-04-22,2026-04-19,12,169,166,False,3,2026-11-04,2026-11-05,False,-1,196,200,False,-4,True
CLM-2026-01196,2026-04-04,2027-04-14,2027-04-10,12,375,371,False,4,2027-04-04,2027-04-05,False,-1,-10,-5,False,-5,True
CLM-2026-00709,2024-10-29,2025-01-11,2025-01-06,12,74,69,False,5,2025-10-29,2025-10-30,False,-1,291,297,False,-6,True
CLM-2026-00447,2026-07-21,2026-11-21,2026-11-16,12,123,118,False,5,2027-07-21,2027-07-21,True,0,242,247,False,-5,True
CLM-2026-00307,2026-03-09,2026-04-18,2026-04-17,12,40,39,False,1,2027-03-09,2027-03-10,False,-1,325,327,False,-2,True
CLM-2026-01393,2026-03-09,2026-07-10,2026-07-07,12,123,120,False,3,2027-03-09,2027-03-10,False,-1,242,246,False,-4,True
CLM-2026-00385,2026-02-07,2027-05-18,2027-05-16,24,465,463,False,2,2028-02-07,2028-02-07,True,0,265,267,False,-2,True
CLM-2026-00933,2025-04-23,2025-07-27,2025-07-26,12,95,94,False,1,2026-04-23,2026-04-24,False,-1,270,272,False,-2,True
CLM-2026-01470,2026-05-04,2026-06-05,2026-05-26,12,32,22,False,10,2027-05-04,2027-05-05,False,-1,333,344,False,-11,True
CLM-2026-00839,2025-04-16,2025-06-25,2025-06-21,12,70,66,False,4,2026-04-16,2026-04-17,False,-1,295,300,False,-5,True
CLM-2026-00615,2026-01-22,2026-06-11,2026-04-04,12,140,72,False,68,2027-01-22,2027-01-23,False,-1,225,294,False,-69,True
CLM-2026-00867,2024-09-12,2025-01-01,2024-12-29,12,111,108,False,3,2025-09-12,2025-09-13,False,-1,254,258,False,-4,True
CLM-2026-00350,2026-03-02,2027-10-22,2027-10-18,24,599,595,False,4,2028-03-02,2028-03-02,True,0,132,136,False,-4,True
CLM-2026-01178,2024-11-21,2025-09-19,2025-09-10,24,302,293,False,9,2026-11-21,2026-11-22,False,-1,428,438,False,-10,True
CLM-2026-00049,2026-04-10,2027-02-15,2027-02-13,12,311,309,False,2,2027-04-10,2027-04-11,False,-1,54,57,False,-3,True
CLM-2026-00037,2026-03-19,2026-12-04,2026-11-30,12,260,256,False,4,2027-03-19,2027-03-20,False,-1,105,110,False,-5,True
CLM-2026-00526,2025-06-06,2025-10-16,2025-10-10,24,132,126,False,6,2027-06-06,2027-06-07,False,-1,598,605,False,-7,True
CLM-2026-00276,2025-11-03,2026-04-15,2026-04-11,12,163,159,False,4,2026-11-03,2026-11-03,True,0,202,206,False,-4,True
CLM-2026-01119,2025-11-19,2026-10-31,2026-10-26,12,346,341,False,5,2026-11-19,2026-11-20,False,-1,19,25,False,-6,True
CLM-2026-00562,2024-11-03,2025-03-09,2025-03-08,36,126,125,False,1,2027-11-03,2027-11-04,False,-1,969,971,False,-2,True
CLM-2026-00610,2025-03-31,2025-08-12,2025-08-07,12,134,129,False,5,2026-03-31,2026-04-01,False,-1,231,237,False,-6,True
CLM-2026-00169,2026-04-12,2026-06-10,2026-06-11,24,59,60,False,-1,2028-04-12,2028-04-11,False,1,672,670,False,2,True
CLM-2026-00697,2025-06-15,2025-11-11,2025-11-08,24,149,146,False,3,2027-06-15,2027-06-16,False,-1,581,585,False,-4,True
CLM-2026-00575,2025-05-28,2025-07-15,2025-07-12,12,48,45,False,3,2026-05-28,2026-05-29,False,-1,317,321,False,-4,True
CLM-2026-00717,2025-08-17,2025-11-19,2025-11-17,36,94,92,False,2,2028-08-17,2028-08-17,True,0,1002,1004,False,-2,True
CLM-2026-00006,2026-06-16,2027-05-15,2027-05-13,12,333,331,False,2,2027-06-16,2027-06-16,True,0,32,34,False,-2,True
CLM-2026-00792,2025-08-07,2025-09-28,2025-09-27,12,52,51,False,1,2026-08-07,2026-08-08,False,-1,313,315,False,-2,True
CLM-2026-00152,2026-07-19,2026-10-12,2026-10-08,24,85,81,False,4,2028-07-19,2028-07-19,True,0,646,650,False,-4,True
CLM-2026-00093,2026-03-07,2026-03-30,2026-03-29,12,23,22,False,1,2027-03-07,2027-03-08,False,-1,342,344,False,-2,True
CLM-2026-00156,2026-06-11,2026-10-10,2026-10-06,12,121,117,False,4,2027-06-11,2027-06-12,False,-1,244,249,False,-5,True
CLM-2026-01050,2026-03-11,2027-03-13,2027-03-08,12,367,362,False,5,2027-03-11,2027-03-12,False,-1,-2,4,False,-6,True
CLM-2026-00528,2024-10-09,2024-11-29,2024-11-27,24,51,49,False,2,2026-10-09,2026-10-10,False,-1,679,682,False,-3,True
CLM-2026-00669,2025-04-05,2025-06-06,2025-06-01,24,62,57,False,5,2027-04-05,2027-04-06,False,-1,668,674,False,-6,True
CLM-2026-00116,2026-07-19,2026-12-26,2026-12-25,24,160,159,False,1,2028-07-19,2028-07-18,False,1,571,571,True,0,True
CLM-2026-00735,2025-03-04,2025-08-02,2025-04-27,12,151,54,False,97,2026-03-04,2026-03-05,False,-1,214,312,False,-98,True
CLM-2026-01148,2026-01-26,2026-10-27,2026-10-16,12,274,263,False,11,2027-01-26,2027-01-27,False,-1,91,103,False,-12,True
CLM-2026-00553,2026-01-26,2026-06-08,2026-02-20,12,133,25,False,108,2027-01-26,2027-01-27,False,-1,232,341,False,-109,True
CLM-2026-01130,2026-07-01,2027-02-07,2027-01-27,12,221,210,False,11,2027-07-01,2027-07-02,False,-1,144,156,False,-12,True
CLM-2026-00284,2026-04-26,2026-08-19,2026-08-17,12,115,113,False,2,2027-04-26,2027-04-27,False,-1,250,253,False,-3,True
CLM-2026-00194,2025-10-26,2027-09-24,2027-09-21,24,698,695,False,3,2027-10-26,2027-10-26,True,0,32,35,False,-3,True
CLM-2026-01186,2025-10-24,2027-09-08,2027-09-06,24,684,682,False,2,2027-10-24,2027-10-25,False,-1,46,49,False,-3,True
CLM-2026-00308,2025-12-30,2026-06-02,2026-06-01,24,154,153,False,1,2027-12-30,2027-12-30,True,0,576,577,False,-1,True
CLM-2026-01043,2026-05-08,2028-01-28,2028-01-25,36,630,627,False,3,2029-05-08,2029-05-08,True,0,466,469,False,-3,True
CLM-2026-00591,2026-02-23,2026-05-31,2026-05-27,36,97,93,False,4,2029-02-23,2029-02-23,True,0,999,1003,False,-4,True
CLM-2026-01340,2025-07-21,2027-02-13,2027-02-08,24,572,567,False,5,2027-07-21,2027-07-22,False,-1,158,164,False,-6,True
CLM-2026-01377,2026-06-27,2027-04-11,2027-04-08,12,288,285,False,3,2027-06-27,2027-06-28,False,-1,77,81,False,-4,True
CLM-2026-00461,2025-11-09,2026-03-06,2026-03-05,12,117,116,False,1,2026-11-09,2026-11-09,True,0,248,249,False,-1,True
CLM-2026-01277,2025-02-21,2026-01-07,2025-12-23,24,320,305,False,15,2027-02-21,2027-02-22,False,-1,410,426,False,-16,True
CLM-2026-00207,2026-03-13,2028-01-13,2028-01-08,36,671,666,False,5,2029-03-13,2029-03-12,False,1,425,429,False,-4,True
CLM-2026-00147,2026-08-04,2027-10-31,2027-10-30,36,453,452,False,1,2029-08-04,2029-08-04,True,0,643,644,False,-1,True
CLM-2026-00827,2025-01-16,2025-05-13,2025-05-11,24,117,115,False,2,2027-01-16,2027-01-17,False,-1,613,616,False,-3,True
CLM-2026-00846,2025-09-24,2026-03-18,2026-03-13,12,175,170,False,5,2026-09-24,2026-09-25,False,-1,190,196,False,-6,True
CLM-2026-01301,2026-04-30,2026-12-21,2026-12-18,12,235,232,False,3,2027-04-30,2027-05-01,False,-1,130,134,False,-4,True
CLM-2026-00365,2026-02-11,2026-03-06,2026-03-03,36,23,20,False,3,2029-02-11,2029-02-10,False,1,1073,1075,False,-2,True
CLM-2026-00441,2026-02-01,2028-05-24,2028-05-20,36,843,839,False,4,2029-02-01,2029-02-01,True,0,253,257,False,-4,True
CLM-2026-01085,2025-03-22,2026-08-14,2026-08-12,24,510,508,False,2,2027-03-22,2027-03-23,False,-1,220,223,False,-3,True
CLM-2026-00334,2026-03-17,2026-10-01,2026-09-27,24,198,194,False,4,2028-03-17,2028-03-17,True,0,533,537,False,-4,True
CLM-2026-00845,2025-05-23,2026-07-04,2026-06-27,12,407,400,False,7,2026-05-23,2026-05-24,False,-1,-42,-34,False,-8,True
CLM-2026-00240,2026-06-05,2026-06-30,2026-06-29,12,25,24,False,1,2027-06-05,2027-06-05,True,0,340,341,False,-1,True
CLM-2026-00060,2026-04-23,2026-12-23,2026-12-21,12,244,242,False,2,2027-04-23,2027-04-24,False,-1,121,124,False,-3,True
CLM-2026-00017,2026-02-17,2027-01-20,2027-01-17,12,337,334,False,3,2027-02-17,2027-02-17,True,0,28,31,False,-3,True
CLM-2026-01354,2025-06-04,2027-02-03,2027-01-31,24,609,606,False,3,2027-06-04,2027-06-05,False,-1,121,125,False,-4,True
CLM-2026-01145,2025-06-08,2025-07-09,2025-07-07,24,31,29,False,2,2027-06-08,2027-06-09,False,-1,699,702,False,-3,True
CLM-2026-01364,2025-11-13,2026-10-11,2026-09-27,12,332,318,False,14,2026-11-13,2026-11-14,False,-1,33,48,False,-15,True
CLM-2026-00636,2025-02-03,2026-09-01,2026-08-28,12,575,571,False,4,2026-02-03,2026-02-04,False,-1,-210,-205,False,-5,True
CLM-2026-00954,2025-08-03,2025-12-22,2025-12-17,36,141,136,False,5,2028-08-03,2028-08-03,True,0,955,960,False,-5,True
CLM-2026-00180,2026-06-17,2026-08-02,2026-07-30,12,46,43,False,3,2027-06-17,2027-06-18,False,-1,319,323,False,-4,True
CLM-2026-01475,2026-07-27,2027-01-01,2026-12-30,12,158,156,False,2,2027-07-27,2027-07-28,False,-1,207,210,False,-3,True
CLM-2026-01448,2026-02-09,2026-12-16,2026-12-14,12,310,308,False,2,2027-02-09,2027-02-10,False,-1,55,58,False,-3,True
CLM-2026-01379,2026-05-21,2027-05-24,2027-05-20,12,368,364,False,4,2027-05-21,2027-05-22,False,-1,-3,2,False,-5,True
CLM-2026-01102,2026-06-06,2027-06-13,2027-06-09,12,372,368,False,4,2027-06-06,2027-06-07,False,-1,-7,-2,False,-5,True
CLM-2026-00568,2024-09-05,2025-01-08,2025-01-03,12,125,120,False,5,2025-09-05,2025-09-06,False,-1,240,246,False,-6,True
CLM-2026-00771,2025-04-07,2025-09-20,2025-09-14,12,166,160,False,6,2026-04-07,2026-04-08,False,-1,199,206,False,-7,True
CLM-2026-01283,2025-07-19,2026-11-19,2026-11-16,24,488,485,False,3,2027-07-19,2027-07-20,False,-1,242,246,False,-4,True
CLM-2026-00747,2024-09-18,2026-02-08,2026-02-06,12,508,506,False,2,2025-09-18,2025-09-19,False,-1,-143,-140,False,-3,True
CLM-2026-00881,2025-11-09,2025-12-22,2025-12-17,12,43,38,False,5,2026-11-09,2026-11-10,False,-1,322,328,False,-6,True
CLM-2026-01129,2026-03-31,2026-08-21,2026-08-19,12,143,141,False,2,2027-03-31,2027-04-01,False,-1,222,225,False,-3,True
CLM-2026-01260,2026-06-21,2027-06-28,2027-06-26,12,372,370,False,2,2027-06-21,2027-06-22,False,-1,-7,-4,False,-3,True
CLM-2026-00149,2026-06-02,2026-11-30,2026-11-26,24,181,177,False,4,2028-06-02,2028-06-01,False,1,550,553,False,-3,True
CLM-2026-00899,2024-10-24,2024-11-18,2024-11-16,12,25,23,False,2,2025-10-24,2025-10-25,False,-1,340,343,False,-3,True
CLM-2026-01312,2026-07-07,2028-07-11,2028-07-03,24,735,727,False,8,2028-07-07,2028-07-07,True,0,-4,4,False,-8,True
CLM-2026-01047,2026-06-01,2027-03-26,2027-03-24,12,298,296,False,2,2027-06-01,2027-06-02,False,-1,67,70,False,-3,True
CLM-2026-01418,2026-07-07,2027-04-21,2027-04-05,24,288,272,False,16,2028-07-07,2028-07-07,True,0,443,459,False,-16,True
CLM-2026-01215,2026-02-14,2026-08-17,2026-08-03,12,184,170,False,14,2027-02-14,2027-02-15,False,-1,181,196,False,-15,True
CLM-2026-01108,2025-07-10,2027-03-22,2027-03-17,24,620,615,False,5,2027-07-10,2027-07-11,False,-1,110,116,False,-6,True
CLM-2026-00336,2025-11-13,2026-08-15,2026-08-13,12,275,273,False,2,2026-11-13,2026-11-13,True,0,90,92,False,-2,True
CLM-2026-01371,2026-05-01,2026-11-29,2026-11-25,12,212,208,False,4,2027-05-01,2027-05-02,False,-1,153,158,False,-5,True
CLM-2026-01048,2026-07-20,2027-01-30,2027-01-27,12,194,191,False,3,2027-07-20,2027-07-21,False,-1,171,175,False,-4,True
CLM-2026-01293,2025-11-15,2026-10-11,2026-10-06,12,330,325,False,5,2026-11-15,2026-11-16,False,-1,35,41,False,-6,True
CLM-2026-00279,2026-05-14,2028-04-02,2028-03-30,36,689,686,False,3,2029-05-14,2029-05-13,False,1,407,409,False,-2,True
CLM-2026-01087,2026-02-04,2027-02-11,2027-02-09,12,372,370,False,2,2027-02-04,2027-02-05,False,-1,-7,-4,False,-3,True
CLM-2026-01316,2026-02-04,2026-10-12,2026-10-09,12,250,247,False,3,2027-02-04,2027-02-05,False,-1,115,119,False,-4,True
CLM-2026-00588,2025-11-13,2026-05-18,2026-05-13,12,186,181,False,5,2026-11-13,2026-11-14,False,-1,179,185,False,-6,True
CLM-2026-00045,2026-06-03,2027-03-26,2027-03-22,24,296,292,False,4,2028-06-03,2028-06-02,False,1,435,438,False,-3,True
CLM-2026-01383,2025-05-27,2025-11-02,2025-10-31,24,159,157,False,2,2027-05-27,2027-05-28,False,-1,571,574,False,-3,True
CLM-2026-01416,2026-01-15,2026-12-10,2026-12-06,12,329,325,False,4,2027-01-15,2027-01-16,False,-1,36,41,False,-5,True
CLM-2026-00930,2026-01-03,2026-07-08,2026-07-03,36,186,181,False,5,2029-01-03,2029-01-03,True,0,910,915,False,-5,True
CLM-2026-01491,2026-07-13,2027-07-19,2027-07-15,12,371,367,False,4,2027-07-13,2027-07-14,False,-1,-6,-1,False,-5,True
CLM-2026-00740,2024-10-19,2025-03-24,2025-03-19,36,156,151,False,5,2027-10-19,2027-10-20,False,-1,939,945,False,-6,True
CLM-2026-00273,2026-07-16,2027-01-03,2026-12-31,12,171,168,False,3,2027-07-16,2027-07-17,False,-1,194,198,False,-4,True
CLM-2026-00144,2026-06-04,2026-07-24,2026-07-19,12,50,45,False,5,2027-06-04,2027-06-04,True,0,315,320,False,-5,True
CLM-2026-00222,2026-08-11,2027-05-20,2027-05-16,12,282,278,False,4,2027-08-11,2027-08-12,False,-1,83,88,False,-5,True
CLM-2026-01012,2025-10-24,2026-03-15,2026-03-10,12,142,137,False,5,2026-10-24,2026-10-25,False,-1,223,229,False,-6,True
CLM-2026-00603,2025-08-31,2026-01-16,2026-01-11,12,138,133,False,5,2026-08-31,2026-09-01,False,-1,227,233,False,-6,True
CLM-2026-01117,2025-10-14,2025-11-24,2025-11-20,12,41,37,False,4,2026-10-14,2026-10-15,False,-1,324,329,False,-5,True
CLM-2026-01443,2026-04-25,2027-02-27,2027-02-22,12,308,303,False,5,2027-04-25,2027-04-26,False,-1,57,63,False,-6,True
CLM-2026-00647,2024-09-18,2024-11-19,2024-11-18,12,62,61,False,1,2025-09-18,2025-09-19,False,-1,303,305,False,-2,True
CLM-2026-00737,2024-07-30,2024-12-21,2024-12-18,24,144,141,False,3,2026-07-30,2026-07-31,False,-1,586,590,False,-4,True
CLM-2026-01265,2025-10-27,2026-01-10,2026-01-07,12,75,72,False,3,2026-10-27,2026-10-28,False,-1,290,294,False,-4,True
CLM-2026-00059,2025-12-27,2026-02-19,2026-02-16,12,54,51,False,3,2026-12-27,2026-12-27,True,0,311,314,False,-3,True
CLM-2026-01445,2025-11-04,2026-11-08,2026-11-03,12,369,364,False,5,2026-11-04,2026-11-05,False,-1,-4,2,False,-6,True
CLM-2026-01151,2026-04-11,2026-11-13,2026-11-08,12,216,211,False,5,2027-04-11,2027-04-12,False,-1,149,155,False,-6,True
CLM-2026-00132,2025-11-02,2026-05-05,2026-04-30,12,184,179,False,5,2026-11-02,2026-11-02,True,0,181,186,False,-5,True
CLM-2026-00136,2026-01-11,2026-10-01,2026-09-29,12,263,261,False,2,2027-01-11,2027-01-12,False,-1,102,105,False,-3,True
CLM-2026-00196,2026-06-26,2027-03-29,2027-03-24,12,276,271,False,5,2027-06-26,2027-06-27,False,-1,89,95,False,-6,True
CLM-2026-01093,2026-01-04,2026-09-07,2026-09-05,12,246,244,False,2,2027-01-04,2027-01-05,False,-1,119,122,False,-3,True
CLM-2026-00538,2025-06-28,2025-11-08,2025-11-04,36,133,129,False,4,2028-06-28,2028-06-28,True,0,963,967,False,-4,True
CLM-2026-00890,2026-01-05,2026-02-28,2026-02-27,12,54,53,False,1,2027-01-05,2027-01-06,False,-1,311,313,False,-2,True
CLM-2026-00685,2026-01-29,2026-04-20,2026-04-19,24,81,80,False,1,2028-01-29,2028-01-30,False,-1,649,651,False,-2,True
CLM-2026-01143,2026-07-12,2027-07-16,2027-07-08,12,369,361,False,8,2027-07-12,2027-07-13,False,-1,-4,5,False,-9,True
CLM-2026-00621,2025-06-27,2025-08-13,2025-08-10,12,47,44,False,3,2026-06-27,2026-06-28,False,-1,318,322,False,-4,True
CLM-2026-00184,2025-12-20,2026-06-11,2026-06-09,12,173,171,False,2,2026-12-20,2026-12-20,True,0,192,194,False,-2,True
CLM-2026-00572,2026-01-19,2026-04-26,2026-04-23,12,97,94,False,3,2027-01-19,2027-01-20,False,-1,268,272,False,-4,True
CLM-2026-00791,2024-12-13,2025-02-08,2025-02-06,12,57,55,False,2,2025-12-13,2025-12-14,False,-1,308,311,False,-3,True
CLM-2026-00561,2024-08-31,2024-12-16,2024-12-11,12,107,102,False,5,2025-08-31,2025-09-01,False,-1,258,264,False,-6,True
CLM-2026-01398,2026-05-04,2026-09-17,2026-09-02,12,136,121,False,15,2027-05-04,2027-05-05,False,-1,229,245,False,-16,True
CLM-2026-00540,2025-05-04,2025-10-25,2025-10-20,24,174,169,False,5,2027-05-04,2027-05-05,False,-1,556,562,False,-6,True
CLM-2026-01464,2025-12-25,2026-01-28,2026-01-26,24,34,32,False,2,2027-12-25,2027-12-26,False,-1,696,699,False,-3,True
CLM-2026-00022,2026-07-07,2027-06-05,2027-06-02,12,333,330,False,3,2027-07-07,2027-07-08,False,-1,32,36,False,-4,True
CLM-2026-00294,2026-06-02,2027-02-06,2027-02-01,12,249,244,False,5,2027-06-02,2027-06-03,False,-1,116,122,False,-6,True
CLM-2026-00491,2026-03-29,2026-04-14,2026-04-12,36,16,14,False,2,2029-03-29,2029-03-28,False,1,1080,1081,False,-1,True
CLM-2026-00888,2025-06-05,2025-12-04,2025-12-02,12,182,180,False,2,2026-06-05,2026-06-06,False,-1,183,186,False,-3,True
CLM-2026-01236,2025-09-25,2026-05-23,2026-05-20,12,240,237,False,3,2026-09-25,2026-09-26,False,-1,125,129,False,-4,True
CLM-2026-01233,2025-10-22,2026-10-28,2026-10-27,12,371,370,False,1,2026-10-22,2026-10-23,False,-1,-6,-4,False,-2,True
CLM-2026-00283,2026-06-13,2026-11-30,2026-11-29,12,170,169,False,1,2027-06-13,2027-06-13,True,0,195,196,False,-1,True
CLM-2026-00788,2025-02-23,2025-06-13,2025-04-17,12,110,53,False,57,2026-02-23,2026-02-24,False,-1,255,313,False,-58,True
CLM-2026-00344,2026-02-06,2026-08-10,2026-08-08,12,185,183,False,2,2027-02-06,2027-02-06,True,0,180,182,False,-2,True
CLM-2026-00569,2025-09-20,2028-02-03,2028-01-31,24,866,863,False,3,2027-09-20,2027-09-21,False,-1,-136,-132,False,-4,True
CLM-2026-01412,2026-01-23,2028-01-26,2028-01-25,24,733,732,False,1,2028-01-23,2028-01-24,False,-1,-3,-1,False,-2,True
CLM-2026-00696,2026-02-27,2026-08-14,2026-08-13,24,168,167,False,1,2028-02-27,2028-02-28,False,-1,562,564,False,-2,True
CLM-2026-00377,2026-04-10,2027-03-12,2027-03-07,12,336,331,False,5,2027-04-10,2027-04-11,False,-1,29,35,False,-6,True
CLM-2026-00679,2025-02-03,2025-05-29,2025-05-25,12,115,111,False,4,2026-02-03,2026-02-04,False,-1,250,255,False,-5,True
CLM-2026-00338,2026-06-01,2027-04-18,2027-04-13,12,321,316,False,5,2027-06-01,2027-06-02,False,-1,44,50,False,-6,True
CLM-2026-01193,2025-11-17,2026-01-05,2026-01-01,12,49,45,False,4,2026-11-17,2026-11-18,False,-1,316,321,False,-5,True
CLM-2026-00812,2024-09-19,2024-12-17,2024-12-11,12,89,83,False,6,2025-09-19,2025-09-20,False,-1,276,283,False,-7,True
CLM-2026-00531,2025-05-31,2026-12-07,2026-12-01,12,555,549,False,6,2026-05-31,2026-06-01,False,-1,-190,-183,False,-7,True
CLM-2026-00252,2026-05-05,2026-06-05,2026-05-31,12,31,26,False,5,2027-05-05,2027-05-05,True,0,334,339,False,-5,True
CLM-2026-01113,2025-06-02,2027-06-10,2027-06-09,24,738,737,False,1,2027-06-02,2027-06-03,False,-1,-8,-6,False,-2,True
CLM-2026-01173,2025-11-19,2026-06-22,2026-06-18,24,215,211,False,4,2027-11-19,2027-11-20,False,-1,515,520,False,-5,True
CLM-2026-00775,2025-08-27,2026-01-18,2026-01-13,12,144,139,False,5,2026-08-27,2026-08-28,False,-1,221,227,False,-6,True
CLM-2026-00894,2024-12-26,2025-03-05,2025-03-02,12,69,66,False,3,2025-12-26,2025-12-27,False,-1,296,300,False,-4,True
CLM-2026-00663,2025-03-29,2025-05-31,2025-05-29,12,63,61,False,2,2026-03-29,2026-03-30,False,-1,302,305,False,-3,True
CLM-2026-01141,2026-02-21,2026-07-05,2026-07-03,12,134,132,False,2,2027-02-21,2027-02-22,False,-1,231,234,False,-3,True
CLM-2026-01082,2025-05-23,2025-11-19,2025-11-14,24,180,175,False,5,2027-05-23,2027-05-24,False,-1,550,556,False,-6,True
CLM-2026-00706,2025-02-20,2025-06-20,2025-06-15,24,120,115,False,5,2027-02-20,2027-02-21,False,-1,610,616,False,-6,True
CLM-2026-00150,2025-11-23,2026-01-05,2026-01-01,12,43,39,False,4,2026-11-23,2026-11-24,False,-1,322,327,False,-5,True
CLM-2026-01432,2026-02-21,2026-05-29,2026-05-17,12,97,85,False,12,2027-02-21,2027-02-22,False,-1,268,281,False,-13,True
CLM-2026-01089,2026-02-13,2027-02-23,2027-02-19,12,375,371,False,4,2027-02-13,2027-02-14,False,-1,-10,-5,False,-5,True
CLM-2026-01404,2025-04-29,2026-03-20,2026-03-18,24,325,323,False,2,2027-04-29,2027-04-30,False,-1,405,408,False,-3,True
CLM-2026-00510,2024-12-17,2025-04-10,2025-02-12,12,114,57,False,57,2025-12-17,2025-12-18,False,-1,251,309,False,-58,True
CLM-2026-00760,2025-09-22,2025-11-27,2025-11-22,24,66,61,False,5,2027-09-22,2027-09-23,False,-1,664,670,False,-6,True
CLM-2026-01376,2026-02-21,2028-07-13,2028-07-09,36,873,869,False,4,2029-02-21,2029-02-21,True,0,223,227,False,-4,True
CLM-2026-00124,2026-02-08,2026-06-05,2026-06-03,24,117,115,False,2,2028-02-08,2028-02-09,False,-1,613,616,False,-3,True
CLM-2026-00793,2025-11-27,2026-05-17,2026-05-14,12,171,168,False,3,2026-11-27,2026-11-28,False,-1,194,198,False,-4,True
CLM-2026-00197,2026-03-15,2026-07-13,2026-07-12,24,120,119,False,1,2028-03-15,2028-03-15,True,0,611,612,False,-1,True
CLM-2026-00001,2026-06-28,2026-07-26,2026-07-25,12,28,27,False,1,2027-06-28,2027-06-29,False,-1,337,339,False,-2,True
CLM-2026-01123,2026-03-11,2026-10-15,2026-09-30,24,218,203,False,15,2028-03-11,2028-03-11,True,0,513,528,False,-15,True
CLM-2026-00960,2025-08-03,2025-11-16,2025-09-11,12,105,39,False,66,2026-08-03,2026-08-04,False,-1,260,327,False,-67,True
CLM-2026-00862,2025-06-28,2025-12-14,2025-12-12,12,169,167,False,2,2026-06-28,2026-06-29,False,-1,196,199,False,-3,True
CLM-2026-00941,2025-09-24,2025-11-24,2025-11-23,12,61,60,False,1,2026-09-24,2026-09-25,False,-1,304,306,False,-2,True
CLM-2026-00738,2025-03-18,2025-05-25,2025-05-22,12,68,65,False,3,2026-03-18,2026-03-19,False,-1,297,301,False,-4,True
CLM-2026-00707,2025-08-22,2026-02-07,2026-02-05,12,169,167,False,2,2026-08-22,2026-08-23,False,-1,196,199,False,-3,True
CLM-2026-00285,2025-11-21,2026-03-21,2026-03-16,12,120,115,False,5,2026-11-21,2026-11-21,True,0,245,250,False,-5,True
CLM-2026-00421,2025-11-06,2025-12-07,2025-12-04,36,31,28,False,3,2028-11-06,2028-11-06,True,0,1065,1068,False,-3,True
CLM-2026-00239,2025-11-04,2025-12-14,2025-12-10,24,40,36,False,4,2027-11-04,2027-11-04,True,0,690,694,False,-4,True
CLM-2026-00893,2025-09-02,2025-12-16,2025-12-13,12,105,102,False,3,2026-09-02,2026-09-03,False,-1,260,264,False,-4,True
CLM-2026-01336,2026-07-04,2027-05-26,2027-05-24,12,326,324,False,2,2027-07-04,2027-07-05,False,-1,39,42,False,-3,True
CLM-2026-00418,2026-04-21,2027-08-08,2027-08-06,24,474,472,False,2,2028-04-21,2028-04-20,False,1,257,258,False,-1,True
CLM-2026-00909,2025-01-31,2026-05-20,2026-05-13,12,474,467,False,7,2026-01-31,2026-02-01,False,-1,-109,-101,False,-8,True
CLM-2026-00813,2025-10-23,2026-02-05,2026-01-31,12,105,100,False,5,2026-10-23,2026-10-24,False,-1,260,266,False,-6,True
CLM-2026-00039,2026-05-15,2026-08-14,2026-08-13,12,91,90,False,1,2027-05-15,2027-05-15,True,0,274,275,False,-1,True
CLM-2026-00626,2025-05-12,2025-08-20,2025-06-18,24,100,37,False,63,2027-05-12,2027-05-13,False,-1,630,694,False,-64,True
CLM-2026-00660,2024-12-14,2025-07-07,2025-03-18,12,205,94,False,111,2025-12-14,2025-12-15,False,-1,160,272,False,-112,True
CLM-2026-00803,2024-07-27,2024-08-27,2024-08-22,12,31,26,False,5,2025-07-27,2025-07-28,False,-1,334,340,False,-6,True
CLM-2026-00311,2025-11-05,2026-04-30,2026-04-28,12,176,174,False,2,2026-11-05,2026-11-05,True,0,189,191,False,-2,True
CLM-2026-00127,2026-03-11,2027-05-11,2027-05-07,36,426,422,False,4,2029-03-11,2029-03-11,True,0,670,674,False,-4,True
CLM-2026-00589,2025-02-22,2025-04-28,2025-04-26,12,65,63,False,2,2026-02-22,2026-02-23,False,-1,300,303,False,-3,True
CLM-2026-01439,2026-03-04,2027-10-12,2027-10-09,24,587,584,False,3,2028-03-04,2028-03-04,True,0,144,147,False,-3,True
CLM-2026-00190,2026-06-27,2027-04-30,2027-04-26,12,307,303,False,4,2027-06-27,2027-06-27,True,0,58,62,False,-4,True
CLM-2026-00509,2025-11-02,2026-04-05,2026-03-30,12,154,148,False,6,2026-11-02,2026-11-03,False,-1,211,218,False,-7,True
CLM-2026-01217,2026-06-19,2026-12-18,2026-12-15,12,182,179,False,3,2027-06-19,2027-06-20,False,-1,183,187,False,-4,True
CLM-2026-01337,2026-02-21,2026-12-22,2026-12-19,24,304,301,False,3,2028-02-21,2028-02-22,False,-1,426,430,False,-4,True
CLM-2026-00359,2026-05-21,2028-03-11,2028-03-08,24,660,657,False,3,2028-05-21,2028-05-21,True,0,71,74,False,-3,True
CLM-2026-00731,2025-09-22,2026-11-26,2026-11-20,12,430,424,False,6,2026-09-22,2026-09-23,False,-1,-65,-58,False,-7,True
CLM-2026-00798,2025-03-27,2026-09-07,2026-09-06,12,529,528,False,1,2026-03-27,2026-03-28,False,-1,-164,-162,False,-2,True
CLM-2026-00164,2025-12-31,2026-06-24,2026-06-22,12,175,173,False,2,2026-12-31,2027-01-01,False,-1,190,193,False,-3,True
CLM-2026-00434,2025-12-20,2026-03-10,2026-03-07,24,80,77,False,3,2027-12-20,2027-12-20,True,0,650,653,False,-3,True
CLM-2026-00426,2026-06-16,2028-11-02,2028-10-29,36,870,866,False,4,2029-06-16,2029-06-15,False,1,226,229,False,-3,True
CLM-2026-01285,2025-10-16,2026-02-25,2026-02-21,12,132,128,False,4,2026-10-16,2026-10-17,False,-1,233,238,False,-5,True
CLM-2026-01327,2026-02-23,2026-10-02,2026-09-27,12,221,216,False,5,2027-02-23,2027-02-24,False,-1,144,150,False,-6,True
CLM-2026-01252,2026-02-28,2026-06-26,2026-06-16,12,118,108,False,10,2027-02-28,2027-03-01,False,-1,247,258,False,-11,True
CLM-2026-00537,2025-11-03,2026-02-11,2026-02-10,24,100,99,False,1,2027-11-03,2027-11-04,False,-1,630,632,False,-2,True
CLM-2026-00712,2025-09-23,2025-12-14,2025-12-13,12,82,81,False,1,2026-09-23,2026-09-24,False,-1,283,285,False,-2,True
CLM-2026-00868,2026-01-02,2026-06-29,2026-06-23,12,178,172,False,6,2027-01-02,2027-01-03,False,-1,187,194,False,-7,True
CLM-2026-00155,2026-07-11,2026-09-28,2026-09-26,12,79,77,False,2,2027-07-11,2027-07-12,False,-1,286,289,False,-3,True
CLM-2026-00460,2025-12-09,2026-02-11,2026-02-06,12,64,59,False,5,2026-12-09,2026-12-10,False,-1,301,307,False,-6,True
CLM-2026-00424,2026-06-01,2028-04-22,2028-04-17,36,691,686,False,5,2029-06-01,2029-05-31,False,1,405,409,False,-4,True
CLM-2026-00378,2026-01-23,2026-07-23,2026-07-22,12,181,180,False,1,2027-01-23,2027-01-23,True,0,184,185,False,-1,True
CLM-2026-00805,2025-08-23,2025-11-05,2025-10-31,12,74,69,False,5,2026-08-23,2026-08-24,False,-1,291,297,False,-6,True
CLM-2026-01140,2025-11-17,2026-11-15,2026-11-03,24,363,351,False,12,2027-11-17,2027-11-18,False,-1,367,380,False,-13,True
CLM-2026-00557,2025-08-13,2028-04-15,2028-04-10,24,976,971,False,5,2027-08-13,2027-08-14,False,-1,-246,-240,False,-6,True
CLM-2026-01009,2024-11-02,2025-09-10,2025-09-05,24,312,307,False,5,2026-11-02,2026-11-03,False,-1,418,424,False,-6,True
CLM-2026-00372,2026-01-07,2026-08-24,2026-08-21,12,229,226,False,3,2027-01-07,2027-01-07,True,0,136,139,False,-3,True
CLM-2026-01138,2026-01-18,2026-08-13,2026-08-10,24,207,204,False,3,2028-01-18,2028-01-19,False,-1,523,527,False,-4,True
CLM-2026-00403,2026-02-09,2026-05-22,2026-05-21,12,102,101,False,1,2027-02-09,2027-02-10,False,-1,263,265,False,-2,True
CLM-2026-00716,2025-06-20,2025-09-02,2025-08-30,12,74,71,False,3,2026-06-20,2026-06-21,False,-1,291,295,False,-4,True
CLM-2026-00715,2025-12-17,2026-06-13,2026-02-23,12,178,68,False,110,2026-12-17,2026-12-18,False,-1,187,298,False,-111,True
CLM-2026-00501,2025-03-27,2025-07-18,2025-07-13,12,113,108,False,5,2026-03-27,2026-03-28,False,-1,252,258,False,-6,True
CLM-2026-00914,2025-04-22,2025-09-11,2025-09-07,12,142,138,False,4,2026-04-22,2026-04-23,False,-1,223,228,False,-5,True
CLM-2026-00120,2026-07-26,2027-09-28,2027-09-24,24,429,425,False,4,2028-07-26,2028-07-25,False,1,302,305,False,-3,True
CLM-2026-00030,2026-07-22,2026-12-07,2026-12-05,12,138,136,False,2,2027-07-22,2027-07-22,True,0,227,229,False,-2,True
CLM-2026-00857,2025-08-29,2025-09-29,2025-09-28,12,31,30,False,1,2026-08-29,2026-08-30,False,-1,334,336,False,-2,True
CLM-2026-00698,2025-12-23,2026-04-14,2026-04-13,12,112,111,False,1,2026-12-23,2026-12-24,False,-1,253,255,False,-2,True
CLM-2026-01139,2026-02-19,2026-10-29,2026-10-13,24,252,236,False,16,2028-02-19,2028-02-20,False,-1,478,495,False,-17,True
CLM-2026-01375,2025-09-10,2028-04-23,2028-04-18,36,956,951,False,5,2028-09-10,2028-09-10,True,0,140,145,False,-5,True
CLM-2026-00828,2026-02-18,2026-07-20,2026-07-14,12,152,146,False,6,2027-02-18,2027-02-19,False,-1,213,220,False,-7,True
CLM-2026-00604,2025-11-19,2026-04-01,2026-03-29,12,133,130,False,3,2026-11-19,2026-11-20,False,-1,232,236,False,-4,True
CLM-2026-00074,2026-02-20,2027-01-05,2027-01-01,12,319,315,False,4,2027-02-20,2027-02-20,True,0,46,50,False,-4,True
CLM-2026-00493,2026-08-03,2028-03-11,2028-03-07,24,586,582,False,4,2028-08-03,2028-08-03,True,0,145,149,False,-4,True
CLM-2026-00292,2026-03-14,2027-04-11,2027-04-06,24,393,388,False,5,2028-03-14,2028-03-13,False,1,338,342,False,-4,True
CLM-2026-00102,2026-07-12,2027-05-13,2027-05-11,12,305,303,False,2,2027-07-12,2027-07-12,True,0,60,62,False,-2,True
CLM-2026-00305,2025-12-28,2026-03-02,2026-03-01,12,64,63,False,1,2026-12-28,2026-12-29,False,-1,301,303,False,-2,True
CLM-2026-01492,2026-04-02,2026-07-29,2026-07-18,12,118,107,False,11,2027-04-02,2027-04-03,False,-1,247,259,False,-12,True
CLM-2026-01056,2026-05-17,2027-05-28,2027-05-24,12,376,372,False,4,2027-05-17,2027-05-18,False,-1,-11,-6,False,-5,True
CLM-2026-00900,2026-01-26,2026-05-08,2026-05-06,12,102,100,False,2,2027-01-26,2027-01-27,False,-1,263,266,False,-3,True
CLM-2026-00020,2026-04-17,2026-05-11,2026-05-09,12,24,22,False,2,2027-04-17,2027-04-17,True,0,341,343,False,-2,True
CLM-2026-00786,2025-08-13,2025-11-17,2025-11-15,24,96,94,False,2,2027-08-13,2027-08-14,False,-1,634,637,False,-3,True
CLM-2026-00317,2026-02-09,2026-06-06,2026-06-03,12,117,114,False,3,2027-02-09,2027-02-10,False,-1,248,252,False,-4,True
CLM-2026-00938,2024-07-31,2024-08-28,2024-08-22,12,28,22,False,6,2025-07-31,2025-08-01,False,-1,337,344,False,-7,True
CLM-2026-00956,2024-10-15,2025-03-14,2025-03-12,12,150,148,False,2,2025-10-15,2025-10-16,False,-1,215,218,False,-3,True
CLM-2026-01343,2026-05-09,2026-06-12,2026-06-09,12,34,31,False,3,2027-05-09,2027-05-10,False,-1,331,335,False,-4,True
CLM-2026-00878,2026-02-15,2026-03-16,2026-03-15,12,29,28,False,1,2027-02-15,2027-02-16,False,-1,336,338,False,-2,True
CLM-2026-00936,2024-12-03,2025-05-19,2025-05-17,12,167,165,False,2,2025-12-03,2025-12-04,False,-1,198,201,False,-3,True
CLM-2026-00315,2025-12-22,2026-02-24,2026-02-23,12,64,63,False,1,2026-12-22,2026-12-22,True,0,301,302,False,-1,True
CLM-2026-01414,2026-07-13,2027-07-17,2027-07-12,12,369,364,False,5,2027-07-13,2027-07-14,False,-1,-4,2,False,-6,True
CLM-2026-00452,2026-06-09,2027-03-23,2027-03-19,12,287,283,False,4,2027-06-09,2027-06-09,True,0,78,82,False,-4,True
CLM-2026-00047,2026-05-24,2027-09-29,2027-09-26,24,493,490,False,3,2028-05-24,2028-05-23,False,1,238,240,False,-2,True
CLM-2026-01403,2025-08-09,2027-05-15,2027-04-29,24,644,628,False,16,2027-08-09,2027-08-10,False,-1,86,103,False,-17,True
CLM-2026-00639,2024-09-14,2027-02-21,2027-02-18,24,890,887,False,3,2026-09-14,2026-09-15,False,-1,-160,-156,False,-4,True
CLM-2026-00500,2025-12-10,2026-05-19,2026-05-17,12,160,158,False,2,2026-12-10,2026-12-10,True,0,205,207,False,-2,True
CLM-2026-00094,2026-02-05,2028-03-07,2028-03-06,36,761,760,False,1,2029-02-05,2029-02-05,True,0,335,336,False,-1,True
CLM-2026-00704,2025-02-02,2026-04-10,2026-04-07,12,432,429,False,3,2026-02-02,2026-02-03,False,-1,-67,-63,False,-4,True
CLM-2026-00770,2026-01-20,2026-05-28,2026-05-27,12,128,127,False,1,2027-01-20,2027-01-21,False,-1,237,239,False,-2,True
CLM-2026-00035,2026-01-06,2026-07-20,2026-07-16,12,195,191,False,4,2027-01-06,2027-01-07,False,-1,170,175,False,-5,True
CLM-2026-01287,2026-05-16,2027-01-01,2026-12-19,12,230,217,False,13,2027-05-16,2027-05-17,False,-1,135,149,False,-14,True
CLM-2026-00428,2026-05-14,2026-10-01,2026-09-29,12,140,138,False,2,2027-05-14,2027-05-15,False,-1,225,228,False,-3,True
CLM-2026-01345,2025-11-09,2026-06-12,2026-06-10,12,215,213,False,2,2026-11-09,2026-11-10,False,-1,150,153,False,-3,True
CLM-2026-00859,2024-07-26,2024-11-09,2024-11-08,12,106,105,False,1,2025-07-26,2025-07-27,False,-1,259,261,False,-2,True
CLM-2026-00627,2025-03-22,2025-05-21,2025-05-16,12,60,55,False,5,2026-03-22,2026-03-23,False,-1,305,311,False,-6,True
CLM-2026-01311,2025-11-26,2026-07-19,2026-07-16,12,235,232,False,3,2026-11-26,2026-11-27,False,-1,130,134,False,-4,True
CLM-2026-00448,2026-01-30,2028-02-11,2028-02-08,36,742,739,False,3,2029-01-30,2029-01-29,False,1,354,356,False,-2,True
CLM-2026-01066,2026-01-10,2026-08-21,2026-08-18,12,223,220,False,3,2027-01-10,2027-01-11,False,-1,142,146,False,-4,True
CLM-2026-01294,2026-06-04,2027-02-28,2027-02-23,12,269,264,False,5,2027-06-04,2027-06-05,False,-1,96,102,False,-6,True
CLM-2026-00328,2025-11-11,2026-01-24,2026-01-23,12,74,73,False,1,2026-11-11,2026-11-12,False,-1,291,293,False,-2,True
CLM-2026-01408,2026-04-19,2026-05-10,2026-05-08,12,21,19,False,2,2027-04-19,2027-04-20,False,-1,344,347,False,-3,True
CLM-2026-00490,2026-02-22,2026-09-05,2026-09-04,12,195,194,False,1,2027-02-22,2027-02-22,True,0,170,171,False,-1,True
CLM-2026-00067,2026-01-16,2026-06-25,2026-06-24,12,160,159,False,1,2027-01-16,2027-01-17,False,-1,205,207,False,-2,True
CLM-2026-00391,2025-11-26,2026-08-15,2026-08-11,12,262,258,False,4,2026-11-26,2026-11-26,True,0,103,107,False,-4,True
CLM-2026-00620,2024-10-19,2025-03-13,2025-03-07,12,145,139,False,6,2025-10-19,2025-10-20,False,-1,220,227,False,-7,True
CLM-2026-00370,2026-02-24,2027-01-22,2027-01-18,12,332,328,False,4,2027-02-24,2027-02-24,True,0,33,37,False,-4,True
CLM-2026-00087,2026-02-07,2026-04-22,2026-04-20,12,74,72,False,2,2027-02-07,2027-02-07,True,0,291,293,False,-2,True
CLM-2026-01282,2025-06-10,2026-08-20,2026-08-16,24,436,432,False,4,2027-06-10,2027-06-11,False,-1,294,299,False,-5,True
CLM-2026-00246,2025-12-19,2026-09-23,2026-09-21,12,278,276,False,2,2026-12-19,2026-12-19,True,0,87,89,False,-2,True
CLM-2026-00103,2026-06-18,2026-11-25,2026-11-21,12,160,156,False,4,2027-06-18,2027-06-19,False,-1,205,210,False,-5,True
CLM-2026-01053,2026-05-23,2026-11-24,2026-11-21,12,185,182,False,3,2027-05-23,2027-05-24,False,-1,180,184,False,-4,True
CLM-2026-00711,2026-02-11,2026-06-29,2026-06-23,24,138,132,False,6,2028-02-11,2028-02-12,False,-1,592,599,False,-7,True
CLM-2026-01189,2025-10-01,2026-05-21,2026-05-19,24,232,230,False,2,2027-10-01,2027-10-02,False,-1,498,501,False,-3,True
CLM-2026-00752,2025-10-31,2026-02-25,2026-02-24,24,117,116,False,1,2027-10-31,2027-11-01,False,-1,613,615,False,-2,True
CLM-2026-00321,2026-03-13,2026-12-30,2026-12-25,24,292,287,False,5,2028-03-13,2028-03-13,True,0,439,444,False,-5,True
CLM-2026-00486,2026-07-06,2026-11-23,2026-11-19,12,140,136,False,4,2027-07-06,2027-07-07,False,-1,225,230,False,-5,True
CLM-2026-00701,2025-01-11,2025-04-01,2025-03-28,36,80,76,False,4,2028-01-11,2028-01-12,False,-1,1015,1020,False,-5,True
CLM-2026-00435,2026-01-25,2026-07-26,2026-07-24,12,182,180,False,2,2027-01-25,2027-01-25,True,0,183,185,False,-2,True
CLM-2026-00322,2026-07-22,2027-02-07,2027-02-05,12,200,198,False,2,2027-07-22,2027-07-23,False,-1,165,168,False,-3,True
CLM-2026-00392,2026-06-12,2027-05-04,2027-05-01,24,326,323,False,3,2028-06-12,2028-06-12,True,0,405,408,False,-3,True
CLM-2026-00551,2025-02-03,2025-03-15,2025-03-13,12,40,38,False,2,2026-02-03,2026-02-04,False,-1,325,328,False,-3,True
CLM-2026-00911,2024-08-07,2025-02-16,2024-10-27,24,193,81,False,112,2026-08-07,2026-08-08,False,-1,537,650,False,-113,True
CLM-2026-00374,2026-08-03,2027-04-08,2027-04-06,12,248,246,False,2,2027-08-03,2027-08-03,True,0,117,119,False,-2,True
CLM-2026-00935,2025-11-10,2026-03-08,2026-03-04,12,118,114,False,4,2026-11-10,2026-11-11,False,-1,247,252,False,-5,True
CLM-2026-01190,2025-11-30,2026-05-18,2026-05-15,12,169,166,False,3,2026-11-30,2026-12-01,False,-1,196,200,False,-4,True
CLM-2026-01279,2026-06-03,2026-06-26,2026-06-21,12,23,18,False,5,2027-06-03,2027-06-04,False,-1,342,348,False,-6,True
CLM-2026-00215,2026-04-19,2026-07-11,2026-07-07,12,83,79,False,4,2027-04-19,2027-04-20,False,-1,282,287,False,-5,True
CLM-2026-01434,2025-01-16,2025-03-04,2025-03-01,24,47,44,False,3,2027-01-16,2027-01-17,False,-1,683,687,False,-4,True
CLM-2026-00073,2026-06-25,2027-03-26,2027-03-23,12,274,271,False,3,2027-06-25,2027-06-26,False,-1,91,95,False,-4,True
CLM-2026-01244,2025-12-02,2026-05-01,2026-04-20,12,150,139,False,11,2026-12-02,2026-12-03,False,-1,215,227,False,-12,True
CLM-2026-00527,2025-08-11,2025-09-16,2025-09-15,24,36,35,False,1,2027-08-11,2027-08-12,False,-1,694,696,False,-2,True
CLM-2026-00688,2025-04-10,2025-06-10,2025-06-04,12,61,55,False,6,2026-04-10,2026-04-11,False,-1,304,311,False,-7,True
CLM-2026-00950,2025-08-14,2025-09-24,2025-09-23,12,41,40,False,1,2026-08-14,2026-08-15,False,-1,324,326,False,-2,True
CLM-2026-01344,2025-05-27,2025-06-24,2025-06-20,24,28,24,False,4,2027-05-27,2027-05-28,False,-1,702,707,False,-5,True
CLM-2026-00226,2026-04-20,2026-06-15,2026-06-10,12,56,51,False,5,2027-04-20,2027-04-21,False,-1,309,315,False,-6,True
CLM-2026-00597,2024-09-27,2025-02-07,2025-02-01,12,133,127,False,6,2025-09-27,2025-09-28,False,-1,232,239,False,-7,True
CLM-2026-01112,2026-05-22,2026-11-01,2026-10-29,12,163,160,False,3,2027-05-22,2027-05-23,False,-1,202,206,False,-4,True
CLM-2026-00192,2026-03-27,2026-10-16,2026-10-13,12,203,200,False,3,2027-03-27,2027-03-27,True,0,162,165,False,-3,True
CLM-2026-00178,2025-10-23,2026-06-18,2026-06-16,24,238,236,False,2,2027-10-23,2027-10-23,True,0,492,494,False,-2,True
CLM-2026-00529,2025-07-06,2026-11-28,2026-11-26,12,510,508,False,2,2026-07-06,2026-07-07,False,-1,-145,-142,False,-3,True
CLM-2026-00430,2026-01-19,2026-08-21,2026-08-20,12,214,213,False,1,2027-01-19,2027-01-19,True,0,151,152,False,-1,True
CLM-2026-00750,2025-02-26,2025-06-02,2025-05-29,12,96,92,False,4,2026-02-26,2026-02-27,False,-1,269,274,False,-5,True
CLM-2026-01042,2025-01-09,2028-01-19,2028-01-16,36,1105,1102,False,3,2028-01-09,2028-01-10,False,-1,-10,-6,False,-4,True
CLM-2026-01275,2025-06-08,2026-11-03,2026-11-01,24,513,511,False,2,2027-06-08,2027-06-09,False,-1,217,220,False,-3,True
CLM-2026-00789,2025-09-03,2026-02-03,2026-01-29,12,153,148,False,5,2026-09-03,2026-09-04,False,-1,212,218,False,-6,True
CLM-2026-00866,2025-01-01,2026-05-04,2026-04-29,12,488,483,False,5,2026-01-01,2026-01-02,False,-1,-123,-117,False,-6,True
CLM-2026-00075,2025-12-14,2026-07-05,2026-06-30,12,203,198,False,5,2026-12-14,2026-12-14,True,0,162,167,False,-5,True
CLM-2026-01099,2026-01-01,2027-01-04,2026-12-28,12,368,361,False,7,2027-01-01,2027-01-02,False,-1,-3,5,False,-8,True
CLM-2026-01430,2025-11-25,2026-04-19,2026-04-16,24,145,142,False,3,2027-11-25,2027-11-26,False,-1,585,589,False,-4,True
CLM-2026-00193,2025-10-13,2028-04-10,2028-04-08,36,910,908,False,2,2028-10-13,2028-10-13,True,0,186,188,False,-2,True
CLM-2026-00036,2026-05-04,2026-09-11,2026-09-08,12,130,127,False,3,2027-05-04,2027-05-05,False,-1,235,239,False,-4,True
CLM-2026-00634,2025-06-07,2025-09-20,2025-09-16,24,105,101,False,4,2027-06-07,2027-06-08,False,-1,625,630,False,-5,True
CLM-2026-01122,2025-12-29,2026-02-04,2026-01-31,12,37,33,False,4,2026-12-29,2026-12-30,False,-1,328,333,False,-5,True
CLM-2026-00855,2025-11-04,2025-12-05,2025-11-30,24,31,26,False,5,2027-11-04,2027-11-05,False,-1,699,705,False,-6,True
CLM-2026-01051,2026-03-03,2027-01-28,2027-01-23,12,331,326,False,5,2027-03-03,2027-03-04,False,-1,34,40,False,-6,True
CLM-2026-00611,2025-02-24,2025-07-06,2025-07-03,36,132,129,False,3,2028-02-24,2028-02-25,False,-1,963,967,False,-4,True
CLM-2026-00449,2026-05-07,2028-03-03,2028-02-29,24,666,663,False,3,2028-05-07,2028-05-06,False,1,65,67,False,-2,True
CLM-2026-01259,2026-06-27,2026-09-28,2026-09-18,12,93,83,False,10,2027-06-27,2027-06-28,False,-1,272,283,False,-11,True
CLM-2026-00210,2025-11-05,2027-08-29,2027-08-27,24,662,660,False,2,2027-11-05,2027-11-06,False,-1,68,71,False,-3,True
CLM-2026-01017,2025-05-03,2026-02-12,2026-02-07,24,285,280,False,5,2027-05-03,2027-05-04,False,-1,445,451,False,-6,True
CLM-2026-00175,2026-03-05,2027-08-02,2027-08-01,24,515,514,False,1,2028-03-05,2028-03-05,True,0,216,217,False,-1,True
CLM-2026-01086,2026-02-01,2026-11-24,2026-11-09,24,296,281,False,15,2028-02-01,2028-02-02,False,-1,434,450,False,-16,True
CLM-2026-00340,2026-04-28,2026-08-13,2026-08-10,12,107,104,False,3,2027-04-28,2027-04-28,True,0,258,261,False,-3,True
CLM-2026-00625,2024-12-09,2025-05-14,2025-02-25,12,156,78,False,78,2025-12-09,2025-12-10,False,-1,209,288,False,-79,True
CLM-2026-00799,2024-08-27,2025-02-08,2024-10-28,12,165,62,False,103,2025-08-27,2025-08-28,False,-1,200,304,False,-104,True
CLM-2026-00483,2026-04-06,2027-01-15,2027-01-14,12,284,283,False,1,2027-04-06,2027-04-06,True,0,81,82,False,-1,True
CLM-2026-00415,2026-06-16,2026-10-15,2026-10-12,12,121,118,False,3,2027-06-16,2027-06-17,False,-1,244,248,False,-4,True
CLM-2026-00310,2026-08-04,2027-07-04,2027-07-03,12,334,333,False,1,2027-08-04,2027-08-04,True,0,31,32,False,-1,True
CLM-2026-00188,2026-06-13,2027-09-25,2027-09-21,24,469,465,False,4,2028-06-13,2028-06-13,True,0,262,266,False,-4,True
CLM-2026-01484,2025-10-21,2027-10-25,2027-10-17,24,734,726,False,8,2027-10-21,2027-10-22,False,-1,-4,5,False,-9,True
CLM-2026-00580,2024-09-07,2024-10-26,2024-10-21,12,49,44,False,5,2025-09-07,2025-09-08,False,-1,316,322,False,-6,True
CLM-2026-01297,2025-10-28,2026-04-26,2026-04-24,12,180,178,False,2,2026-10-28,2026-10-29,False,-1,185,188,False,-3,True
CLM-2026-00923,2025-05-10,2025-10-14,2025-10-12,12,157,155,False,2,2026-05-10,2026-05-11,False,-1,208,211,False,-3,True
CLM-2026-00560,2025-02-05,2025-05-15,2025-05-10,12,99,94,False,5,2026-02-05,2026-02-06,False,-1,266,272,False,-6,True
CLM-2026-00874,2025-04-19,2028-05-27,2028-05-24,36,1134,1131,False,3,2028-04-19,2028-04-19,True,0,-38,-35,False,-3,True
CLM-2026-00043,2025-12-18,2026-02-24,2026-02-22,24,68,66,False,2,2027-12-18,2027-12-19,False,-1,662,665,False,-3,True
CLM-2026-01452,2026-01-31,2027-02-05,2027-01-29,12,370,363,False,7,2027-01-31,2027-02-01,False,-1,-5,3,False,-8,True
CLM-2026-00842,2025-09-08,2026-03-09,2026-03-03,12,182,176,False,6,2026-09-08,2026-09-09,False,-1,183,190,False,-7,True
CLM-2026-00013,2025-12-05,2026-03-25,2026-03-22,12,110,107,False,3,2026-12-05,2026-12-05,True,0,255,258,False,-3,True
CLM-2026-00269,2026-01-12,2027-12-12,2027-12-10,24,699,697,False,2,2028-01-12,2028-01-12,True,0,31,33,False,-2,True
CLM-2026-00917,2024-11-24,2026-02-19,2026-02-12,12,452,445,False,7,2025-11-24,2025-11-25,False,-1,-87,-79,False,-8,True
CLM-2026-01060,2026-07-26,2028-10-22,2028-10-19,36,819,816,False,3,2029-07-26,2029-07-26,True,0,277,280,False,-3,True
CLM-2026-00922,2024-11-09,2025-02-17,2025-02-12,12,100,95,False,5,2025-11-09,2025-11-10,False,-1,265,271,False,-6,True
CLM-2026-00739,2024-07-22,2024-10-03,2024-09-27,12,73,67,False,6,2025-07-22,2025-07-23,False,-1,292,299,False,-7,True
CLM-2026-00171,2026-02-16,2027-10-25,2027-10-23,24,616,614,False,2,2028-02-16,2028-02-17,False,-1,114,117,False,-3,True
CLM-2026-01335,2026-07-03,2027-07-09,2027-07-05,12,371,367,False,4,2027-07-03,2027-07-04,False,-1,-6,-1,False,-5,True
CLM-2026-00843,2025-05-19,2025-07-11,2025-07-07,12,53,49,False,4,2026-05-19,2026-05-20,False,-1,312,317,False,-5,True
CLM-2026-00840,2025-04-04,2025-10-17,2025-06-22,12,196,79,False,117,2026-04-04,2026-04-05,False,-1,169,287,False,-118,True
CLM-2026-00542,2026-03-03,2026-08-20,2026-06-11,12,170,100,False,70,2027-03-03,2027-03-04,False,-1,195,266,False,-71,True
CLM-2026-01361,2025-12-01,2026-10-03,2026-09-28,12,306,301,False,5,2026-12-01,2026-12-02,False,-1,59,65,False,-6,True
CLM-2026-00598,2025-06-02,2025-07-26,2025-07-23,12,54,51,False,3,2026-06-02,2026-06-03,False,-1,311,315,False,-4,True
CLM-2026-01396,2025-04-19,2026-03-31,2026-03-28,24,346,343,False,3,2027-04-19,2027-04-20,False,-1,384,388,False,-4,True
CLM-2026-00468,2026-05-10,2027-05-22,2027-05-18,24,377,373,False,4,2028-05-10,2028-05-10,True,0,354,358,False,-4,True
CLM-2026-00360,2025-10-07,2027-01-26,2027-01-25,24,476,475,False,1,2027-10-07,2027-10-08,False,-1,254,256,False,-2,True
CLM-2026-00409,2026-01-02,2026-03-06,2026-03-05,12,63,62,False,1,2027-01-02,2027-01-02,True,0,302,303,False,-1,True
CLM-2026-00228,2025-11-19,2026-01-04,2026-01-03,12,46,45,False,1,2026-11-19,2026-11-19,True,0,319,320,False,-1,True
CLM-2026-00134,2025-10-01,2027-09-01,2027-08-30,24,700,698,False,2,2027-10-01,2027-10-01,True,0,30,32,False,-2,True
CLM-2026-00506,2025-12-16,2026-04-28,2026-04-25,12,133,130,False,3,2026-12-16,2026-12-17,False,-1,232,236,False,-4,True
CLM-2026-01110,2025-12-30,2027-01-04,2027-01-01,12,370,367,False,3,2026-12-30,2026-12-31,False,-1,-5,-1,False,-4,True
CLM-2026-01284,2026-05-30,2026-12-10,2026-11-30,12,194,184,False,10,2027-05-30,2027-05-31,False,-1,171,182,False,-11,True
CLM-2026-00236,2026-02-08,2028-01-25,2028-01-24,36,716,715,False,1,2029-02-08,2029-02-08,True,0,380,381,False,-1,True
CLM-2026-00248,2026-04-06,2026-12-28,2026-12-27,12,266,265,False,1,2027-04-06,2027-04-06,True,0,99,100,False,-1,True
CLM-2026-00133,2026-06-20,2027-01-06,2027-01-03,12,200,197,False,3,2027-06-20,2027-06-20,True,0,165,168,False,-3,True
CLM-2026-00121,2025-10-25,2026-08-10,2026-08-09,24,289,288,False,1,2027-10-25,2027-10-26,False,-1,441,443,False,-2,True
CLM-2026-00989,2024-08-20,2025-01-17,2024-11-27,12,150,99,False,51,2025-08-20,2025-08-21,False,-1,215,267,False,-52,True
CLM-2026-01109,2026-01-15,2026-10-18,2026-10-15,24,276,273,False,3,2028-01-15,2028-01-16,False,-1,454,458,False,-4,True
CLM-2026-00107,2025-11-15,2026-08-26,2026-08-23,12,284,281,False,3,2026-11-15,2026-11-16,False,-1,81,85,False,-4,True
CLM-2026-00267,2025-11-12,2026-02-27,2026-02-24,12,107,104,False,3,2026-11-12,2026-11-12,True,0,258,261,False,-3,True
CLM-2026-00433,2026-06-23,2026-09-27,2026-09-26,12,96,95,False,1,2027-06-23,2027-06-23,True,0,269,270,False,-1,True
CLM-2026-00218,2025-12-05,2026-10-22,2026-10-21,12,321,320,False,1,2026-12-05,2026-12-06,False,-1,44,46,False,-2,True
CLM-2026-01281,2026-03-01,2026-07-07,2026-07-05,12,128,126,False,2,2027-03-01,2027-03-02,False,-1,237,240,False,-3,True
CLM-2026-00097,2025-12-12,2026-10-20,2026-10-15,12,312,307,False,5,2026-12-12,2026-12-13,False,-1,53,59,False,-6,True
CLM-2026-00232,2025-12-08,2026-11-04,2026-11-01,12,331,328,False,3,2026-12-08,2026-12-09,False,-1,34,38,False,-4,True
CLM-2026-01015,2026-03-31,2026-09-18,2026-09-14,12,171,167,False,4,2027-03-31,2027-04-01,False,-1,194,199,False,-5,True
CLM-2026-00056,2026-07-11,2027-05-02,2027-04-30,24,295,293,False,2,2028-07-11,2028-07-11,True,0,436,438,False,-2,True
CLM-2026-00387,2026-01-16,2026-06-30,2026-06-29,12,165,164,False,1,2027-01-16,2027-01-16,True,0,200,201,False,-1,True
CLM-2026-01100,2026-03-20,2027-10-12,2027-10-10,36,571,569,False,2,2029-03-20,2029-03-20,True,0,525,527,False,-2,True
CLM-2026-00979,2025-02-01,2025-08-02,2025-04-05,12,182,63,False,119,2026-02-01,2026-02-02,False,-1,183,303,False,-120,True
CLM-2026-00040,2026-06-14,2028-04-19,2028-04-17,24,675,673,False,2,2028-06-14,2028-06-13,False,1,56,57,False,-1,True
CLM-2026-01022,2026-04-16,2027-03-30,2027-03-27,12,348,345,False,3,2027-04-16,2027-04-17,False,-1,17,21,False,-4,True
CLM-2026-01081,2026-06-21,2027-03-11,2027-03-07,12,263,259,False,4,2027-06-21,2027-06-22,False,-1,102,107,False,-5,True
CLM-2026-00880,2024-10-02,2024-12-28,2024-12-26,12,87,85,False,2,2025-10-02,2025-10-03,False,-1,278,281,False,-3,True
CLM-2026-01132,2024-12-11,2026-08-13,2026-07-28,24,610,594,False,16,2026-12-11,2026-12-12,False,-1,120,137,False,-17,True
CLM-2026-00664,2024-09-10,2024-11-08,2024-11-04,36,59,55,False,4,2027-09-10,2027-09-11,False,-1,1036,1041,False,-5,True
CLM-2026-00265,2026-07-11,2027-02-06,2027-02-05,12,210,209,False,1,2027-07-11,2027-07-12,False,-1,155,157,False,-2,True
CLM-2026-01473,2025-12-07,2026-09-07,2026-09-05,12,274,272,False,2,2026-12-07,2026-12-08,False,-1,91,94,False,-3,True
CLM-2026-01039,2026-06-03,2026-11-06,2026-11-04,12,156,154,False,2,2027-06-03,2027-06-04,False,-1,209,212,False,-3,True
CLM-2026-01111,2026-05-20,2027-05-23,2027-05-20,12,368,365,False,3,2027-05-20,2027-05-21,False,-1,-3,1,False,-4,True
CLM-2026-01251,2025-08-15,2026-12-22,2026-12-13,24,494,485,False,9,2027-08-15,2027-08-16,False,-1,236,246,False,-10,True
CLM-2026-00206,2026-08-07,2027-02-14,2027-02-10,12,191,187,False,4,2027-08-07,2027-08-07,True,0,174,178,False,-4,True
CLM-2026-00865,2025-04-09,2025-08-05,2025-08-01,24,118,114,False,4,2027-04-09,2027-04-10,False,-1,612,617,False,-5,True
CLM-2026-00347,2026-07-26,2027-05-20,2027-05-17,12,298,295,False,3,2027-07-26,2027-07-26,True,0,67,70,False,-3,True
CLM-2026-00458,2026-05-17,2026-07-18,2026-07-15,12,62,59,False,3,2027-05-17,2027-05-17,True,0,303,306,False,-3,True
CLM-2026-01347,2026-03-31,2026-06-30,2026-06-19,12,91,80,False,11,2027-03-31,2027-04-01,False,-1,274,286,False,-12,True
CLM-2026-00618,2024-07-19,2024-11-07,2024-11-02,12,111,106,False,5,2025-07-19,2025-07-20,False,-1,254,260,False,-6,True
CLM-2026-01216,2026-07-21,2027-07-23,2027-07-20,12,367,364,False,3,2027-07-21,2027-07-22,False,-1,-2,2,False,-4,True
CLM-2026-01045,2026-06-27,2027-03-26,2027-03-23,12,272,269,False,3,2027-06-27,2027-06-28,False,-1,93,97,False,-4,True
CLM-2026-00081,2026-05-14,2029-01-31,2029-01-29,36,993,991,False,2,2029-05-14,2029-05-14,True,0,103,105,False,-2,True
CLM-2026-00485,2026-04-15,2026-11-02,2026-10-31,12,201,199,False,2,2027-04-15,2027-04-16,False,-1,164,167,False,-3,True
CLM-2026-01188,2026-05-22,2026-11-30,2026-11-17,12,192,179,False,13,2027-05-22,2027-05-23,False,-1,173,187,False,-14,True
CLM-2026-00599,2024-11-23,2025-03-08,2025-03-02,12,105,99,False,6,2025-11-23,2025-11-24,False,-1,260,267,False,-7,True
CLM-2026-00480,2026-04-30,2026-06-03,2026-06-01,12,34,32,False,2,2027-04-30,2027-04-30,True,0,331,333,False,-2,True
CLM-2026-01219,2025-09-24,2026-09-30,2026-09-28,12,371,369,False,2,2026-09-24,2026-09-25,False,-1,-6,-3,False,-3,True
CLM-2026-01172,2026-07-08,2027-03-27,2027-03-23,12,262,258,False,4,2027-07-08,2027-07-09,False,-1,103,108,False,-5,True
CLM-2026-00587,2024-11-22,2025-04-28,2025-04-23,12,157,152,False,5,2025-11-22,2025-11-23,False,-1,208,214,False,-6,True
CLM-2026-01295,2025-12-04,2026-12-09,2026-12-01,12,370,362,False,8,2026-12-04,2026-12-05,False,-1,-5,4,False,-9,True
CLM-2026-01064,2025-09-11,2025-11-17,2025-11-13,24,67,63,False,4,2027-09-11,2027-09-12,False,-1,663,668,False,-5,True
CLM-2026-00991,2025-02-11,2025-03-10,2025-03-04,12,27,21,False,6,2026-02-11,2026-02-12,False,-1,338,345,False,-7,True
CLM-2026-00199,2026-06-07,2027-01-06,2027-01-01,12,213,208,False,5,2027-06-07,2027-06-07,True,0,152,157,False,-5,True
CLM-2026-00341,2026-03-20,2026-04-08,2026-04-07,36,19,18,False,1,2029-03-20,2029-03-19,False,1,1077,1077,True,0,True
CLM-2026-01010,2026-06-03,2026-11-28,2026-11-15,12,178,165,False,13,2027-06-03,2027-06-04,False,-1,187,201,False,-14,True
CLM-2026-00624,2025-03-27,2025-09-01,2025-05-18,12,158,52,False,106,2026-03-27,2026-03-28,False,-1,207,314,False,-107,True
CLM-2026-01472,2025-04-10,2027-04-12,2027-04-09,24,732,729,False,3,2027-04-10,2027-04-11,False,-1,-2,2,False,-4,True
CLM-2026-01280,2025-12-06,2026-02-21,2026-02-19,12,77,75,False,2,2026-12-06,2026-12-07,False,-1,288,291,False,-3,True
CLM-2026-00482,2026-08-07,2027-05-07,2027-05-02,12,273,268,False,5,2027-08-07,2027-08-08,False,-1,92,98,False,-6,True
CLM-2026-00298,2026-06-05,2026-11-06,2026-11-03,12,154,151,False,3,2027-06-05,2027-06-06,False,-1,211,215,False,-4,True
CLM-2026-00242,2026-01-03,2026-11-17,2026-11-15,12,318,316,False,2,2027-01-03,2027-01-04,False,-1,47,50,False,-3,True
CLM-2026-00058,2025-11-15,2025-12-31,2025-12-27,12,46,42,False,4,2026-11-15,2026-11-15,True,0,319,323,False,-4,True
CLM-2026-01001,2026-06-26,2027-01-09,2027-01-06,12,197,194,False,3,2027-06-26,2027-06-27,False,-1,168,172,False,-4,True
CLM-2026-00270,2025-11-10,2026-08-14,2026-08-13,12,277,276,False,1,2026-11-10,2026-11-10,True,0,88,89,False,-1,True
CLM-2026-00198,2026-06-09,2027-02-14,2027-02-09,12,250,245,False,5,2027-06-09,2027-06-10,False,-1,115,121,False,-6,True
CLM-2026-01286,2025-12-28,2026-08-11,2026-07-30,12,226,214,False,12,2026-12-28,2026-12-29,False,-1,139,152,False,-13,True
CLM-2026-00182,2025-10-30,2026-04-09,2026-04-08,12,161,160,False,1,2026-10-30,2026-10-30,True,0,204,205,False,-1,True
CLM-2026-01466,2026-02-02,2026-12-19,2026-12-17,12,320,318,False,2,2027-02-02,2027-02-03,False,-1,45,48,False,-3,True
CLM-2026-01420,2025-05-20,2025-07-31,2025-07-26,36,72,67,False,5,2028-05-20,2028-05-20,True,0,1024,1029,False,-5,True
CLM-2026-01249,2025-10-18,2026-01-25,2026-01-13,12,99,87,False,12,2026-10-18,2026-10-19,False,-1,266,279,False,-13,True
CLM-2026-00076,2026-06-09,2026-08-03,2026-08-01,12,55,53,False,2,2027-06-09,2027-06-10,False,-1,310,313,False,-3,True
CLM-2026-00694,2025-05-06,2025-09-01,2025-08-30,12,118,116,False,2,2026-05-06,2026-05-07,False,-1,247,250,False,-3,True
CLM-2026-00749,2025-07-01,2025-10-10,2025-10-08,24,101,99,False,2,2027-07-01,2027-07-02,False,-1,629,632,False,-3,True
CLM-2026-01469,2026-03-17,2027-01-22,2027-01-20,24,311,309,False,2,2028-03-17,2028-03-17,True,0,420,422,False,-2,True
CLM-2026-00400,2026-03-16,2026-03-27,2026-03-26,12,11,10,False,1,2027-03-16,2027-03-16,True,0,354,355,False,-1,True
CLM-2026-00766,2025-04-12,2025-08-14,2025-05-20,12,124,38,False,86,2026-04-12,2026-04-13,False,-1,241,328,False,-87,True
CLM-2026-01243,2026-02-17,2026-08-20,2026-08-15,12,184,179,False,5,2027-02-17,2027-02-18,False,-1,181,187,False,-6,True
CLM-2026-00915,2025-01-21,2025-06-05,2025-06-02,12,135,132,False,3,2026-01-21,2026-01-22,False,-1,230,234,False,-4,True
CLM-2026-01239,2026-03-17,2026-04-11,2026-04-06,12,25,20,False,5,2027-03-17,2027-03-18,False,-1,340,346,False,-6,True
CLM-2026-01000,2024-12-07,2025-02-12,2025-02-07,12,67,62,False,5,2025-12-07,2025-12-08,False,-1,298,304,False,-6,True
CLM-2026-01481,2026-07-09,2027-06-07,2027-06-05,12,333,331,False,2,2027-07-09,2027-07-10,False,-1,32,35,False,-3,True
CLM-2026-00172,2026-05-28,2027-01-21,2027-01-22,12,238,239,False,-1,2027-05-28,2027-05-28,True,0,127,126,False,1,True
CLM-2026-00243,2026-03-25,2027-01-05,2027-01-02,12,286,283,False,3,2027-03-25,2027-03-26,False,-1,79,83,False,-4,True
CLM-2026-00369,2026-07-29,2026-10-14,2026-10-10,12,77,73,False,4,2027-07-29,2027-07-30,False,-1,288,293,False,-5,True
CLM-2026-00008,2026-03-07,2026-04-17,2026-04-15,12,41,39,False,2,2027-03-07,2027-03-07,True,0,324,326,False,-2,True
CLM-2026-00295,2026-02-05,2026-03-11,2026-03-06,12,34,29,False,5,2027-02-05,2027-02-05,True,0,331,336,False,-5,True
CLM-2026-00970,2025-08-09,2025-11-14,2025-11-12,12,97,95,False,2,2026-08-09,2026-08-10,False,-1,268,271,False,-3,True
CLM-2026-01331,2025-10-13,2027-10-15,2027-10-13,24,732,730,False,2,2027-10-13,2027-10-14,False,-1,-2,1,False,-3,True
CLM-2026-00759,2024-12-18,2026-08-13,2026-08-09,12,603,599,False,4,2025-12-18,2025-12-19,False,-1,-238,-233,False,-5,True
CLM-2026-00167,2025-12-02,2026-06-15,2026-06-10,12,195,190,False,5,2026-12-02,2026-12-03,False,-1,170,176,False,-6,True
CLM-2026-00241,2026-02-15,2026-12-01,2026-11-29,12,289,287,False,2,2027-02-15,2027-02-16,False,-1,76,79,False,-3,True
CLM-2026-01247,2026-01-18,2026-11-26,2026-11-22,12,312,308,False,4,2027-01-18,2027-01-19,False,-1,53,58,False,-5,True
CLM-2026-01359,2026-02-23,2026-09-14,2026-09-09,12,203,198,False,5,2027-02-23,2027-02-24,False,-1,162,168,False,-6,True
CLM-2026-01437,2026-07-24,2028-07-30,2028-07-27,24,737,734,False,3,2028-07-24,2028-07-24,True,0,-6,-3,False,-3,True
CLM-2026-01299,2024-12-30,2027-01-05,2026-12-31,36,736,731,False,5,2027-12-30,2027-12-31,False,-1,359,365,False,-6,True
CLM-2026-00048,2026-01-01,2026-11-30,2026-12-01,12,333,334,False,-1,2027-01-01,2027-01-01,True,0,32,31,False,1,True
CLM-2026-00117,2025-12-03,2026-06-07,2026-06-04,24,186,183,False,3,2027-12-03,2027-12-04,False,-1,544,548,False,-4,True
CLM-2026-00721,2024-07-27,2026-02-07,2026-02-06,12,560,559,False,1,2025-07-27,2025-07-28,False,-1,-195,-193,False,-2,True
CLM-2026-01338,2025-11-17,2026-03-06,2026-03-04,12,109,107,False,2,2026-11-17,2026-11-18,False,-1,256,259,False,-3,True
CLM-2026-00489,2026-01-26,2026-08-07,2026-08-04,12,193,190,False,3,2027-01-26,2027-01-26,True,0,172,175,False,-3,True
CLM-2026-00498,2025-10-07,2025-11-14,2025-11-15,24,38,39,False,-1,2027-10-07,2027-10-08,False,-1,692,692,True,0,True
CLM-2026-01250,2026-07-23,2027-01-02,2026-12-30,12,163,160,False,3,2027-07-23,2027-07-24,False,-1,202,206,False,-4,True
CLM-2026-00096,2026-03-11,2026-12-11,2026-12-06,12,275,270,False,5,2027-03-11,2027-03-12,False,-1,90,96,False,-6,True
CLM-2026-00306,2026-03-28,2026-09-26,2026-09-22,12,182,178,False,4,2027-03-28,2027-03-28,True,0,183,187,False,-4,True
CLM-2026-00809,2026-01-10,2026-05-12,2026-03-02,12,122,51,False,71,2027-01-10,2027-01-11,False,-1,243,315,False,-72,True
CLM-2026-00552,2025-06-15,2025-07-23,2025-07-21,12,38,36,False,2,2026-06-15,2026-06-16,False,-1,327,330,False,-3,True
CLM-2026-00138,2026-04-26,2027-03-19,2027-03-15,12,327,323,False,4,2027-04-26,2027-04-27,False,-1,38,43,False,-5,True
CLM-2026-01159,2025-10-09,2026-08-30,2026-08-26,12,325,321,False,4,2026-10-09,2026-10-10,False,-1,40,45,False,-5,True
CLM-2026-00293,2026-05-07,2028-05-28,2028-05-24,36,752,748,False,4,2029-05-07,2029-05-07,True,0,344,348,False,-4,True
CLM-2026-01175,2026-05-23,2027-05-27,2027-05-25,12,369,367,False,2,2027-05-23,2027-05-24,False,-1,-4,-1,False,-3,True
CLM-2026-00363,2025-12-01,2026-07-30,2026-07-28,24,241,239,False,2,2027-12-01,2027-12-01,True,0,489,491,False,-2,True
CLM-2026-01289,2026-04-07,2027-02-26,2027-02-23,12,325,322,False,3,2027-04-07,2027-04-08,False,-1,40,44,False,-4,True
CLM-2026-00379,2025-11-14,2026-07-03,2026-06-28,12,231,226,False,5,2026-11-14,2026-11-14,True,0,134,139,False,-5,True
CLM-2026-00054,2025-12-17,2026-07-26,2026-07-25,12,221,220,False,1,2026-12-17,2026-12-18,False,-1,144,146,False,-2,True
CLM-2026-01330,2026-05-30,2027-05-26,2027-05-10,12,361,345,False,16,2027-05-30,2027-05-31,False,-1,4,21,False,-17,True
CLM-2026-00710,2025-12-19,2026-02-08,2026-02-05,24,51,48,False,3,2027-12-19,2027-12-20,False,-1,679,683,False,-4,True
CLM-2026-00163,2026-06-06,2026-09-18,2026-09-15,12,104,101,False,3,2027-06-06,2027-06-07,False,-1,261,265,False,-4,True
CLM-2026-00007,2026-05-23,2026-06-07,2026-06-04,12,15,12,False,3,2027-05-23,2027-05-24,False,-1,350,354,False,-4,True
CLM-2026-01324,2026-06-16,2027-04-29,2027-04-27,12,317,315,False,2,2027-06-16,2027-06-17,False,-1,48,51,False,-3,True
CLM-2026-01421,2025-03-23,2026-03-24,2026-03-20,24,366,362,False,4,2027-03-23,2027-03-24,False,-1,364,369,False,-5,True
CLM-2026-01005,2025-12-23,2026-07-19,2026-07-16,12,208,205,False,3,2026-12-23,2026-12-24,False,-1,157,161,False,-4,True
CLM-2026-00555,2024-08-05,2024-09-04,2024-08-29,24,30,24,False,6,2026-08-05,2026-08-06,False,-1,700,707,False,-7,True
CLM-2026-00628,2025-11-07,2026-03-03,2026-02-27,24,116,112,False,4,2027-11-07,2027-11-08,False,-1,614,619,False,-5,True
CLM-2026-00065,2026-01-03,2026-06-12,2026-06-07,12,160,155,False,5,2027-01-03,2027-01-03,True,0,205,210,False,-5,True
CLM-2026-00083,2026-01-06,2027-04-06,2027-04-01,24,455,450,False,5,2028-01-06,2028-01-06,True,0,275,280,False,-5,True
CLM-2026-00648,2025-10-23,2026-03-16,2026-03-13,12,144,141,False,3,2026-10-23,2026-10-24,False,-1,221,225,False,-4,True
CLM-2026-00651,2025-06-13,2025-10-25,2025-10-24,24,134,133,False,1,2027-06-13,2027-06-14,False,-1,596,598,False,-2,True
CLM-2026-00662,2025-01-23,2025-06-21,2025-06-20,24,149,148,False,1,2027-01-23,2027-01-24,False,-1,581,583,False,-2,True
CLM-2026-00064,2025-12-22,2026-11-19,2026-11-20,36,332,333,False,-1,2028-12-22,2028-12-22,True,0,764,763,False,1,True
CLM-2026-00937,2025-02-24,2025-07-09,2025-07-08,12,135,134,False,1,2026-02-24,2026-02-25,False,-1,230,232,False,-2,True
CLM-2026-01399,2026-07-18,2027-01-20,2027-01-16,12,186,182,False,4,2027-07-18,2027-07-19,False,-1,179,184,False,-5,True
CLM-2026-00251,2026-05-25,2026-11-21,2026-11-17,12,180,176,False,4,2027-05-25,2027-05-26,False,-1,185,190,False,-5,True
CLM-2026-01198,2025-09-22,2026-02-11,2026-01-29,12,142,129,False,13,2026-09-22,2026-09-23,False,-1,223,237,False,-14,True
CLM-2026-00823,2025-11-09,2026-03-06,2026-03-01,12,117,112,False,5,2026-11-09,2026-11-10,False,-1,248,254,False,-6,True
CLM-2026-01487,2026-05-21,2026-07-31,2026-07-26,12,71,66,False,5,2027-05-21,2027-05-22,False,-1,294,300,False,-6,True
CLM-2026-01349,2026-07-05,2028-07-04,2028-07-01,36,730,727,False,3,2029-07-05,2029-07-05,True,0,366,369,False,-3,True
CLM-2026-01446,2025-12-06,2027-02-23,2027-02-20,24,444,441,False,3,2027-12-06,2027-12-07,False,-1,286,290,False,-4,True
CLM-2026-01387,2026-05-07,2027-05-10,2027-05-03,12,368,361,False,7,2027-05-07,2027-05-08,False,-1,-3,5,False,-8,True
CLM-2026-01304,2025-11-04,2026-03-26,2026-03-23,12,142,139,False,3,2026-11-04,2026-11-05,False,-1,223,227,False,-4,True
CLM-2026-00853,2025-08-18,2025-11-02,2025-10-28,24,76,71,False,5,2027-08-18,2027-08-19,False,-1,654,660,False,-6,True
CLM-2026-00693,2025-02-12,2025-06-09,2025-06-05,24,117,113,False,4,2027-02-12,2027-02-13,False,-1,613,618,False,-5,True
CLM-2026-01436,2026-01-08,2026-07-11,2026-06-26,12,184,169,False,15,2027-01-08,2027-01-09,False,-1,181,197,False,-16,True
CLM-2026-01137,2026-03-19,2029-03-27,2029-03-23,36,1104,1100,False,4,2029-03-19,2029-03-19,True,0,-8,-4,False,-4,True
CLM-2026-00719,2025-08-26,2025-12-16,2025-12-15,12,112,111,False,1,2026-08-26,2026-08-27,False,-1,253,255,False,-2,True
CLM-2026-00016,2026-04-08,2026-09-13,2026-09-11,12,158,156,False,2,2027-04-08,2027-04-09,False,-1,207,210,False,-3,True
CLM-2026-01325,2025-03-01,2026-05-19,2026-05-16,24,444,441,False,3,2027-03-01,2027-03-02,False,-1,286,290,False,-4,True
CLM-2026-00050,2026-03-11,2026-08-01,2026-07-28,12,143,139,False,4,2027-03-11,2027-03-12,False,-1,222,227,False,-5,True
CLM-2026-00077,2025-11-27,2026-04-11,2026-04-07,12,135,131,False,4,2026-11-27,2026-11-28,False,-1,230,235,False,-5,True
CLM-2026-00705,2025-12-31,2027-07-29,2027-07-25,12,575,571,False,4,2026-12-31,2027-01-01,False,-1,-210,-205,False,-5,True
CLM-2026-00186,2026-01-27,2027-01-16,2027-01-15,36,354,353,False,1,2029-01-27,2029-01-27,True,0,742,743,False,-1,True
CLM-2026-00831,2024-12-23,2026-04-01,2026-03-31,12,464,463,False,1,2025-12-23,2025-12-24,False,-1,-99,-97,False,-2,True
CLM-2026-00713,2025-06-15,2026-09-11,2026-09-10,12,453,452,False,1,2026-06-15,2026-06-16,False,-1,-88,-86,False,-2,True
CLM-2026-00834,2026-02-22,2026-03-14,2026-03-10,12,20,16,False,4,2027-02-22,2027-02-23,False,-1,345,350,False,-5,True
CLM-2026-01370,2025-12-25,2026-10-12,2026-10-10,12,291,289,False,2,2026-12-25,2026-12-26,False,-1,74,77,False,-3,True
CLM-2026-01353,2025-06-29,2027-05-28,2027-05-24,24,698,694,False,4,2027-06-29,2027-06-30,False,-1,32,37,False,-5,True
CLM-2026-00533,2024-10-25,2026-03-21,2026-03-20,12,512,511,False,1,2025-10-25,2025-10-26,False,-1,-147,-145,False,-2,True
CLM-2026-00316,2026-04-16,2026-10-11,2026-10-09,12,178,176,False,2,2027-04-16,2027-04-16,True,0,187,189,False,-2,True
CLM-2026-00570,2025-01-01,2025-03-30,2025-03-24,12,88,82,False,6,2026-01-01,2026-01-02,False,-1,277,284,False,-7,True
CLM-2026-00146,2026-04-11,2026-11-04,2026-11-05,12,207,208,False,-1,2027-04-11,2027-04-12,False,-1,158,158,True,0,True
CLM-2026-00296,2025-11-17,2026-04-05,2026-04-01,12,139,135,False,4,2026-11-17,2026-11-17,True,0,226,230,False,-4,True
CLM-2026-00945,2026-02-08,2027-05-15,2027-05-08,12,461,454,False,7,2027-02-08,2027-02-09,False,-1,-96,-88,False,-8,True
CLM-2026-00356,2025-11-16,2026-08-09,2026-08-08,12,266,265,False,1,2026-11-16,2026-11-17,False,-1,99,101,False,-2,True
CLM-2026-00676,2025-04-14,2026-09-15,2026-09-10,12,519,514,False,5,2026-04-14,2026-04-15,False,-1,-154,-148,False,-6,True
CLM-2026-00038,2025-10-30,2026-09-21,2026-09-16,12,326,321,False,5,2026-10-30,2026-10-31,False,-1,39,45,False,-6,True
CLM-2026-00158,2026-07-04,2026-08-18,2026-08-16,12,45,43,False,2,2027-07-04,2027-07-04,True,0,320,322,False,-2,True
CLM-2026-00406,2025-11-20,2026-03-25,2026-03-24,12,125,124,False,1,2026-11-20,2026-11-20,True,0,240,241,False,-1,True
CLM-2026-00797,2024-09-07,2024-10-31,2024-10-26,12,54,49,False,5,2025-09-07,2025-09-08,False,-1,311,317,False,-6,True
CLM-2026-00382,2026-02-18,2026-06-09,2026-06-04,36,111,106,False,5,2029-02-18,2029-02-18,True,0,985,990,False,-5,True
CLM-2026-00556,2025-06-26,2027-09-16,2027-09-12,24,812,808,False,4,2027-06-26,2027-06-27,False,-1,-82,-77,False,-5,True
CLM-2026-00331,2026-03-02,2026-09-16,2026-09-12,12,198,194,False,4,2027-03-02,2027-03-02,True,0,167,171,False,-4,True
CLM-2026-01208,2026-07-19,2027-04-13,2027-04-03,12,268,258,False,10,2027-07-19,2027-07-20,False,-1,97,108,False,-11,True
CLM-2026-01027,2024-12-07,2025-05-26,2025-05-23,36,170,167,False,3,2027-12-07,2027-12-08,False,-1,925,929,False,-4,True
CLM-2026-00778,2026-02-11,2028-06-01,2028-05-30,24,841,839,False,2,2028-02-11,2028-02-12,False,-1,-111,-108,False,-3,True
CLM-2026-00390,2026-06-06,2026-10-08,2026-10-04,12,124,120,False,4,2027-06-06,2027-06-07,False,-1,241,246,False,-5,True
CLM-2026-00263,2026-05-01,2026-06-12,2026-06-08,12,42,38,False,4,2027-05-01,2027-05-02,False,-1,323,328,False,-5,True
CLM-2026-00765,2024-08-21,2025-02-16,2024-11-25,12,179,96,False,83,2025-08-21,2025-08-22,False,-1,186,270,False,-84,True
CLM-2026-00231,2026-05-10,2027-02-01,2027-01-30,12,267,265,False,2,2027-05-10,2027-05-10,True,0,98,100,False,-2,True
CLM-2026-00984,2025-08-01,2026-08-31,2026-08-29,12,395,393,False,2,2026-08-01,2026-08-02,False,-1,-30,-27,False,-3,True
CLM-2026-00751,2025-05-19,2026-11-03,2026-10-27,12,533,526,False,7,2026-05-19,2026-05-20,False,-1,-168,-160,False,-8,True
CLM-2026-01495,2026-06-04,2028-06-29,2028-06-18,36,756,745,False,11,2029-06-04,2029-06-04,True,0,340,351,False,-11,True
CLM-2026-00223,2026-04-02,2026-04-15,2026-04-14,12,13,12,False,1,2027-04-02,2027-04-02,True,0,352,353,False,-1,True
CLM-2026-01290,2026-05-30,2026-06-25,2026-06-16,12,26,17,False,9,2027-05-30,2027-05-31,False,-1,339,349,False,-10,True
CLM-2026-00432,2026-06-20,2026-12-09,2026-12-05,12,172,168,False,4,2027-06-20,2027-06-21,False,-1,193,198,False,-5,True
CLM-2026-01357,2026-01-29,2026-08-30,2026-08-25,12,213,208,False,5,2027-01-29,2027-01-30,False,-1,152,158,False,-6,True
CLM-2026-00349,2026-04-08,2026-08-19,2026-08-16,12,133,130,False,3,2027-04-08,2027-04-08,True,0,232,235,False,-3,True
CLM-2026-00025,2026-04-09,2026-04-22,2026-04-21,12,13,12,False,1,2027-04-09,2027-04-09,True,0,352,353,False,-1,True
CLM-2026-00606,2025-03-22,2025-08-10,2025-08-05,12,141,136,False,5,2026-03-22,2026-03-23,False,-1,224,230,False,-6,True
CLM-2026-01498,2025-10-02,2026-05-25,2026-05-16,24,235,226,False,9,2027-10-02,2027-10-03,False,-1,495,505,False,-10,True
CLM-2026-01320,2026-06-12,2027-03-07,2027-03-04,24,268,265,False,3,2028-06-12,2028-06-12,True,0,463,466,False,-3,True
CLM-2026-00968,2024-11-06,2026-06-29,2026-06-27,12,600,598,False,2,2025-11-06,2025-11-07,False,-1,-235,-232,False,-3,True
CLM-2026-00114,2026-03-27,2028-03-01,2028-02-25,24,705,700,False,5,2028-03-27,2028-03-27,True,0,26,31,False,-5,True
CLM-2026-00154,2026-05-31,2026-12-19,2026-12-18,36,202,201,False,1,2029-05-31,2029-05-31,True,0,894,895,False,-1,True
CLM-2026-01422,2025-07-16,2028-04-16,2028-04-14,36,1005,1003,False,2,2028-07-16,2028-07-16,True,0,91,93,False,-2,True
CLM-2026-00057,2026-04-14,2026-07-14,2026-07-09,12,91,86,False,5,2027-04-14,2027-04-15,False,-1,274,280,False,-6,True
CLM-2026-00753,2024-11-18,2025-02-25,2025-02-22,12,99,96,False,3,2025-11-18,2025-11-19,False,-1,266,270,False,-4,True
CLM-2026-00794,2025-08-21,2025-10-28,2025-10-26,12,68,66,False,2,2026-08-21,2026-08-22,False,-1,297,300,False,-3,True
CLM-2026-00889,2025-03-26,2025-07-11,2025-07-05,12,107,101,False,6,2026-03-26,2026-03-27,False,-1,258,265,False,-7,True
CLM-2026-00318,2026-05-23,2027-03-29,2027-03-24,12,310,305,False,5,2027-05-23,2027-05-23,True,0,55,60,False,-5,True
CLM-2026-00476,2026-01-04,2026-09-14,2026-09-13,12,253,252,False,1,2027-01-04,2027-01-04,True,0,112,113,False,-1,True
CLM-2026-01144,2025-12-30,2026-03-21,2026-03-07,12,81,67,False,14,2026-12-30,2026-12-31,False,-1,284,299,False,-15,True
CLM-2026-01174,2025-01-19,2025-11-28,2025-11-15,24,313,300,False,13,2027-01-19,2027-01-20,False,-1,417,431,False,-14,True
CLM-2026-01352,2025-12-14,2026-02-11,2026-02-09,12,59,57,False,2,2026-12-14,2026-12-15,False,-1,306,309,False,-3,True
CLM-2026-00069,2025-12-25,2026-11-25,2026-11-22,12,335,332,False,3,2026-12-25,2026-12-26,False,-1,30,34,False,-4,True
CLM-2026-01096,2026-02-02,2026-08-11,2026-08-07,24,190,186,False,4,2028-02-02,2028-02-03,False,-1,540,545,False,-5,True
CLM-2026-00720,2025-09-12,2026-02-01,2026-01-27,12,142,137,False,5,2026-09-12,2026-09-13,False,-1,223,229,False,-6,True
CLM-2026-00807,2025-08-30,2027-04-16,2027-04-14,12,594,592,False,2,2026-08-30,2026-08-31,False,-1,-229,-226,False,-3,True
CLM-2026-00271,2026-07-15,2027-03-23,2027-03-19,12,251,247,False,4,2027-07-15,2027-07-15,True,0,114,118,False,-4,True
CLM-2026-01101,2025-09-14,2027-11-04,2027-10-31,36,781,777,False,4,2028-09-14,2028-09-14,True,0,315,319,False,-4,True
CLM-2026-00971,2025-02-15,2025-06-28,2025-06-23,24,133,128,False,5,2027-02-15,2027-02-16,False,-1,597,603,False,-6,True
CLM-2026-00405,2025-10-24,2027-05-20,2027-05-18,36,573,571,False,2,2028-10-24,2028-10-23,False,1,523,524,False,-1,True
CLM-2026-00559,2024-09-01,2025-10-08,2025-10-03,12,402,397,False,5,2025-09-01,2025-09-02,False,-1,-37,-31,False,-6,True
CLM-2026-00800,2024-07-18,2024-10-26,2024-08-18,12,100,31,False,69,2025-07-18,2025-07-19,False,-1,265,335,False,-70,True
CLM-2026-00863,2025-11-27,2026-02-24,2026-02-23,12,89,88,False,1,2026-11-27,2026-11-28,False,-1,276,278,False,-2,True
CLM-2026-01497,2026-03-19,2027-03-24,2027-03-19,12,370,365,False,5,2027-03-19,2027-03-20,False,-1,-5,1,False,-6,True
CLM-2026-01441,2025-10-08,2025-11-18,2025-11-16,12,41,39,False,2,2026-10-08,2026-10-09,False,-1,324,327,False,-3,True
CLM-2026-00858,2026-01-27,2027-03-01,2027-02-26,12,398,395,False,3,2027-01-27,2027-01-28,False,-1,-33,-29,False,-4,True
CLM-2026-00925,2025-09-27,2025-11-01,2025-10-28,24,35,31,False,4,2027-09-27,2027-09-28,False,-1,695,700,False,-5,True
CLM-2026-00245,2026-07-26,2026-09-18,2026-09-16,12,54,52,False,2,2027-07-26,2027-07-27,False,-1,311,314,False,-3,True
CLM-2026-00976,2025-01-03,2025-07-03,2025-06-27,24,181,175,False,6,2027-01-03,2027-01-04,False,-1,549,556,False,-7,True
CLM-2026-01114,2026-06-25,2027-02-13,2027-02-09,24,233,229,False,4,2028-06-25,2028-06-25,True,0,498,502,False,-4,True
CLM-2026-00286,2026-06-28,2028-09-20,2028-09-18,36,815,813,False,2,2029-06-28,2029-06-28,True,0,281,283,False,-2,True
CLM-2026-01041,2026-03-30,2027-04-08,2027-04-04,12,374,370,False,4,2027-03-30,2027-03-31,False,-1,-9,-4,False,-5,True
CLM-2026-00388,2026-03-09,2027-08-20,2027-08-19,24,529,528,False,1,2028-03-09,2028-03-09,True,0,202,203,False,-1,True
CLM-2026-01153,2025-12-18,2026-01-29,2026-01-24,12,42,37,False,5,2026-12-18,2026-12-19,False,-1,323,329,False,-6,True
CLM-2026-00288,2026-05-16,2027-05-23,2027-05-18,24,372,367,False,5,2028-05-16,2028-05-16,True,0,359,364,False,-5,True
CLM-2026-00544,2025-05-17,2025-11-08,2025-11-04,12,175,171,False,4,2026-05-17,2026-05-18,False,-1,190,195,False,-5,True
CLM-2026-01187,2025-10-28,2026-07-10,2026-07-06,12,255,251,False,4,2026-10-28,2026-10-29,False,-1,110,115,False,-5,True
CLM-2026-00291,2026-05-27,2027-03-09,2027-03-06,12,286,283,False,3,2027-05-27,2027-05-28,False,-1,79,83,False,-4,True
CLM-2026-01328,2025-11-08,2026-01-25,2026-01-20,12,78,73,False,5,2026-11-08,2026-11-09,False,-1,287,293,False,-6,True
CLM-2026-00145,2026-03-03,2026-11-24,2026-11-21,24,266,263,False,3,2028-03-03,2028-03-02,False,1,465,467,False,-2,True
CLM-2026-01440,2026-04-01,2027-04-05,2027-03-30,12,369,363,False,6,2027-04-01,2027-04-02,False,-1,-4,3,False,-7,True
CLM-2026-00471,2026-03-16,2026-12-02,2026-11-29,12,261,258,False,3,2027-03-16,2027-03-17,False,-1,104,108,False,-4,True
CLM-2026-00545,2024-08-09,2025-09-11,2025-09-06,12,398,393,False,5,2025-08-09,2025-08-10,False,-1,-33,-27,False,-6,True
CLM-2026-00177,2025-11-26,2026-10-29,2026-10-28,12,337,336,False,1,2026-11-26,2026-11-27,False,-1,28,30,False,-2,True
CLM-2026-01118,2026-04-29,2026-12-05,2026-12-01,12,220,216,False,4,2027-04-29,2027-04-30,False,-1,145,150,False,-5,True
CLM-2026-01494,2026-07-15,2027-04-25,2027-04-23,12,284,282,False,2,2027-07-15,2027-07-16,False,-1,81,84,False,-3,True
CLM-2026-01264,2025-10-30,2026-08-07,2026-08-03,12,281,277,False,4,2026-10-30,2026-10-31,False,-1,84,89,False,-5,True
CLM-2026-00260,2025-12-08,2026-08-28,2026-08-24,12,263,259,False,4,2026-12-08,2026-12-08,True,0,102,106,False,-4,True
CLM-2026-00429,2026-03-15,2026-07-13,2026-07-14,12,120,121,False,-1,2027-03-15,2027-03-15,True,0,245,244,False,1,True
CLM-2026-00996,2025-10-05,2025-12-05,2025-12-04,12,61,60,False,1,2026-10-05,2026-10-06,False,-1,304,306,False,-2,True
CLM-2026-00700,2025-08-19,2025-10-31,2025-10-26,12,73,68,False,5,2026-08-19,2026-08-20,False,-1,292,298,False,-6,True
CLM-2026-01152,2026-02-04,2026-09-18,2026-09-03,12,226,211,False,15,2027-02-04,2027-02-05,False,-1,139,155,False,-16,True
CLM-2026-00654,2025-08-14,2025-11-27,2025-11-25,12,105,103,False,2,2026-08-14,2026-08-15,False,-1,260,263,False,-3,True
CLM-2026-00470,2026-04-08,2027-02-26,2027-02-22,12,324,320,False,4,2027-04-08,2027-04-08,True,0,41,45,False,-4,True
CLM-2026-01090,2025-12-06,2026-12-09,2026-12-05,12,368,364,False,4,2026-12-06,2026-12-07,False,-1,-3,2,False,-5,True
CLM-2026-00238,2026-03-28,2026-08-28,2026-08-24,12,153,149,False,4,2027-03-28,2027-03-29,False,-1,212,217,False,-5,True
CLM-2026-00992,2026-02-27,2026-06-24,2026-06-19,12,117,112,False,5,2027-02-27,2027-02-28,False,-1,248,254,False,-6,True
CLM-2026-00051,2025-10-05,2026-08-07,2026-08-05,24,306,304,False,2,2027-10-05,2027-10-06,False,-1,424,427,False,-3,True
CLM-2026-00875,2024-08-17,2025-01-12,2025-01-07,36,148,143,False,5,2027-08-17,2027-08-18,False,-1,947,953,False,-6,True
CLM-2026-00324,2025-12-20,2026-03-26,2026-03-22,24,96,92,False,4,2027-12-20,2027-12-20,True,0,634,638,False,-4,True
CLM-2026-00822,2025-11-09,2026-02-01,2026-01-27,24,84,79,False,5,2027-11-09,2027-11-10,False,-1,646,652,False,-6,True
CLM-2026-00665,2025-06-02,2025-11-06,2025-08-25,12,157,84,False,73,2026-06-02,2026-06-03,False,-1,208,282,False,-74,True
CLM-2026-01125,2024-12-20,2025-05-29,2025-05-27,24,160,158,False,2,2026-12-20,2026-12-21,False,-1,570,573,False,-3,True
CLM-2026-00567,2025-07-04,2025-11-21,2025-11-18,12,140,137,False,3,2026-07-04,2026-07-05,False,-1,225,229,False,-4,True
CLM-2026-00376,2026-02-08,2026-07-24,2026-07-23,12,166,165,False,1,2027-02-08,2027-02-09,False,-1,199,201,False,-2,True
CLM-2026-00255,2026-02-02,2027-11-27,2027-11-23,24,663,659,False,4,2028-02-02,2028-02-03,False,-1,67,72,False,-5,True
CLM-2026-00944,2024-09-05,2025-11-10,2025-11-03,12,431,424,False,7,2025-09-05,2025-09-06,False,-1,-66,-58,False,-8,True
CLM-2026-00419,2026-01-05,2026-09-16,2026-09-12,12,254,250,False,4,2027-01-05,2027-01-06,False,-1,111,116,False,-5,True
CLM-2026-01373,2026-06-05,2026-08-03,2026-07-23,12,59,48,False,11,2027-06-05,2027-06-06,False,-1,306,318,False,-12,True
CLM-2026-00396,2025-11-11,2026-06-20,2026-06-15,12,221,216,False,5,2026-11-11,2026-11-12,False,-1,144,150,False,-6,True
CLM-2026-01313,2025-01-30,2028-02-04,2028-02-01,36,1100,1097,False,3,2028-01-30,2028-01-31,False,-1,-5,-1,False,-4,True
CLM-2026-00300,2025-11-12,2026-12-19,2026-12-15,24,402,398,False,4,2027-11-12,2027-11-12,True,0,328,332,False,-4,True
CLM-2026-00221,2026-01-30,2026-04-19,2026-04-18,12,79,78,False,1,2027-01-30,2027-01-31,False,-1,286,288,False,-2,True
CLM-2026-01450,2026-07-19,2026-09-07,2026-08-23,12,50,35,False,15,2027-07-19,2027-07-20,False,-1,315,331,False,-16,True
CLM-2026-00345,2025-11-30,2026-09-12,2026-09-11,36,286,285,False,1,2028-11-30,2028-11-29,False,1,810,810,True,0,True
CLM-2026-00353,2026-01-01,2026-10-07,2026-10-05,12,279,277,False,2,2027-01-01,2027-01-01,True,0,86,88,False,-2,True
CLM-2026-00910,2024-09-20,2025-10-22,2025-10-19,12,397,394,False,3,2025-09-20,2025-09-21,False,-1,-32,-28,False,-4,True
CLM-2026-00746,2025-03-18,2025-07-13,2025-07-10,12,117,114,False,3,2026-03-18,2026-03-19,False,-1,248,252,False,-4,True
CLM-2026-00312,2026-08-03,2026-09-25,2026-09-24,12,53,52,False,1,2027-08-03,2027-08-04,False,-1,312,314,False,-2,True
CLM-2026-00515,2025-08-23,2025-12-21,2025-12-18,12,120,117,False,3,2026-08-23,2026-08-24,False,-1,245,249,False,-4,True
CLM-2026-00670,2025-09-05,2026-01-26,2026-01-25,12,143,142,False,1,2026-09-05,2026-09-06,False,-1,222,224,False,-2,True
CLM-2026-00699,2024-11-23,2025-03-24,2025-01-25,12,121,63,False,58,2025-11-23,2025-11-24,False,-1,244,303,False,-59,True
CLM-2026-00585,2026-02-12,2026-05-07,2026-05-03,12,84,80,False,4,2027-02-12,2027-02-13,False,-1,281,286,False,-5,True
CLM-2026-00453,2026-06-15,2026-12-21,2026-12-16,12,189,184,False,5,2027-06-15,2027-06-15,True,0,176,181,False,-5,True
CLM-2026-01409,2026-05-24,2027-12-11,2027-12-09,36,566,564,False,2,2029-05-24,2029-05-24,True,0,530,532,False,-2,True
CLM-2026-00278,2026-04-27,2026-12-06,2026-12-05,12,223,222,False,1,2027-04-27,2027-04-28,False,-1,142,144,False,-2,True
CLM-2026-01195,2025-11-02,2026-06-15,2026-06-04,12,225,214,False,11,2026-11-02,2026-11-03,False,-1,140,152,False,-12,True
CLM-2026-00554,2025-02-06,2026-08-31,2026-08-29,12,571,569,False,2,2026-02-06,2026-02-07,False,-1,-206,-203,False,-3,True
CLM-2026-00174,2025-12-12,2026-03-23,2026-03-20,12,101,98,False,3,2026-12-12,2026-12-12,True,0,264,267,False,-3,True
CLM-2026-00071,2025-12-30,2027-07-05,2027-06-30,24,552,547,False,5,2027-12-30,2027-12-31,False,-1,178,184,False,-6,True
CLM-2026-01423,2026-07-25,2026-10-01,2026-09-26,12,68,63,False,5,2027-07-25,2027-07-26,False,-1,297,303,False,-6,True
CLM-2026-01318,2025-10-20,2025-12-29,2025-12-27,24,70,68,False,2,2027-10-20,2027-10-21,False,-1,660,663,False,-3,True
CLM-2026-00026,2025-11-26,2026-09-17,2026-09-13,12,295,291,False,4,2026-11-26,2026-11-27,False,-1,70,75,False,-5,True
CLM-2026-00281,2026-06-13,2026-12-03,2026-12-02,12,173,172,False,1,2027-06-13,2027-06-14,False,-1,192,194,False,-2,True
CLM-2026-00414,2026-02-08,2026-03-07,2026-03-05,12,27,25,False,2,2027-02-08,2027-02-08,True,0,338,340,False,-2,True
CLM-2026-01230,2026-06-26,2027-02-24,2027-02-19,12,243,238,False,5,2027-06-26,2027-06-27,False,-1,122,128,False,-6,True
CLM-2026-01165,2025-01-06,2025-08-13,2025-08-09,24,219,215,False,4,2027-01-06,2027-01-07,False,-1,511,516,False,-5,True
CLM-2026-01080,2025-10-25,2026-09-04,2026-09-01,12,314,311,False,3,2026-10-25,2026-10-26,False,-1,51,55,False,-4,True
CLM-2026-00689,2024-08-31,2027-01-22,2027-01-19,24,874,871,False,3,2026-08-31,2026-09-01,False,-1,-144,-140,False,-4,True
CLM-2026-00053,2025-10-30,2026-02-14,2026-02-10,24,107,103,False,4,2027-10-30,2027-10-31,False,-1,623,628,False,-5,True
CLM-2026-00080,2025-11-01,2026-06-02,2026-05-29,12,213,209,False,4,2026-11-01,2026-11-01,True,0,152,156,False,-4,True
CLM-2026-01322,2025-11-24,2026-06-24,2026-06-22,12,212,210,False,2,2026-11-24,2026-11-25,False,-1,153,156,False,-3,True
CLM-2026-00464,2026-01-06,2027-07-20,2027-07-18,24,560,558,False,2,2028-01-06,2028-01-06,True,0,170,172,False,-2,True
CLM-2026-01425,2025-12-08,2026-09-09,2026-09-05,12,275,271,False,4,2026-12-08,2026-12-09,False,-1,90,95,False,-5,True
CLM-2026-01054,2026-05-02,2026-08-14,2026-08-11,12,104,101,False,3,2027-05-02,2027-05-03,False,-1,261,265,False,-4,True
CLM-2026-01458,2026-06-29,2027-07-10,2027-07-06,12,376,372,False,4,2027-06-29,2027-06-30,False,-1,-11,-6,False,-5,True
CLM-2026-01120,2026-03-18,2026-12-01,2026-11-28,12,258,255,False,3,2027-03-18,2027-03-19,False,-1,107,111,False,-4,True
CLM-2026-00018,2026-05-27,2026-12-17,2026-12-12,12,204,199,False,5,2027-05-27,2027-05-27,True,0,161,166,False,-5,True
CLM-2026-01467,2026-03-22,2026-07-30,2026-07-28,12,130,128,False,2,2027-03-22,2027-03-23,False,-1,235,238,False,-3,True
CLM-2026-00014,2026-05-08,2027-03-19,2027-03-18,12,315,314,False,1,2027-05-08,2027-05-08,True,0,50,51,False,-1,True
CLM-2026-01405,2025-10-08,2025-11-17,2025-11-14,12,40,37,False,3,2026-10-08,2026-10-09,False,-1,325,329,False,-4,True
CLM-2026-00417,2025-10-01,2026-04-05,2026-03-31,24,186,181,False,5,2027-10-01,2027-10-01,True,0,544,549,False,-5,True
CLM-2026-00924,2024-08-26,2024-10-29,2024-10-26,24,64,61,False,3,2026-08-26,2026-08-27,False,-1,666,670,False,-4,True
CLM-2026-00832,2025-08-30,2025-09-20,2025-09-18,12,21,19,False,2,2026-08-30,2026-08-31,False,-1,344,347,False,-3,True
CLM-2026-01477,2026-04-27,2028-02-22,2028-02-17,24,666,661,False,5,2028-04-27,2028-04-27,True,0,65,70,False,-5,True
CLM-2026-01057,2025-09-29,2026-03-17,2026-03-05,12,169,157,False,12,2026-09-29,2026-09-30,False,-1,196,209,False,-13,True
CLM-2026-00320,2026-06-26,2027-03-11,2027-03-08,12,258,255,False,3,2027-06-26,2027-06-26,True,0,107,110,False,-3,True
CLM-2026-01296,2026-07-27,2027-01-22,2027-01-08,12,179,165,False,14,2027-07-27,2027-07-28,False,-1,186,201,False,-15,True
CLM-2026-01310,2025-08-09,2026-07-14,2026-07-11,24,339,336,False,3,2027-08-09,2027-08-10,False,-1,391,395,False,-4,True
CLM-2026-01381,2025-12-09,2026-11-04,2026-10-31,12,330,326,False,4,2026-12-09,2026-12-10,False,-1,35,40,False,-5,True
CLM-2026-01315,2025-12-09,2026-03-16,2026-03-13,36,97,94,False,3,2028-12-09,2028-12-09,True,0,999,1002,False,-3,True
CLM-2026-00576,2026-02-01,2026-08-02,2026-08-01,12,182,181,False,1,2027-02-01,2027-02-02,False,-1,183,185,False,-2,True
CLM-2026-00736,2025-09-29,2025-12-02,2025-11-26,24,64,58,False,6,2027-09-29,2027-09-30,False,-1,666,673,False,-7,True
CLM-2026-01161,2025-10-29,2026-04-12,2026-04-08,12,165,161,False,4,2026-10-29,2026-10-30,False,-1,200,205,False,-5,True
CLM-2026-00168,2025-11-04,2026-05-11,2026-05-06,12,188,183,False,5,2026-11-04,2026-11-04,True,0,177,182,False,-5,True
CLM-2026-00450,2026-01-26,2026-12-15,2026-12-13,12,323,321,False,2,2027-01-26,2027-01-27,False,-1,42,45,False,-3,True
CLM-2026-00535,2024-12-23,2025-04-05,2025-02-08,12,103,47,False,56,2025-12-23,2025-12-24,False,-1,262,319,False,-57,True
CLM-2026-00903,2024-09-06,2025-02-02,2025-01-28,12,149,144,False,5,2025-09-06,2025-09-07,False,-1,216,222,False,-6,True
CLM-2026-00728,2025-03-15,2025-04-28,2025-04-26,12,44,42,False,2,2026-03-15,2026-03-16,False,-1,321,324,False,-3,True
CLM-2026-00578,2024-10-29,2025-04-24,2025-04-21,24,177,174,False,3,2026-10-29,2026-10-30,False,-1,553,557,False,-4,True
CLM-2026-01222,2026-01-19,2026-07-14,2026-07-01,12,176,163,False,13,2027-01-19,2027-01-20,False,-1,189,203,False,-14,True
CLM-2026-00919,2025-09-08,2027-04-29,2027-04-28,12,598,597,False,1,2026-09-08,2026-09-09,False,-1,-233,-231,False,-2,True
CLM-2026-00998,2025-04-08,2025-08-12,2025-08-06,24,126,120,False,6,2027-04-08,2027-04-09,False,-1,604,611,False,-7,True
CLM-2026-00584,2025-11-27,2026-04-16,2026-04-12,12,140,136,False,4,2026-11-27,2026-11-28,False,-1,225,230,False,-5,True
CLM-2026-00638,2025-04-22,2026-12-05,2026-12-01,12,592,588,False,4,2026-04-22,2026-04-23,False,-1,-227,-222,False,-5,True
CLM-2026-01471,2025-12-26,2027-01-03,2026-12-31,12,373,370,False,3,2026-12-26,2026-12-27,False,-1,-8,-4,False,-4,True
CLM-2026-01076,2025-10-26,2026-07-21,2026-07-17,12,268,264,False,4,2026-10-26,2026-10-27,False,-1,97,102,False,-5,True
CLM-2026-01069,2026-04-15,2026-11-19,2026-11-17,24,218,216,False,2,2028-04-15,2028-04-15,True,0,513,515,False,-2,True
CLM-2026-00804,2025-11-04,2027-02-09,2027-02-02,12,462,455,False,7,2026-11-04,2026-11-05,False,-1,-97,-89,False,-8,True
CLM-2026-01395,2026-06-03,2026-09-09,2026-09-05,12,98,94,False,4,2027-06-03,2027-06-04,False,-1,267,272,False,-5,True
CLM-2026-00488,2025-12-27,2026-06-15,2026-06-12,12,170,167,False,3,2026-12-27,2026-12-27,True,0,195,198,False,-3,True
CLM-2026-00463,2026-07-20,2026-10-15,2026-10-13,36,87,85,False,2,2029-07-20,2029-07-19,False,1,1009,1010,False,-1,True
CLM-2026-00703,2025-04-11,2025-06-09,2025-06-06,24,59,56,False,3,2027-04-11,2027-04-12,False,-1,671,675,False,-4,True
CLM-2026-00723,2025-05-14,2025-10-24,2025-10-20,24,163,159,False,4,2027-05-14,2027-05-15,False,-1,567,572,False,-5,True
CLM-2026-00725,2024-10-25,2025-02-23,2025-02-18,12,121,116,False,5,2025-10-25,2025-10-26,False,-1,244,250,False,-6,True
CLM-2026-00744,2024-12-11,2025-05-10,2025-05-06,24,150,146,False,4,2026-12-11,2026-12-12,False,-1,580,585,False,-5,True
CLM-2026-00607,2025-01-30,2025-05-28,2025-05-25,12,118,115,False,3,2026-01-30,2026-01-31,False,-1,247,251,False,-4,True
CLM-2026-01479,2026-01-04,2026-12-07,2026-11-22,12,337,322,False,15,2027-01-04,2027-01-05,False,-1,28,44,False,-16,True
CLM-2026-01134,2025-03-18,2025-07-04,2025-06-25,24,108,99,False,9,2027-03-18,2027-03-19,False,-1,622,632,False,-10,True
CLM-2026-00118,2026-08-07,2027-05-06,2027-05-02,12,272,268,False,4,2027-08-07,2027-08-07,True,0,93,97,False,-4,True
CLM-2026-00672,2026-02-09,2026-03-21,2026-03-19,12,40,38,False,2,2027-02-09,2027-02-10,False,-1,325,328,False,-3,True
CLM-2026-00162,2026-04-12,2026-10-28,2026-10-23,12,199,194,False,5,2027-04-12,2027-04-13,False,-1,166,172,False,-6,True
CLM-2026-00244,2026-08-02,2026-09-11,2026-09-06,12,40,35,False,5,2027-08-02,2027-08-02,True,0,325,330,False,-5,True
CLM-2026-01309,2026-02-01,2027-02-06,2027-02-04,12,370,368,False,2,2027-02-01,2027-02-02,False,-1,-5,-2,False,-3,True
CLM-2026-00521,2025-11-04,2025-12-03,2025-11-27,12,29,23,False,6,2026-11-04,2026-11-05,False,-1,336,343,False,-7,True
CLM-2026-01248,2026-05-20,2026-07-29,2026-07-24,24,70,65,False,5,2028-05-20,2028-05-20,True,0,661,666,False,-5,True
CLM-2026-01374,2026-01-23,2026-03-09,2026-03-07,12,45,43,False,2,2027-01-23,2027-01-24,False,-1,320,323,False,-3,True
CLM-2026-01245,2026-02-07,2026-11-24,2026-11-11,12,290,277,False,13,2027-02-07,2027-02-08,False,-1,75,89,False,-14,True
CLM-2026-00466,2025-10-14,2026-02-04,2026-01-30,24,113,108,False,5,2027-10-14,2027-10-15,False,-1,617,623,False,-6,True
CLM-2026-00955,2025-10-15,2025-11-23,2025-11-20,12,39,36,False,3,2026-10-15,2026-10-16,False,-1,326,330,False,-4,True
CLM-2026-00021,2025-10-10,2027-10-01,2027-09-28,36,721,718,False,3,2028-10-10,2028-10-10,True,0,375,378,False,-3,True
CLM-2026-00024,2026-03-06,2026-06-27,2026-06-25,12,113,111,False,2,2027-03-06,2027-03-06,True,0,252,254,False,-2,True
CLM-2026-01182,2025-02-01,2027-02-04,2027-01-28,24,733,726,False,7,2027-02-01,2027-02-02,False,-1,-3,5,False,-8,True
CLM-2026-00772,2025-06-18,2025-10-31,2025-08-15,12,135,58,False,77,2026-06-18,2026-06-19,False,-1,230,308,False,-78,True
CLM-2026-00608,2024-11-02,2025-04-03,2024-12-26,12,152,54,False,98,2025-11-02,2025-11-03,False,-1,213,312,False,-99,True
CLM-2026-01433,2025-11-07,2026-12-02,2026-11-28,24,390,386,False,4,2027-11-07,2027-11-08,False,-1,340,345,False,-5,True
CLM-2026-00884,2024-12-09,2025-05-27,2025-05-26,12,169,168,False,1,2025-12-09,2025-12-10,False,-1,196,198,False,-2,True
CLM-2026-01206,2026-02-22,2028-02-22,2028-02-20,36,730,728,False,2,2029-02-22,2029-02-22,True,0,366,368,False,-2,True
CLM-2026-01368,2026-03-20,2026-12-21,2026-12-17,12,276,272,False,4,2027-03-20,2027-03-21,False,-1,89,94,False,-5,True
CLM-2026-01207,2026-03-26,2026-07-11,2026-07-09,12,107,105,False,2,2027-03-26,2027-03-27,False,-1,258,261,False,-3,True
CLM-2026-00257,2026-01-19,2026-03-12,2026-03-09,12,52,49,False,3,2027-01-19,2027-01-19,True,0,313,316,False,-3,True
CLM-2026-01067,2026-04-12,2026-05-07,2026-05-05,12,25,23,False,2,2027-04-12,2027-04-13,False,-1,340,343,False,-3,True
CLM-2026-01431,2026-04-01,2026-09-16,2026-09-07,12,168,159,False,9,2027-04-01,2027-04-02,False,-1,197,207,False,-10,True
CLM-2026-00179,2026-03-08,2026-10-25,2026-10-21,12,231,227,False,4,2027-03-08,2027-03-09,False,-1,134,139,False,-5,True
CLM-2026-00268,2026-04-15,2026-05-11,2026-05-08,12,26,23,False,3,2027-04-15,2027-04-15,True,0,339,342,False,-3,True
CLM-2026-01194,2026-01-04,2026-04-10,2026-04-07,12,96,93,False,3,2027-01-04,2027-01-05,False,-1,269,273,False,-4,True
CLM-2026-00505,2025-08-04,2026-01-18,2026-01-17,12,167,166,False,1,2026-08-04,2026-08-05,False,-1,198,200,False,-2,True
CLM-2026-01459,2026-07-08,2026-08-28,2026-08-15,12,51,38,False,13,2027-07-08,2027-07-09,False,-1,314,328,False,-14,True
CLM-2026-00965,2026-03-03,2026-06-09,2026-06-07,12,98,96,False,2,2027-03-03,2027-03-04,False,-1,267,270,False,-3,True
CLM-2026-00869,2025-11-04,2026-01-18,2026-01-17,12,75,74,False,1,2026-11-04,2026-11-05,False,-1,290,292,False,-2,True
CLM-2026-01268,2026-03-25,2027-03-29,2027-03-21,12,369,361,False,8,2027-03-25,2027-03-26,False,-1,-4,5,False,-9,True
CLM-2026-00216,2026-05-12,2027-01-27,2027-01-24,12,260,257,False,3,2027-05-12,2027-05-12,True,0,105,108,False,-3,True
CLM-2026-00891,2025-05-13,2026-09-18,2026-09-12,12,493,487,False,6,2026-05-13,2026-05-14,False,-1,-128,-121,False,-7,True
CLM-2026-00815,2026-02-16,2026-07-17,2026-07-13,24,151,147,False,4,2028-02-16,2028-02-17,False,-1,579,584,False,-5,True
CLM-2026-00314,2026-03-23,2026-07-11,2026-07-10,12,110,109,False,1,2027-03-23,2027-03-23,True,0,255,256,False,-1,True
CLM-2026-00297,2026-03-16,2026-04-18,2026-04-13,12,33,28,False,5,2027-03-16,2027-03-16,True,0,332,337,False,-5,True
CLM-2026-00870,2025-10-09,2026-11-18,2026-11-11,12,405,398,False,7,2026-10-09,2026-10-10,False,-1,-40,-32,False,-8,True
CLM-2026-00652,2026-02-11,2026-05-25,2026-05-21,24,103,99,False,4,2028-02-11,2028-02-12,False,-1,627,632,False,-5,True
CLM-2026-01388,2025-11-16,2025-12-16,2025-12-11,12,30,25,False,5,2026-11-16,2026-11-17,False,-1,335,341,False,-6,True
CLM-2026-00091,2026-03-12,2026-04-30,2026-04-29,12,49,48,False,1,2027-03-12,2027-03-13,False,-1,316,318,False,-2,True
CLM-2026-00095,2026-02-19,2026-05-13,2026-05-14,12,83,84,False,-1,2027-02-19,2027-02-20,False,-1,282,282,True,0,True
CLM-2026-00442,2025-11-24,2026-10-29,2026-10-26,12,339,336,False,3,2026-11-24,2026-11-25,False,-1,26,30,False,-4,True
CLM-2026-00541,2025-11-20,2026-02-28,2026-02-23,12,100,95,False,5,2026-11-20,2026-11-21,False,-1,265,271,False,-6,True
CLM-2026-01146,2024-12-07,2025-03-21,2025-03-05,24,104,88,False,16,2026-12-07,2026-12-08,False,-1,626,643,False,-17,True
CLM-2026-00999,2025-09-07,2025-11-13,2025-11-11,12,67,65,False,2,2026-09-07,2026-09-08,False,-1,298,301,False,-3,True
CLM-2026-00227,2026-04-15,2028-03-16,2028-03-15,24,701,700,False,1,2028-04-15,2028-04-14,False,1,30,30,True,0,True
CLM-2026-00939,2025-04-23,2026-11-30,2026-11-26,12,586,582,False,4,2026-04-23,2026-04-24,False,-1,-221,-216,False,-5,True
CLM-2026-01246,2026-07-15,2027-04-05,2027-03-25,12,264,253,False,11,2027-07-15,2027-07-16,False,-1,101,113,False,-12,True
CLM-2026-00337,2026-03-20,2026-12-08,2026-12-04,12,263,259,False,4,2027-03-20,2027-03-21,False,-1,102,107,False,-5,True
CLM-2026-00462,2025-11-06,2026-06-21,2026-06-20,12,227,226,False,1,2026-11-06,2026-11-06,True,0,138,139,False,-1,True
CLM-2026-00742,2025-10-05,2026-01-12,2026-01-10,12,99,97,False,2,2026-10-05,2026-10-06,False,-1,266,269,False,-3,True
CLM-2026-00034,2026-03-23,2026-12-24,2026-12-22,12,276,274,False,2,2027-03-23,2027-03-23,True,0,89,91,False,-2,True
CLM-2026-00504,2025-09-28,2026-01-30,2026-01-26,12,124,120,False,4,2026-09-28,2026-09-29,False,-1,241,246,False,-5,True
CLM-2026-00732,2025-06-13,2028-10-11,2028-10-07,36,1216,1212,False,4,2028-06-13,2028-06-13,True,0,-120,-116,False,-4,True
CLM-2026-01255,2025-03-16,2026-12-19,2026-12-10,24,643,634,False,9,2027-03-16,2027-03-17,False,-1,87,97,False,-10,True
CLM-2026-00877,2025-09-28,2027-04-18,2027-04-12,12,567,561,False,6,2026-09-28,2026-09-29,False,-1,-202,-195,False,-7,True
CLM-2026-01278,2026-07-21,2028-07-25,2028-07-19,24,735,729,False,6,2028-07-21,2028-07-21,True,0,-4,2,False,-6,True
CLM-2026-00677,2026-02-09,2026-05-22,2026-05-18,12,102,98,False,4,2027-02-09,2027-02-10,False,-1,263,268,False,-5,True
CLM-2026-00443,2026-04-03,2027-12-25,2027-12-20,24,631,626,False,5,2028-04-03,2028-04-02,False,1,100,104,False,-4,True
CLM-2026-00416,2026-01-04,2026-02-11,2026-02-06,12,38,33,False,5,2027-01-04,2027-01-04,True,0,327,332,False,-5,True
CLM-2026-01478,2026-07-04,2027-04-08,2027-03-27,12,278,266,False,12,2027-07-04,2027-07-05,False,-1,87,100,False,-13,True
CLM-2026-00783,2024-10-16,2025-02-22,2025-02-17,24,129,124,False,5,2026-10-16,2026-10-17,False,-1,601,607,False,-6,True
CLM-2026-00351,2025-11-10,2026-09-13,2026-09-10,24,307,304,False,3,2027-11-10,2027-11-10,True,0,423,426,False,-3,True
CLM-2026-00873,2025-11-27,2026-04-17,2026-04-16,12,141,140,False,1,2026-11-27,2026-11-28,False,-1,224,226,False,-2,True
CLM-2026-01184,2025-05-10,2025-10-24,2025-10-08,36,167,151,False,16,2028-05-10,2028-05-10,True,0,929,945,False,-16,True
CLM-2026-00009,2026-03-05,2026-09-27,2026-09-23,12,206,202,False,4,2027-03-05,2027-03-06,False,-1,159,164,False,-5,True
CLM-2026-00623,2026-02-13,2026-06-27,2026-05-06,12,134,82,False,52,2027-02-13,2027-02-14,False,-1,231,284,False,-53,True
CLM-2026-01369,2025-03-22,2026-07-23,2026-07-13,36,488,478,False,10,2028-03-22,2028-03-22,True,0,608,618,False,-10,True
CLM-2026-00234,2026-01-09,2027-02-01,2027-01-28,24,388,384,False,4,2028-01-09,2028-01-10,False,-1,342,347,False,-5,True
CLM-2026-00887,2025-01-22,2025-07-19,2025-07-14,12,178,173,False,5,2026-01-22,2026-01-23,False,-1,187,193,False,-6,True
CLM-2026-01169,2025-08-22,2025-12-06,2025-12-02,24,106,102,False,4,2027-08-22,2027-08-23,False,-1,624,629,False,-5,True
CLM-2026-00734,2025-08-03,2025-09-13,2025-09-11,12,41,39,False,2,2026-08-03,2026-08-04,False,-1,324,327,False,-3,True
CLM-2026-01023,2026-05-26,2027-06-04,2027-06-02,12,374,372,False,2,2027-05-26,2027-05-27,False,-1,-9,-6,False,-3,True
CLM-2026-00303,2026-06-11,2027-03-18,2027-03-14,36,280,276,False,4,2029-06-11,2029-06-10,False,1,816,819,False,-3,True
CLM-2026-00348,2025-12-01,2027-09-07,2027-09-04,24,645,642,False,3,2027-12-01,2027-12-02,False,-1,85,89,False,-4,True
CLM-2026-00105,2026-04-13,2026-09-10,2026-09-07,12,150,147,False,3,2027-04-13,2027-04-14,False,-1,215,219,False,-4,True
CLM-2026-00990,2025-11-17,2026-02-26,2025-12-21,12,101,34,False,67,2026-11-17,2026-11-18,False,-1,264,332,False,-68,True
CLM-2026-01358,2025-12-01,2027-12-04,2027-11-30,24,733,729,False,4,2027-12-01,2027-12-02,False,-1,-3,2,False,-5,True
CLM-2026-00503,2025-02-20,2025-07-24,2025-07-20,24,154,150,False,4,2027-02-20,2027-02-21,False,-1,576,581,False,-5,True
CLM-2026-00982,2025-12-08,2026-06-10,2026-03-01,12,184,83,False,101,2026-12-08,2026-12-09,False,-1,181,283,False,-102,True
CLM-2026-01074,2026-07-23,2026-09-19,2026-09-16,12,58,55,False,3,2027-07-23,2027-07-24,False,-1,307,311,False,-4,True
CLM-2026-01167,2026-03-17,2026-07-09,2026-07-06,12,114,111,False,3,2027-03-17,2027-03-18,False,-1,251,255,False,-4,True
CLM-2026-01133,2026-07-11,2026-10-15,2026-10-03,12,96,84,False,12,2027-07-11,2027-07-12,False,-1,269,282,False,-13,True
CLM-2026-00086,2026-03-18,2026-07-10,2026-07-09,12,114,113,False,1,2027-03-18,2027-03-19,False,-1,251,253,False,-2,True
CLM-2026-00475,2026-07-16,2027-10-14,2027-10-09,24,455,450,False,5,2028-07-16,2028-07-16,True,0,276,281,False,-5,True
CLM-2026-01192,2025-09-09,2026-11-15,2026-11-13,36,432,430,False,2,2028-09-09,2028-09-09,True,0,664,666,False,-2,True
CLM-2026-00661,2024-11-27,2026-03-31,2026-03-24,12,489,482,False,7,2025-11-27,2025-11-28,False,-1,-124,-116,False,-8,True
CLM-2026-00918,2024-12-01,2025-03-05,2025-01-02,12,94,32,False,62,2025-12-01,2025-12-02,False,-1,271,334,False,-63,True
CLM-2026-00595,2026-02-24,2026-05-26,2026-05-25,12,91,90,False,1,2027-02-24,2027-02-25,False,-1,274,276,False,-2,True
CLM-2026-00191,2026-06-21,2026-07-20,2026-07-21,12,29,30,False,-1,2027-06-21,2027-06-21,True,0,336,335,False,1,True
CLM-2026-01451,2026-03-22,2028-03-26,2028-03-21,24,735,730,False,5,2028-03-22,2028-03-22,True,0,-4,1,False,-5,True
CLM-2026-00948,2025-03-23,2025-09-17,2025-06-23,12,178,92,False,86,2026-03-23,2026-03-24,False,-1,187,274,False,-87,True
CLM-2026-00437,2026-03-02,2026-12-07,2026-12-03,12,280,276,False,4,2027-03-02,2027-03-02,True,0,85,89,False,-4,True
CLM-2026-00777,2025-07-01,2025-10-06,2025-10-05,12,97,96,False,1,2026-07-01,2026-07-02,False,-1,268,270,False,-2,True
CLM-2026-00473,2026-03-27,2026-11-20,2026-11-16,12,238,234,False,4,2027-03-27,2027-03-27,True,0,127,131,False,-4,True
CLM-2026-01024,2026-05-05,2026-12-12,2026-12-10,12,221,219,False,2,2027-05-05,2027-05-06,False,-1,144,147,False,-3,True
CLM-2026-00108,2025-11-22,2026-07-29,2026-07-24,12,249,244,False,5,2026-11-22,2026-11-23,False,-1,116,122,False,-6,True
CLM-2026-00361,2025-10-11,2026-09-18,2026-09-14,24,342,338,False,4,2027-10-11,2027-10-12,False,-1,388,393,False,-5,True
CLM-2026-00981,2025-07-15,2026-01-04,2025-12-31,12,173,169,False,4,2026-07-15,2026-07-16,False,-1,192,197,False,-5,True
CLM-2026-00687,2026-02-16,2026-06-18,2026-04-16,24,122,59,False,63,2028-02-16,2028-02-17,False,-1,608,672,False,-64,True
CLM-2026-01200,2026-01-26,2026-11-04,2026-10-31,12,282,278,False,4,2027-01-26,2027-01-27,False,-1,83,88,False,-5,True
CLM-2026-00916,2025-04-17,2027-12-03,2027-11-28,24,960,955,False,5,2027-04-17,2027-04-18,False,-1,-230,-224,False,-6,True
CLM-2026-00259,2026-01-02,2026-08-04,2026-08-02,12,214,212,False,2,2027-01-02,2027-01-03,False,-1,151,154,False,-3,True
CLM-2026-00123,2026-01-31,2026-08-25,2026-08-20,24,206,201,False,5,2028-01-31,2028-02-01,False,-1,524,530,False,-6,True
CLM-2026-00109,2026-07-26,2027-03-05,2027-03-03,12,222,220,False,2,2027-07-26,2027-07-27,False,-1,143,146,False,-3,True
CLM-2026-00002,2026-02-20,2026-04-22,2026-04-18,12,61,57,False,4,2027-02-20,2027-02-20,True,0,304,308,False,-4,True
CLM-2026-00932,2025-07-22,2025-11-24,2025-11-20,12,125,121,False,4,2026-07-22,2026-07-23,False,-1,240,245,False,-5,True
CLM-2026-00667,2025-11-22,2026-03-18,2026-03-12,36,116,110,False,6,2028-11-22,2028-11-22,True,0,980,986,False,-6,True
CLM-2026-01115,2025-10-19,2025-11-30,2025-11-14,12,42,26,False,16,2026-10-19,2026-10-20,False,-1,323,340,False,-17,True
CLM-2026-00929,2026-01-01,2026-01-23,2026-01-19,12,22,18,False,4,2027-01-01,2027-01-02,False,-1,343,348,False,-5,True
CLM-2026-00754,2025-11-26,2028-07-05,2028-06-29,24,952,946,False,6,2027-11-26,2027-11-27,False,-1,-222,-215,False,-7,True
CLM-2026-00304,2026-05-21,2026-10-20,2026-10-19,12,152,151,False,1,2027-05-21,2027-05-21,True,0,213,214,False,-1,True
CLM-2026-00325,2025-11-07,2026-07-20,2026-07-17,12,255,252,False,3,2026-11-07,2026-11-07,True,0,110,113,False,-3,True
CLM-2026-00355,2025-12-06,2026-02-11,2026-02-10,24,67,66,False,1,2027-12-06,2027-12-06,True,0,663,664,False,-1,True
CLM-2026-00380,2025-10-15,2027-07-08,2027-07-04,24,631,627,False,4,2027-10-15,2027-10-16,False,-1,99,104,False,-5,True
CLM-2026-01438,2026-01-26,2026-09-11,2026-09-06,12,228,223,False,5,2027-01-26,2027-01-27,False,-1,137,143,False,-6,True
CLM-2026-00637,2024-11-11,2026-06-17,2026-06-16,12,583,582,False,1,2025-11-11,2025-11-12,False,-1,-218,-216,False,-2,True
CLM-2026-00151,2026-07-19,2027-02-05,2027-02-01,12,201,197,False,4,2027-07-19,2027-07-20,False,-1,164,169,False,-5,True
CLM-2026-00125,2026-04-09,2026-11-01,2026-10-30,12,206,204,False,2,2027-04-09,2027-04-09,True,0,159,161,False,-2,True
CLM-2026-00801,2025-06-15,2025-11-24,2025-11-22,12,162,160,False,2,2026-06-15,2026-06-16,False,-1,203,206,False,-3,True
CLM-2026-00643,2025-08-08,2025-12-15,2025-09-04,12,129,27,False,102,2026-08-08,2026-08-09,False,-1,236,339,False,-103,True
CLM-2026-01406,2025-12-15,2026-07-20,2026-07-15,12,217,212,False,5,2026-12-15,2026-12-16,False,-1,148,154,False,-6,True
CLM-2026-01185,2025-11-18,2026-08-23,2026-08-21,12,278,276,False,2,2026-11-18,2026-11-19,False,-1,87,90,False,-3,True
CLM-2026-00027,2026-05-25,2026-07-10,2026-07-06,12,46,42,False,4,2027-05-25,2027-05-25,True,0,319,323,False,-4,True
CLM-2026-01306,2026-02-01,2027-03-27,2027-03-25,36,419,417,False,2,2029-02-01,2029-02-01,True,0,677,679,False,-2,True
CLM-2026-01424,2026-06-26,2027-01-30,2027-01-26,12,218,214,False,4,2027-06-26,2027-06-27,False,-1,147,152,False,-5,True
CLM-2026-01276,2025-03-27,2026-03-08,2026-03-06,24,346,344,False,2,2027-03-27,2027-03-28,False,-1,384,387,False,-3,True
CLM-2026-01218,2026-07-03,2027-07-05,2027-07-03,12,367,365,False,2,2027-07-03,2027-07-04,False,-1,-2,1,False,-3,True
CLM-2026-00201,2025-11-11,2027-01-29,2027-01-28,24,444,443,False,1,2027-11-11,2027-11-12,False,-1,286,288,False,-2,True
CLM-2026-00897,2025-09-11,2025-11-04,2025-11-03,24,54,53,False,1,2027-09-11,2027-09-12,False,-1,676,678,False,-2,True
CLM-2026-00159,2026-04-24,2026-09-24,2026-09-21,12,153,150,False,3,2027-04-24,2027-04-24,True,0,212,215,False,-3,True
CLM-2026-01292,2025-12-05,2026-08-14,2026-08-12,12,252,250,False,2,2026-12-05,2026-12-06,False,-1,113,116,False,-3,True
CLM-2026-00104,2026-05-05,2027-03-27,2027-03-23,12,326,322,False,4,2027-05-05,2027-05-05,True,0,39,43,False,-4,True
CLM-2026-00755,2024-10-26,2025-02-23,2025-02-20,12,120,117,False,3,2025-10-26,2025-10-27,False,-1,245,249,False,-4,True
CLM-2026-00332,2026-01-06,2026-06-13,2026-06-08,24,158,153,False,5,2028-01-06,2028-01-07,False,-1,572,578,False,-6,True
CLM-2026-00633,2025-03-24,2025-08-31,2025-08-27,24,160,156,False,4,2027-03-24,2027-03-25,False,-1,570,575,False,-5,True
CLM-2026-01476,2025-12-05,2026-12-09,2026-12-02,12,369,362,False,7,2026-12-05,2026-12-06,False,-1,-4,4,False,-8,True
CLM-2026-00583,2025-01-23,2025-03-08,2025-03-03,12,44,39,False,5,2026-01-23,2026-01-24,False,-1,321,327,False,-6,True
CLM-2026-01348,2026-01-13,2026-12-17,2026-12-08,12,338,329,False,9,2027-01-13,2027-01-14,False,-1,27,37,False,-10,True
CLM-2026-00110,2026-08-10,2027-01-23,2027-01-19,12,166,162,False,4,2027-08-10,2027-08-10,True,0,199,203,False,-4,True
CLM-2026-01356,2026-02-12,2027-02-14,2027-02-12,12,367,365,False,2,2027-02-12,2027-02-13,False,-1,-2,1,False,-3,True
CLM-2026-00942,2025-10-31,2026-03-27,2026-02-09,36,147,101,False,46,2028-10-31,2028-10-31,True,0,949,995,False,-46,True
CLM-2026-00225,2026-04-24,2027-04-21,2027-04-16,24,362,357,False,5,2028-04-24,2028-04-24,True,0,369,374,False,-5,True
CLM-2026-01447,2026-06-06,2026-12-12,2026-12-09,12,189,186,False,3,2027-06-06,2027-06-07,False,-1,176,180,False,-4,True
CLM-2026-00457,2026-07-15,2027-11-08,2027-11-06,24,481,479,False,2,2028-07-15,2028-07-15,True,0,250,252,False,-2,True
CLM-2026-01258,2025-05-15,2025-08-02,2025-07-29,24,79,75,False,4,2027-05-15,2027-05-16,False,-1,651,656,False,-5,True
CLM-2026-00015,2026-06-05,2027-02-08,2027-02-05,12,248,245,False,3,2027-06-05,2027-06-06,False,-1,117,121,False,-4,True
CLM-2026-00326,2026-02-25,2027-01-10,2027-01-05,12,319,314,False,5,2027-02-25,2027-02-26,False,-1,46,52,False,-6,True
CLM-2026-01394,2024-12-05,2026-12-13,2026-12-10,24,738,735,False,3,2026-12-05,2026-12-06,False,-1,-8,-4,False,-4,True
CLM-2026-00079,2025-11-10,2026-10-14,2026-10-09,12,338,333,False,5,2026-11-10,2026-11-10,True,0,27,32,False,-5,True
CLM-2026-00249,2026-02-09,2026-06-28,2026-06-27,12,139,138,False,1,2027-02-09,2027-02-09,True,0,226,227,False,-1,True
CLM-2026-00947,2025-02-17,2025-04-29,2025-04-27,24,71,69,False,2,2027-02-17,2027-02-18,False,-1,659,662,False,-3,True
CLM-2026-00629,2026-01-11,2027-07-06,2027-07-01,12,541,536,False,5,2027-01-11,2027-01-12,False,-1,-176,-170,False,-6,True
CLM-2026-00438,2026-02-28,2026-10-23,2026-10-22,12,237,236,False,1,2027-02-28,2027-02-28,True,0,128,129,False,-1,True
CLM-2026-00546,2024-09-30,2025-01-10,2025-01-06,24,102,98,False,4,2026-09-30,2026-10-01,False,-1,628,633,False,-5,True
CLM-2026-00757,2025-06-18,2025-12-11,2025-12-06,12,176,171,False,5,2026-06-18,2026-06-19,False,-1,189,195,False,-6,True
CLM-2026-00724,2025-03-25,2025-05-30,2025-05-25,24,66,61,False,5,2027-03-25,2027-03-26,False,-1,664,670,False,-6,True
CLM-2026-00708,2024-09-14,2026-02-10,2026-02-05,12,514,509,False,5,2025-09-14,2025-09-15,False,-1,-149,-143,False,-6,True
CLM-2026-00275,2026-06-28,2026-09-05,2026-09-01,12,69,65,False,4,2027-06-28,2027-06-28,True,0,296,300,False,-4,True
CLM-2026-01426,2025-10-04,2028-07-08,2028-07-06,36,1008,1006,False,2,2028-10-04,2028-10-04,True,0,88,90,False,-2,True
CLM-2026-00031,2026-06-14,2026-12-01,2026-11-30,12,170,169,False,1,2027-06-14,2027-06-14,True,0,195,196,False,-1,True
CLM-2026-01323,2026-05-30,2026-10-20,2026-10-16,12,143,139,False,4,2027-05-30,2027-05-31,False,-1,222,227,False,-5,True
CLM-2026-00745,2025-01-19,2025-04-26,2025-04-24,12,97,95,False,2,2026-01-19,2026-01-20,False,-1,268,271,False,-3,True
CLM-2026-00224,2026-04-29,2027-12-01,2027-11-26,24,581,576,False,5,2028-04-29,2028-04-29,True,0,150,155,False,-5,True
CLM-2026-00427,2026-05-30,2026-08-18,2026-08-14,24,80,76,False,4,2028-05-30,2028-05-30,True,0,651,655,False,-4,True
CLM-2026-01058,2026-05-12,2026-09-05,2026-09-01,12,116,112,False,4,2027-05-12,2027-05-13,False,-1,249,254,False,-5,True
CLM-2026-01231,2026-07-08,2027-07-14,2027-07-10,12,371,367,False,4,2027-07-08,2027-07-09,False,-1,-6,-1,False,-5,True
CLM-2026-00041,2026-02-27,2026-05-02,2026-05-01,36,64,63,False,1,2029-02-27,2029-02-27,True,0,1032,1033,False,-1,True
CLM-2026-00173,2025-11-18,2025-12-16,2025-12-11,24,28,23,False,5,2027-11-18,2027-11-19,False,-1,702,708,False,-6,True
CLM-2026-00362,2025-10-02,2026-01-15,2026-01-11,24,105,101,False,4,2027-10-02,2027-10-02,True,0,625,629,False,-4,True
CLM-2026-01072,2026-04-15,2027-03-06,2027-03-01,12,325,320,False,5,2027-04-15,2027-04-16,False,-1,40,46,False,-6,True
CLM-2026-01018,2026-03-09,2028-02-09,2028-02-05,36,702,698,False,4,2029-03-09,2029-03-09,True,0,394,398,False,-4,True
CLM-2026-01346,2024-11-20,2025-11-18,2025-11-14,36,363,359,False,4,2027-11-20,2027-11-21,False,-1,732,737,False,-5,True
CLM-2026-00512,2025-07-05,2025-11-05,2025-09-17,24,123,74,False,49,2027-07-05,2027-07-06,False,-1,607,657,False,-50,True
CLM-2026-00005,2026-03-03,2026-11-27,2026-11-23,12,269,265,False,4,2027-03-03,2027-03-03,True,0,96,100,False,-4,True
CLM-2026-00367,2025-12-29,2026-07-22,2026-07-20,24,205,203,False,2,2027-12-29,2027-12-29,True,0,525,527,False,-2,True
CLM-2026-01214,2026-02-18,2026-12-31,2026-12-29,12,316,314,False,2,2027-02-18,2027-02-19,False,-1,49,52,False,-3,True
CLM-2026-00119,2026-05-12,2026-09-02,2026-08-28,24,113,108,False,5,2028-05-12,2028-05-11,False,1,618,622,False,-4,True
CLM-2026-01203,2026-07-03,2027-02-20,2027-02-16,24,232,228,False,4,2028-07-03,2028-07-03,True,0,499,503,False,-4,True
CLM-2026-01490,2024-11-14,2025-04-10,2025-04-08,24,147,145,False,2,2026-11-14,2026-11-15,False,-1,583,586,False,-3,True
CLM-2026-01221,2026-01-19,2026-11-21,2026-11-19,12,306,304,False,2,2027-01-19,2027-01-20,False,-1,59,62,False,-3,True
CLM-2026-01127,2025-10-27,2026-04-22,2026-04-18,12,177,173,False,4,2026-10-27,2026-10-28,False,-1,188,193,False,-5,True
CLM-2026-00028,2026-01-09,2026-09-27,2026-09-25,12,261,259,False,2,2027-01-09,2027-01-09,True,0,104,106,False,-2,True
CLM-2026-01032,2025-12-22,2027-04-27,2027-04-24,24,491,488,False,3,2027-12-22,2027-12-23,False,-1,239,243,False,-4,True
CLM-2026-00233,2026-05-14,2026-07-30,2026-07-25,12,77,72,False,5,2027-05-14,2027-05-15,False,-1,288,294,False,-6,True
CLM-2026-01106,2026-01-05,2027-05-31,2027-05-16,36,511,496,False,15,2029-01-05,2029-01-05,True,0,585,600,False,-15,True
CLM-2026-00440,2026-06-30,2028-03-16,2028-03-11,24,625,620,False,5,2028-06-30,2028-06-30,True,0,106,111,False,-5,True
CLM-2026-00655,2025-02-02,2025-06-09,2025-06-05,12,127,123,False,4,2026-02-02,2026-02-03,False,-1,238,243,False,-5,True
CLM-2026-00530,2025-02-11,2026-06-27,2026-06-25,12,501,499,False,2,2026-02-11,2026-02-12,False,-1,-136,-133,False,-3,True
CLM-2026-01156,2024-11-02,2026-10-16,2026-10-13,36,713,710,False,3,2027-11-02,2027-11-03,False,-1,382,386,False,-4,True
CLM-2026-01036,2026-05-25,2026-09-16,2026-09-14,12,114,112,False,2,2027-05-25,2027-05-26,False,-1,251,254,False,-3,True
CLM-2026-00357,2026-07-14,2027-04-27,2027-04-24,12,287,284,False,3,2027-07-14,2027-07-15,False,-1,78,82,False,-4,True
CLM-2026-01204,2026-04-01,2026-06-30,2026-06-21,24,90,81,False,9,2028-04-01,2028-04-01,True,0,641,650,False,-9,True
CLM-2026-01062,2026-06-22,2026-10-10,2026-10-06,12,110,106,False,4,2027-06-22,2027-06-23,False,-1,255,260,False,-5,True
CLM-2026-01465,2025-11-23,2026-10-23,2026-10-08,12,334,319,False,15,2026-11-23,2026-11-24,False,-1,31,47,False,-16,True
CLM-2026-01212,2026-01-15,2026-03-18,2026-03-14,12,62,58,False,4,2027-01-15,2027-01-16,False,-1,303,308,False,-5,True
CLM-2026-00729,2026-02-09,2026-06-19,2026-04-27,24,130,77,False,53,2028-02-09,2028-02-10,False,-1,600,654,False,-54,True
CLM-2026-00658,2025-01-02,2025-05-16,2025-05-10,12,134,128,False,6,2026-01-02,2026-01-03,False,-1,231,238,False,-7,True
CLM-2026-01499,2026-06-01,2027-06-06,2027-05-31,12,370,364,False,6,2027-06-01,2027-06-02,False,-1,-5,2,False,-7,True
CLM-2026-00088,2026-07-05,2026-12-25,2026-12-24,12,173,172,False,1,2027-07-05,2027-07-05,True,0,192,193,False,-1,True
CLM-2026-00436,2026-07-12,2027-02-02,2027-01-29,12,205,201,False,4,2027-07-12,2027-07-12,True,0,160,164,False,-4,True
CLM-2026-00826,2025-11-10,2027-04-15,2027-04-13,12,521,519,False,2,2026-11-10,2026-11-11,False,-1,-156,-153,False,-3,True
CLM-2026-00977,2026-01-24,2026-06-19,2026-06-14,12,146,141,False,5,2027-01-24,2027-01-25,False,-1,219,225,False,-6,True
CLM-2026-00767,2024-10-18,2025-01-04,2024-12-29,12,78,72,False,6,2025-10-18,2025-10-19,False,-1,287,294,False,-7,True
CLM-2026-00885,2025-09-23,2026-02-01,2025-12-05,12,131,73,False,58,2026-09-23,2026-09-24,False,-1,234,293,False,-59,True
CLM-2026-01131,2026-07-11,2027-07-05,2027-06-19,12,359,343,False,16,2027-07-11,2027-07-12,False,-1,6,23,False,-17,True
CLM-2026-00861,2025-12-08,2026-04-15,2026-01-12,12,128,35,False,93,2026-12-08,2026-12-09,False,-1,237,331,False,-94,True
CLM-2026-00952,2026-03-01,2026-06-20,2026-06-15,24,111,106,False,5,2028-03-01,2028-03-01,True,0,620,625,False,-5,True
CLM-2026-00802,2026-03-07,2028-06-08,2028-06-06,24,824,822,False,2,2028-03-07,2028-03-07,True,0,-93,-91,False,-2,True
CLM-2026-00507,2025-12-20,2026-02-14,2026-02-11,12,56,53,False,3,2026-12-20,2026-12-21,False,-1,309,313,False,-4,True
CLM-2026-01474,2026-04-23,2026-09-30,2026-09-28,36,160,158,False,2,2029-04-23,2029-04-23,True,0,936,938,False,-2,True
CLM-2026-01121,2025-03-28,2026-11-26,2026-11-24,24,608,606,False,2,2027-03-28,2027-03-29,False,-1,122,125,False,-3,True
CLM-2026-01179,2026-03-27,2027-10-22,2027-10-20,24,574,572,False,2,2028-03-27,2028-03-27,True,0,157,159,False,-2,True
CLM-2026-00632,2025-06-28,2025-10-03,2025-09-27,24,97,91,False,6,2027-06-28,2027-06-29,False,-1,633,640,False,-7,True
CLM-2026-01496,2026-07-24,2027-07-07,2027-06-23,12,348,334,False,14,2027-07-24,2027-07-25,False,-1,17,32,False,-15,True
CLM-2026-00389,2025-11-11,2026-05-22,2026-05-19,12,192,189,False,3,2026-11-11,2026-11-11,True,0,173,176,False,-3,True
CLM-2026-00187,2026-04-17,2026-07-05,2026-07-03,12,79,77,False,2,2027-04-17,2027-04-17,True,0,286,288,False,-2,True
CLM-2026-00682,2024-11-14,2026-01-07,2026-01-06,12,419,418,False,1,2025-11-14,2025-11-15,False,-1,-54,-52,False,-2,True
CLM-2026-00768,2025-06-02,2025-10-06,2025-10-01,12,126,121,False,5,2026-06-02,2026-06-03,False,-1,239,245,False,-6,True
CLM-2026-00577,2025-08-02,2025-12-09,2025-10-17,24,129,76,False,53,2027-08-02,2027-08-03,False,-1,601,655,False,-54,True
CLM-2026-00579,2024-10-25,2025-02-08,2025-02-05,36,106,103,False,3,2027-10-25,2027-10-26,False,-1,989,993,False,-4,True
CLM-2026-00653,2024-09-12,2024-10-20,2024-10-15,12,38,33,False,5,2025-09-12,2025-09-13,False,-1,327,333,False,-6,True
CLM-2026-01428,2025-02-01,2026-04-21,2026-04-19,24,444,442,False,2,2027-02-01,2027-02-02,False,-1,286,289,False,-3,True
CLM-2026-01016,2026-05-04,2026-06-13,2026-06-08,12,40,35,False,5,2027-05-04,2027-05-05,False,-1,325,331,False,-6,True
CLM-2026-00078,2026-06-01,2027-02-01,2027-01-27,12,245,240,False,5,2027-06-01,2027-06-02,False,-1,120,126,False,-6,True
CLM-2026-00761,2025-12-05,2026-04-27,2026-04-25,12,143,141,False,2,2026-12-05,2026-12-06,False,-1,222,225,False,-3,True
CLM-2026-00220,2026-03-19,2026-07-21,2026-07-17,12,124,120,False,4,2027-03-19,2027-03-19,True,0,241,245,False,-4,True
CLM-2026-00089,2026-04-18,2027-01-22,2027-01-19,12,279,276,False,3,2027-04-18,2027-04-19,False,-1,86,90,False,-4,True
CLM-2026-01038,2026-05-31,2026-10-19,2026-10-15,12,141,137,False,4,2027-05-31,2027-06-01,False,-1,224,229,False,-5,True
CLM-2026-00523,2026-03-05,2026-06-08,2026-06-06,24,95,93,False,2,2028-03-05,2028-03-05,True,0,636,638,False,-2,True
CLM-2026-01483,2026-06-29,2027-05-30,2027-05-27,12,335,332,False,3,2027-06-29,2027-06-30,False,-1,30,34,False,-4,True
CLM-2026-01482,2026-03-30,2027-04-09,2027-04-06,12,375,372,False,3,2027-03-30,2027-03-31,False,-1,-10,-6,False,-4,True
CLM-2026-01456,2026-07-06,2027-10-26,2027-10-22,36,477,473,False,4,2029-07-06,2029-07-06,True,0,619,623,False,-4,True
CLM-2026-00100,2026-01-29,2027-01-30,2027-01-28,24,366,364,False,2,2028-01-29,2028-01-30,False,-1,364,367,False,-3,True
CLM-2026-00756,2024-12-27,2025-03-20,2025-03-18,24,83,81,False,2,2026-12-27,2026-12-28,False,-1,647,650,False,-3,True
CLM-2026-00309,2026-07-14,2026-08-19,2026-08-15,12,36,32,False,4,2027-07-14,2027-07-15,False,-1,329,334,False,-5,True
CLM-2026-00205,2026-03-02,2026-06-19,2026-06-14,12,109,104,False,5,2027-03-02,2027-03-02,True,0,256,261,False,-5,True
CLM-2026-01040,2026-07-20,2026-09-25,2026-09-22,12,67,64,False,3,2027-07-20,2027-07-21,False,-1,298,302,False,-4,True
CLM-2026-00619,2025-09-28,2026-01-29,2026-01-24,36,123,118,False,5,2028-09-28,2028-09-28,True,0,973,978,False,-5,True
CLM-2026-00987,2024-10-18,2025-02-17,2025-02-14,36,122,119,False,3,2027-10-18,2027-10-19,False,-1,973,977,False,-4,True
CLM-2026-01135,2025-04-21,2025-09-19,2025-09-04,36,151,136,False,15,2028-04-21,2028-04-21,True,0,945,960,False,-15,True
CLM-2026-00646,2025-09-29,2025-11-19,2025-11-17,12,51,49,False,2,2026-09-29,2026-09-30,False,-1,314,317,False,-3,True
CLM-2026-01150,2025-09-30,2025-10-26,2025-10-22,12,26,22,False,4,2026-09-30,2026-10-01,False,-1,339,344,False,-5,True
CLM-2026-01363,2026-01-03,2029-01-05,2029-01-04,36,1098,1097,False,1,2029-01-03,2029-01-03,True,0,-2,-1,False,-1,True
CLM-2026-01052,2025-12-15,2026-12-17,2026-12-11,12,367,361,False,6,2026-12-15,2026-12-16,False,-1,-2,5,False,-7,True
CLM-2026-00481,2026-06-06,2026-07-15,2026-07-10,12,39,34,False,5,2027-06-06,2027-06-07,False,-1,326,332,False,-6,True
CLM-2026-01028,2025-12-22,2026-12-25,2026-12-22,12,368,365,False,3,2026-12-22,2026-12-23,False,-1,-3,1,False,-4,True
CLM-2026-01317,2025-04-30,2027-04-16,2027-04-11,24,716,711,False,5,2027-04-30,2027-05-01,False,-1,14,20,False,-6,True
CLM-2026-00495,2026-01-10,2026-04-27,2026-04-23,12,107,103,False,4,2027-01-10,2027-01-10,True,0,258,262,False,-4,True
CLM-2026-00352,2026-03-10,2026-11-02,2026-10-28,12,237,232,False,5,2027-03-10,2027-03-11,False,-1,128,134,False,-6,True
CLM-2026-01298,2026-01-06,2026-03-15,2026-03-10,12,68,63,False,5,2027-01-06,2027-01-07,False,-1,297,303,False,-6,True
CLM-2026-00675,2025-04-15,2025-11-12,2025-07-17,12,211,93,False,118,2026-04-15,2026-04-16,False,-1,154,273,False,-119,True
CLM-2026-01291,2026-04-06,2026-12-10,2026-12-05,12,248,243,False,5,2027-04-06,2027-04-07,False,-1,117,123,False,-6,True
CLM-2026-00613,2024-09-19,2025-01-26,2024-12-07,12,129,79,False,50,2025-09-19,2025-09-20,False,-1,236,287,False,-51,True
CLM-2026-00714,2025-01-28,2025-07-15,2025-04-24,12,168,86,False,82,2026-01-28,2026-01-29,False,-1,197,280,False,-83,True
CLM-2026-01205,2025-03-23,2025-06-10,2025-06-06,24,79,75,False,4,2027-03-23,2027-03-24,False,-1,651,656,False,-5,True
CLM-2026-00456,2026-01-23,2026-04-26,2026-04-25,12,93,92,False,1,2027-01-23,2027-01-24,False,-1,272,274,False,-2,True
CLM-2026-00806,2026-02-16,2026-06-21,2026-06-19,24,125,123,False,2,2028-02-16,2028-02-17,False,-1,605,608,False,-3,True
CLM-2026-00906,2026-01-22,2027-07-04,2027-06-27,12,528,521,False,7,2027-01-22,2027-01-23,False,-1,-163,-155,False,-8,True
CLM-2026-00204,2026-01-04,2026-10-29,2026-10-26,12,298,295,False,3,2027-01-04,2027-01-05,False,-1,67,71,False,-4,True
CLM-2026-00090,2026-07-28,2026-11-13,2026-11-08,36,108,103,False,5,2029-07-28,2029-07-27,False,1,988,992,False,-4,True
CLM-2026-00758,2025-11-20,2026-02-07,2026-02-05,24,79,77,False,2,2027-11-20,2027-11-21,False,-1,651,654,False,-3,True
CLM-2026-00581,2026-01-18,2027-04-10,2027-04-07,12,447,444,False,3,2027-01-18,2027-01-19,False,-1,-82,-78,False,-4,True
CLM-2026-01077,2026-05-02,2026-09-30,2026-09-26,12,151,147,False,4,2027-05-02,2027-05-03,False,-1,214,219,False,-5,True
CLM-2026-00189,2026-06-12,2026-08-21,2026-08-20,12,70,69,False,1,2027-06-12,2027-06-13,False,-1,295,297,False,-2,True
CLM-2026-00122,2026-01-24,2026-08-21,2026-08-19,12,209,207,False,2,2027-01-24,2027-01-25,False,-1,156,159,False,-3,True
CLM-2026-00346,2025-11-26,2026-09-13,2026-09-10,12,291,288,False,3,2026-11-26,2026-11-27,False,-1,74,78,False,-4,True
CLM-2026-00609,2025-10-29,2026-03-16,2026-03-15,12,138,137,False,1,2026-10-29,2026-10-30,False,-1,227,229,False,-2,True
CLM-2026-01092,2026-04-27,2026-06-12,2026-05-28,12,46,31,False,15,2027-04-27,2027-04-28,False,-1,319,335,False,-16,True
CLM-2026-00574,2025-08-22,2026-01-16,2026-01-15,12,147,146,False,1,2026-08-22,2026-08-23,False,-1,218,220,False,-2,True
CLM-2026-00085,2026-02-02,2026-03-29,2026-03-24,12,55,50,False,5,2027-02-02,2027-02-03,False,-1,310,316,False,-6,True
CLM-2026-00851,2026-03-01,2026-08-11,2026-05-27,12,163,87,False,76,2027-03-01,2027-03-02,False,-1,202,279,False,-77,True
CLM-2026-01378,2026-01-03,2026-08-07,2026-08-02,12,216,211,False,5,2027-01-03,2027-01-04,False,-1,149,155,False,-6,True
CLM-2026-00235,2026-08-07,2027-03-24,2027-03-20,12,229,225,False,4,2027-08-07,2027-08-07,True,0,136,140,False,-4,True
CLM-2026-00277,2026-03-17,2027-02-05,2027-02-02,12,325,322,False,3,2027-03-17,2027-03-18,False,-1,40,44,False,-4,True
CLM-2026-00810,2025-11-03,2026-02-08,2025-11-30,12,97,27,False,70,2026-11-03,2026-11-04,False,-1,268,339,False,-71,True
CLM-2026-00092,2025-12-16,2026-09-29,2026-09-25,24,287,283,False,4,2027-12-16,2027-12-16,True,0,443,447,False,-4,True
CLM-2026-00593,2025-11-09,2026-04-26,2026-04-22,12,168,164,False,4,2026-11-09,2026-11-10,False,-1,197,202,False,-5,True
CLM-2026-00644,2025-04-19,2025-07-03,2025-07-02,12,75,74,False,1,2026-04-19,2026-04-20,False,-1,290,292,False,-2,True
CLM-2026-01088,2026-04-28,2027-04-30,2027-04-26,12,367,363,False,4,2027-04-28,2027-04-29,False,-1,-2,3,False,-5,True
CLM-2026-00674,2024-12-06,2025-04-01,2025-03-30,12,116,114,False,2,2025-12-06,2025-12-07,False,-1,249,252,False,-3,True
CLM-2026-01227,2024-12-02,2026-09-06,2026-08-25,36,643,631,False,12,2027-12-02,2027-12-03,False,-1,452,465,False,-13,True
CLM-2026-00898,2025-08-20,2025-10-05,2025-10-03,24,46,44,False,2,2027-08-20,2027-08-21,False,-1,684,687,False,-3,True
CLM-2026-00157,2026-05-14,2026-12-21,2026-12-17,12,221,217,False,4,2027-05-14,2027-05-14,True,0,144,148,False,-4,True
CLM-2026-00301,2026-02-11,2027-01-03,2026-12-31,12,326,323,False,3,2027-02-11,2027-02-12,False,-1,39,43,False,-4,True
CLM-2026-01166,2026-03-24,2027-03-05,2027-03-03,12,346,344,False,2,2027-03-24,2027-03-25,False,-1,19,22,False,-3,True
CLM-2026-00886,2025-12-03,2026-03-25,2026-03-19,12,112,106,False,6,2026-12-03,2026-12-04,False,-1,253,260,False,-7,True
CLM-2026-00410,2026-07-29,2027-04-29,2027-04-30,12,274,275,False,-1,2027-07-29,2027-07-30,False,-1,91,91,True,0,True
CLM-2026-00974,2025-05-17,2025-11-14,2025-11-10,12,181,177,False,4,2026-05-17,2026-05-18,False,-1,184,189,False,-5,True
CLM-2026-01261,2026-03-25,2027-03-30,2027-03-23,12,370,363,False,7,2027-03-25,2027-03-26,False,-1,-5,3,False,-8,True
CLM-2026-00313,2025-11-29,2026-10-29,2026-10-26,12,334,331,False,3,2026-11-29,2026-11-29,True,0,31,34,False,-3,True
CLM-2026-00961,2024-12-27,2025-03-09,2025-03-05,12,72,68,False,4,2025-12-27,2025-12-28,False,-1,293,298,False,-5,True
CLM-2026-01157,2025-09-22,2026-03-05,2026-02-17,24,164,148,False,16,2027-09-22,2027-09-23,False,-1,566,583,False,-17,True
CLM-2026-00397,2026-01-15,2026-03-01,2026-02-24,12,45,40,False,5,2027-01-15,2027-01-15,True,0,320,325,False,-5,True
CLM-2026-00645,2025-07-18,2025-11-19,2025-11-15,24,124,120,False,4,2027-07-18,2027-07-19,False,-1,606,611,False,-5,True
CLM-2026-01241,2025-11-13,2026-11-22,2026-11-20,12,374,372,False,2,2026-11-13,2026-11-14,False,-1,-9,-6,False,-3,True
CLM-2026-00787,2025-08-16,2025-11-16,2025-11-14,12,92,90,False,2,2026-08-16,2026-08-17,False,-1,273,276,False,-3,True
CLM-2026-01210,2025-05-04,2026-02-15,2026-02-13,24,287,285,False,2,2027-05-04,2027-05-05,False,-1,443,446,False,-3,True
CLM-2026-00126,2026-04-05,2027-03-05,2027-03-01,12,334,330,False,4,2027-04-05,2027-04-05,True,0,31,35,False,-4,True
CLM-2026-00176,2025-11-21,2026-01-06,2026-01-03,12,46,43,False,3,2026-11-21,2026-11-21,True,0,319,322,False,-3,True
CLM-2026-00368,2026-06-09,2026-09-25,2026-09-23,24,108,106,False,2,2028-06-09,2028-06-09,True,0,623,625,False,-2,True
CLM-2026-00904,2025-11-22,2026-05-06,2026-04-30,12,165,159,False,6,2026-11-22,2026-11-23,False,-1,200,207,False,-7,True
CLM-2026-01078,2026-07-17,2027-03-20,2027-03-16,12,246,242,False,4,2027-07-17,2027-07-18,False,-1,119,124,False,-5,True
CLM-2026-00671,2025-12-07,2026-03-04,2026-03-03,12,87,86,False,1,2026-12-07,2026-12-08,False,-1,278,280,False,-2,True
CLM-2026-00978,2025-07-24,2025-10-07,2025-08-20,12,75,27,False,48,2026-07-24,2026-07-25,False,-1,290,339,False,-49,True
CLM-2026-01254,2026-01-27,2027-01-30,2027-01-23,12,368,361,False,7,2027-01-27,2027-01-28,False,-1,-3,5,False,-8,True
CLM-2026-01319,2026-01-05,2026-05-24,2026-05-22,12,139,137,False,2,2027-01-05,2027-01-06,False,-1,226,229,False,-3,True
CLM-2026-01026,2025-02-13,2027-10-10,2027-09-24,36,969,953,False,16,2028-02-13,2028-02-14,False,-1,126,143,False,-17,True
CLM-2026-00229,2025-11-22,2027-06-11,2027-06-06,24,566,561,False,5,2027-11-22,2027-11-23,False,-1,164,170,False,-6,True
CLM-2026-00200,2025-11-04,2026-08-27,2026-08-25,12,296,294,False,2,2026-11-04,2026-11-05,False,-1,69,72,False,-3,True
CLM-2026-01253,2026-06-07,2027-06-09,2027-06-06,12,367,364,False,3,2027-06-07,2027-06-08,False,-1,-2,2,False,-4,True
CLM-2026-00816,2025-08-13,2025-12-15,2025-12-11,12,124,120,False,4,2026-08-13,2026-08-14,False,-1,241,246,False,-5,True
CLM-2026-00905,2024-08-06,2024-10-10,2024-10-05,12,65,60,False,5,2025-08-06,2025-08-07,False,-1,300,306,False,-6,True
CLM-2026-00657,2025-06-04,2025-08-30,2025-08-29,12,87,86,False,1,2026-06-04,2026-06-05,False,-1,278,280,False,-2,True
CLM-2026-00070,2025-11-25,2026-08-04,2026-07-30,12,252,247,False,5,2026-11-25,2026-11-26,False,-1,113,119,False,-6,True
CLM-2026-01183,2026-03-12,2026-07-19,2026-07-14,12,129,124,False,5,2027-03-12,2027-03-13,False,-1,236,242,False,-6,True
CLM-2026-00594,2025-06-26,2025-10-19,2025-10-13,36,115,109,False,6,2028-06-26,2028-06-26,True,0,981,987,False,-6,True
CLM-2026-00444,2026-03-07,2026-05-03,2026-05-02,12,57,56,False,1,2027-03-07,2027-03-08,False,-1,308,310,False,-2,True
CLM-2026-00605,2025-03-20,2025-07-17,2025-07-15,12,119,117,False,2,2026-03-20,2026-03-21,False,-1,246,249,False,-3,True
CLM-2026-00247,2026-01-01,2026-01-21,2026-01-19,12,20,18,False,2,2027-01-01,2027-01-02,False,-1,345,348,False,-3,True
CLM-2026-01063,2026-07-12,2026-10-28,2026-10-25,12,108,105,False,3,2027-07-12,2027-07-13,False,-1,257,261,False,-4,True
CLM-2026-00478,2026-03-18,2027-01-14,2027-01-09,24,302,297,False,5,2028-03-18,2028-03-18,True,0,429,434,False,-5,True
CLM-2026-00148,2026-05-24,2026-12-26,2026-12-21,12,216,211,False,5,2027-05-24,2027-05-25,False,-1,149,155,False,-6,True
CLM-2026-00631,2024-10-27,2024-11-19,2024-11-14,12,23,18,False,5,2025-10-27,2025-10-28,False,-1,342,348,False,-6,True
CLM-2026-00681,2025-01-26,2025-07-15,2025-04-25,12,170,89,False,81,2026-01-26,2026-01-27,False,-1,195,277,False,-82,True
CLM-2026-01380,2026-02-08,2026-05-15,2026-05-10,12,96,91,False,5,2027-02-08,2027-02-09,False,-1,269,275,False,-6,True
CLM-2026-00957,2026-01-05,2026-04-29,2026-04-27,24,114,112,False,2,2028-01-05,2028-01-06,False,-1,616,619,False,-3,True
CLM-2026-00496,2025-12-22,2026-10-26,2026-10-21,12,308,303,False,5,2026-12-22,2026-12-23,False,-1,57,63,False,-6,True
CLM-2026-00063,2025-10-30,2026-09-19,2026-09-16,12,324,321,False,3,2026-10-30,2026-10-30,True,0,41,44,False,-3,True
CLM-2026-00004,2026-04-26,2026-06-17,2026-06-12,12,52,47,False,5,2027-04-26,2027-04-27,False,-1,313,319,False,-6,True
CLM-2026-00492,2026-01-12,2026-06-15,2026-06-13,24,154,152,False,2,2028-01-12,2028-01-13,False,-1,576,579,False,-3,True
CLM-2026-00673,2026-02-06,2026-06-02,2026-05-27,12,116,110,False,6,2027-02-06,2027-02-07,False,-1,249,256,False,-7,True
CLM-2026-00972,2026-02-03,2026-05-26,2026-04-07,24,112,63,False,49,2028-02-03,2028-02-04,False,-1,618,668,False,-50,True
CLM-2026-01453,2026-06-06,2026-09-12,2026-09-08,12,98,94,False,4,2027-06-06,2027-06-07,False,-1,267,272,False,-5,True
CLM-2026-00549,2026-02-13,2026-04-01,2026-03-30,24,47,45,False,2,2028-02-13,2028-02-14,False,-1,683,686,False,-3,True
CLM-2026-00912,2024-08-03,2025-12-04,2025-12-03,12,488,487,False,1,2025-08-03,2025-08-04,False,-1,-123,-121,False,-2,True
CLM-2026-00455,2026-06-09,2027-04-13,2027-04-09,12,308,304,False,4,2027-06-09,2027-06-10,False,-1,57,62,False,-5,True
CLM-2026-00487,2026-06-05,2026-07-30,2026-07-27,12,55,52,False,3,2027-06-05,2027-06-05,True,0,310,313,False,-3,True
CLM-2026-00142,2026-01-04,2026-03-25,2026-03-22,12,80,77,False,3,2027-01-04,2027-01-04,True,0,285,288,False,-3,True
CLM-2026-00068,2026-05-17,2027-02-13,2027-02-12,12,272,271,False,1,2027-05-17,2027-05-17,True,0,93,94,False,-1,True
CLM-2026-01226,2026-03-29,2028-04-03,2028-03-31,24,736,733,False,3,2028-03-29,2028-03-29,True,0,-5,-2,False,-3,True
CLM-2026-00814,2025-09-29,2026-04-24,2026-01-05,12,207,98,False,109,2026-09-29,2026-09-30,False,-1,158,268,False,-110,True
CLM-2026-00484,2026-04-21,2026-11-01,2026-10-29,24,194,191,False,3,2028-04-21,2028-04-21,True,0,537,540,False,-3,True
CLM-2026-00135,2026-05-18,2026-10-25,2026-10-23,12,160,158,False,2,2027-05-18,2027-05-19,False,-1,205,208,False,-3,True
CLM-2026-00980,2025-12-25,2027-06-12,2027-06-07,12,534,529,False,5,2026-12-25,2026-12-26,False,-1,-169,-163,False,-6,True
CLM-2026-00901,2025-11-23,2026-03-27,2025-12-22,12,124,29,False,95,2026-11-23,2026-11-24,False,-1,241,337,False,-96,True
CLM-2026-01305,2026-02-24,2026-10-22,2026-10-18,12,240,236,False,4,2027-02-24,2027-02-25,False,-1,125,130,False,-5,True
CLM-2026-01098,2025-08-05,2027-08-08,2027-08-05,24,733,730,False,3,2027-08-05,2027-08-06,False,-1,-3,1,False,-4,True
CLM-2026-00394,2026-01-25,2026-08-28,2026-08-25,12,215,212,False,3,2027-01-25,2027-01-25,True,0,150,153,False,-3,True
CLM-2026-01002,2026-05-06,2027-04-11,2027-04-02,12,340,331,False,9,2027-05-06,2027-05-07,False,-1,25,35,False,-10,True
CLM-2026-01442,2026-02-02,2027-01-11,2027-01-07,12,343,339,False,4,2027-02-02,2027-02-03,False,-1,22,27,False,-5,True
CLM-2026-01392,2026-05-24,2027-06-02,2027-05-31,12,374,372,False,2,2027-05-24,2027-05-25,False,-1,-9,-6,False,-3,True
CLM-2026-01158,2025-12-20,2026-01-11,2026-01-09,12,22,20,False,2,2026-12-20,2026-12-21,False,-1,343,346,False,-3,True
CLM-2026-00250,2026-03-13,2027-10-02,2027-09-29,24,568,565,False,3,2028-03-13,2028-03-13,True,0,163,166,False,-3,True
CLM-2026-00983,2026-01-20,2026-07-08,2026-07-03,12,169,164,False,5,2027-01-20,2027-01-21,False,-1,196,202,False,-6,True
CLM-2026-00454,2025-11-18,2026-07-08,2026-07-04,36,232,228,False,4,2028-11-18,2028-11-17,False,1,864,867,False,-3,True
CLM-2026-01013,2026-04-14,2028-01-04,2027-12-31,24,630,626,False,4,2028-04-14,2028-04-14,True,0,101,105,False,-4,True
CLM-2026-00082,2026-04-04,2026-07-23,2026-07-20,12,110,107,False,3,2027-04-04,2027-04-04,True,0,255,258,False,-3,True
CLM-2026-00511,2025-02-12,2025-04-28,2025-04-24,12,75,71,False,4,2026-02-12,2026-02-13,False,-1,290,295,False,-5,True
CLM-2026-00384,2026-08-08,2027-04-20,2027-04-17,12,255,252,False,3,2027-08-08,2027-08-08,True,0,110,113,False,-3,True
CLM-2026-00779,2025-05-30,2027-02-02,2027-01-26,12,613,606,False,7,2026-05-30,2026-05-31,False,-1,-248,-240,False,-8,True
CLM-2026-01267,2025-03-10,2026-11-01,2026-10-27,24,601,596,False,5,2027-03-10,2027-03-11,False,-1,129,135,False,-6,True
CLM-2026-00913,2024-08-14,2024-12-11,2024-12-10,12,119,118,False,1,2025-08-14,2025-08-15,False,-1,246,248,False,-2,True
CLM-2026-01382,2026-02-09,2026-08-30,2026-08-25,12,202,197,False,5,2027-02-09,2027-02-10,False,-1,163,169,False,-6,True
CLM-2026-00407,2026-07-10,2026-08-07,2026-08-03,12,28,24,False,4,2027-07-10,2027-07-10,True,0,337,341,False,-4,True
CLM-2026-01334,2026-06-05,2027-04-26,2027-04-22,12,325,321,False,4,2027-06-05,2027-06-06,False,-1,40,45,False,-5,True
